neuron_id,neuron_type,score,session_name
1069,SIR,0.15280750477617006,hamilton_01
1070,SIR,0.39766998771081064,hamilton_01
1071,SIR,0.12670369740004028,hamilton_01
1072,SIR,0.42469214348452955,hamilton_01
1074,SIR,0.4957060392273803,hamilton_01
1075,SIR,0.4753100716069335,hamilton_01
1076,SIR,0.5355592969950015,hamilton_01
1077,SIR,0.7664429164069592,hamilton_01
1078,SIR,0.08696120014133286,hamilton_01
1079,SIR,0.4368494087678987,hamilton_01
1080,SIR,0.7158496344992114,hamilton_01
1081,SIR,0.01947696126575462,hamilton_01
1082,SIR,0.43748300773209003,hamilton_01
1084,SIR,0.15937988480263027,hamilton_01
1085,SIR,0.30225904277204385,hamilton_01
1086,SIR,0.4327982443261428,hamilton_01
1087,SIR,0.2432041237407903,hamilton_01
1069,FF,0.17738225837220728,hamilton_01
1070,FF,0.4982167261701379,hamilton_01
1071,FF,0.13711892267486955,hamilton_01
1072,FF,0.4467579092231763,hamilton_01
1074,FF,0.5909333771419574,hamilton_01
1075,FF,0.5406733867338223,hamilton_01
1076,FF,0.5650757713441579,hamilton_01
1077,FF,0.7970486670003281,hamilton_01
1078,FF,0.08947098173472239,hamilton_01
1079,FF,0.4712431698816558,hamilton_01
1080,FF,0.7623905248591564,hamilton_01
1081,FF,0.022293137590175684,hamilton_01
1082,FF,0.49631975397570505,hamilton_01
1084,FF,0.2628793940283547,hamilton_01
1085,FF,0.4452804957120408,hamilton_01
1086,FF,0.5668245181489076,hamilton_01
1087,FF,0.3126344188244081,hamilton_01
1069,SR,0.14815565883810838,hamilton_01
1070,SR,0.46052503736895084,hamilton_01
1071,SR,0.08278538134350359,hamilton_01
1072,SR,0.3871800680115848,hamilton_01
1074,SR,0.48870384330416494,hamilton_01
1075,SR,0.4888937272622959,hamilton_01
1076,SR,0.5221737848176045,hamilton_01
1077,SR,0.641489804323855,hamilton_01
1078,SR,0.0467847128293396,hamilton_01
1079,SR,0.3561551305851072,hamilton_01
1080,SR,0.6320194181574357,hamilton_01
1081,SR,0.050644465131524985,hamilton_01
1082,SR,0.44084445102145475,hamilton_01
1084,SR,0.24972513806059107,hamilton_01
1085,SR,0.4439040233061878,hamilton_01
1086,SR,0.531771076944729,hamilton_01
1087,SR,0.2913560252399302,hamilton_01
1088,SIR,0.4536190297791916,hamilton_02
1089,SIR,0.3136835000065332,hamilton_02
1093,SIR,0.43347635754413993,hamilton_02
1094,SIR,0.541899387106375,hamilton_02
1095,SIR,0.6507669869315265,hamilton_02
1096,SIR,0.3583088504118077,hamilton_02
1098,SIR,0.3960546187896916,hamilton_02
1099,SIR,0.5230600926271654,hamilton_02
1100,SIR,0.5581819478696364,hamilton_02
1102,SIR,0.8161343150595805,hamilton_02
1103,SIR,0.41152791966141056,hamilton_02
1104,SIR,0.5699385091494915,hamilton_02
1105,SIR,0.15443218477084011,hamilton_02
1106,SIR,0.6984441865060607,hamilton_02
1107,SIR,0.6442621260729231,hamilton_02
1108,SIR,-0.019445066464730522,hamilton_02
1109,SIR,-0.04513997969803083,hamilton_02
1110,SIR,0.6670459140877516,hamilton_02
1111,SIR,0.47054387883204624,hamilton_02
1088,FF,0.4675088021906763,hamilton_02
1089,FF,0.3443058254859609,hamilton_02
1093,FF,0.4448617668947846,hamilton_02
1094,FF,0.5750753762349714,hamilton_02
1095,FF,0.8093597531964207,hamilton_02
1096,FF,0.4106330761822027,hamilton_02
1098,FF,0.46435121545564473,hamilton_02
1099,FF,0.5481566030953786,hamilton_02
1100,FF,0.6057609522251852,hamilton_02
1102,FF,0.817248889599521,hamilton_02
1103,FF,0.43769304324049124,hamilton_02
1104,FF,0.5749587116640058,hamilton_02
1105,FF,0.19323909054295674,hamilton_02
1106,FF,0.7522101017519047,hamilton_02
1107,FF,0.746795856663155,hamilton_02
1108,FF,-0.03019737568166727,hamilton_02
1109,FF,-0.13839582466841055,hamilton_02
1110,FF,0.6847581419224962,hamilton_02
1111,FF,0.5810798389511163,hamilton_02
1088,SR,0.36402044895088287,hamilton_02
1089,SR,0.28298749732846157,hamilton_02
1093,SR,0.309222357155195,hamilton_02
1094,SR,0.49818735265116887,hamilton_02
1095,SR,0.7829806907570844,hamilton_02
1096,SR,0.4076905077358216,hamilton_02
1098,SR,0.39003394661935414,hamilton_02
1099,SR,0.4451764654718319,hamilton_02
1100,SR,0.5074301041619632,hamilton_02
1102,SR,0.706515402556558,hamilton_02
1103,SR,0.40342026621341953,hamilton_02
1104,SR,0.5559571784899132,hamilton_02
1105,SR,0.14961578525450464,hamilton_02
1106,SR,0.7398107429254903,hamilton_02
1107,SR,0.7086454438112145,hamilton_02
1108,SR,0.0019778767219039706,hamilton_02
1109,SR,-0.15418634625133404,hamilton_02
1110,SR,0.5322506657597195,hamilton_02
1111,SR,0.5644927565436653,hamilton_02
1143,SIR,0.4276615624241261,hamilton_13
1144,SIR,0.7061640623738124,hamilton_13
1145,SIR,0.7572224250947281,hamilton_13
1146,SIR,0.26219504507602787,hamilton_13
1147,SIR,0.12364420512649535,hamilton_13
1148,SIR,0.8087137205012149,hamilton_13
1149,SIR,0.8889690722015174,hamilton_13
1150,SIR,0.7182365510482914,hamilton_13
1151,SIR,0.34001726343800787,hamilton_13
1152,SIR,0.19475462978520697,hamilton_13
1153,SIR,0.5999752846724983,hamilton_13
1154,SIR,0.32083467963433077,hamilton_13
1155,SIR,0.9069018434175635,hamilton_13
1156,SIR,0.7731844507269413,hamilton_13
1157,SIR,0.6586179391811642,hamilton_13
1158,SIR,0.8160894782164047,hamilton_13
1159,SIR,0.29507045938240495,hamilton_13
1161,SIR,0.8120539489173073,hamilton_13
1162,SIR,0.6839647823284012,hamilton_13
1164,SIR,0.6139140543015857,hamilton_13
1143,FF,0.4266825923008414,hamilton_13
1144,FF,0.7105131646410295,hamilton_13
1145,FF,0.7693215370946456,hamilton_13
1146,FF,0.25586319185121664,hamilton_13
1147,FF,0.1624480095465175,hamilton_13
1148,FF,0.7292165515314922,hamilton_13
1149,FF,0.8918688166895132,hamilton_13
1150,FF,0.7113286099917063,hamilton_13
1151,FF,0.3280154622506572,hamilton_13
1152,FF,0.20711287256414002,hamilton_13
1153,FF,0.615390176287824,hamilton_13
1154,FF,0.3258849960497656,hamilton_13
1155,FF,0.9053476571808208,hamilton_13
1156,FF,0.7704922503693915,hamilton_13
1157,FF,0.6551893931899937,hamilton_13
1158,FF,0.8137667082596701,hamilton_13
1159,FF,0.2838713242592391,hamilton_13
1161,FF,0.8189129804429797,hamilton_13
1162,FF,0.6813927476993829,hamilton_13
1164,FF,0.6069879350499883,hamilton_13
1143,SR,0.3703984381532159,hamilton_13
1144,SR,0.5248538051471172,hamilton_13
1145,SR,0.646593282054862,hamilton_13
1146,SR,0.14805867586369068,hamilton_13
1147,SR,0.2185075974565655,hamilton_13
1148,SR,0.7940816509312932,hamilton_13
1149,SR,0.8352988223907494,hamilton_13
1150,SR,0.6821382122232156,hamilton_13
1151,SR,0.18326117156757443,hamilton_13
1152,SR,0.09735093254906116,hamilton_13
1153,SR,0.5372608502173093,hamilton_13
1154,SR,0.2805381121136459,hamilton_13
1155,SR,0.9030118143535422,hamilton_13
1156,SR,0.6991312515358481,hamilton_13
1157,SR,0.5660861049592395,hamilton_13
1158,SR,0.7807189125405424,hamilton_13
1159,SR,0.13195246751964193,hamilton_13
1161,SR,0.6411424849570097,hamilton_13
1162,SR,0.41964582132254424,hamilton_13
1164,SR,0.248584495383459,hamilton_13
1165,SIR,-0.03402805696033599,hamilton_14
1166,SIR,-0.00048434617939228095,hamilton_14
1167,SIR,-0.0049068318297313725,hamilton_14
1168,SIR,0.1996044441737594,hamilton_14
1170,SIR,0.03856008689719572,hamilton_14
1171,SIR,0.06518145840801637,hamilton_14
1172,SIR,0.11299060404546941,hamilton_14
1173,SIR,0.38804720034054485,hamilton_14
1174,SIR,0.06932325360721743,hamilton_14
1175,SIR,0.39311321453774467,hamilton_14
1165,FF,0.019326167928917413,hamilton_14
1166,FF,0.08623028903786925,hamilton_14
1167,FF,0.002311079366193192,hamilton_14
1168,FF,0.3145763880921585,hamilton_14
1170,FF,0.25041706628819077,hamilton_14
1171,FF,0.3916116270856473,hamilton_14
1172,FF,0.11387825336052679,hamilton_14
1173,FF,0.49786064198334834,hamilton_14
1174,FF,0.32191776599395233,hamilton_14
1175,FF,0.5471312277971153,hamilton_14
1165,SR,0.010662993942630438,hamilton_14
1166,SR,0.0639743354366858,hamilton_14
1167,SR,-0.022300629775454394,hamilton_14
1168,SR,0.1712150580141369,hamilton_14
1170,SR,0.24770252872512968,hamilton_14
1171,SR,0.3884401671669182,hamilton_14
1172,SR,0.049004531263899496,hamilton_14
1173,SR,0.22273123855382834,hamilton_14
1174,SR,0.29846162389565745,hamilton_14
1175,SR,0.221930227352108,hamilton_14
1247,SIR,0.34359775185245917,hamilton_23
1249,SIR,-0.002383731726647609,hamilton_23
1250,SIR,0.17782888015570902,hamilton_23
1251,SIR,0.08122251699240579,hamilton_23
1254,SIR,0.02166362807724407,hamilton_23
1255,SIR,0.1513281507743407,hamilton_23
1258,SIR,0.061349739198782574,hamilton_23
1260,SIR,-0.021252187901270682,hamilton_23
1261,SIR,0.7387898135613158,hamilton_23
1263,SIR,0.2668496722244864,hamilton_23
1264,SIR,0.5347436983200258,hamilton_23
1265,SIR,0.45768967114438774,hamilton_23
1266,SIR,0.20780280914538282,hamilton_23
1267,SIR,0.5513384042022504,hamilton_23
1269,SIR,0.8256369300909657,hamilton_23
1270,SIR,0.3734905882020768,hamilton_23
1271,SIR,0.4816608763538305,hamilton_23
1272,SIR,0.6155998467262402,hamilton_23
1273,SIR,0.10000801257870304,hamilton_23
1274,SIR,0.38029090813484345,hamilton_23
1276,SIR,0.7288023984966643,hamilton_23
1277,SIR,0.44372020492584446,hamilton_23
1278,SIR,-0.059562103462819274,hamilton_23
1279,SIR,-0.04943940203956152,hamilton_23
1280,SIR,0.3146217912196028,hamilton_23
1281,SIR,0.23415427318395796,hamilton_23
1282,SIR,-0.027181710777239833,hamilton_23
1283,SIR,0.21418045818733883,hamilton_23
1284,SIR,0.5276573911118506,hamilton_23
1285,SIR,0.7799484443194321,hamilton_23
1286,SIR,-0.0338119375031368,hamilton_23
1287,SIR,0.1339177557484413,hamilton_23
1288,SIR,0.30755458725109097,hamilton_23
1289,SIR,0.2805224859778163,hamilton_23
1291,SIR,0.14737519722242826,hamilton_23
1292,SIR,0.061300584788394064,hamilton_23
1293,SIR,0.15050208525233805,hamilton_23
1294,SIR,0.6928946962269206,hamilton_23
1296,SIR,0.14914411671731137,hamilton_23
1299,SIR,0.31433191169979,hamilton_23
1301,SIR,0.1914520123355949,hamilton_23
1302,SIR,0.6891267481694714,hamilton_23
1303,SIR,0.5611814093838705,hamilton_23
1304,SIR,0.49961405694419997,hamilton_23
1305,SIR,0.11779913115668357,hamilton_23
1306,SIR,0.04009554941497373,hamilton_23
1310,SIR,-0.02901256459642747,hamilton_23
1311,SIR,0.017515328290219734,hamilton_23
1312,SIR,0.7708607902633953,hamilton_23
1314,SIR,0.22720514651806228,hamilton_23
1315,SIR,0.4559152612917904,hamilton_23
1316,SIR,0.21039456700018472,hamilton_23
1317,SIR,0.6746374191565596,hamilton_23
1318,SIR,0.26208541520142775,hamilton_23
1319,SIR,0.5112852017170002,hamilton_23
1320,SIR,0.37653663313666463,hamilton_23
1321,SIR,0.28317530026214943,hamilton_23
1322,SIR,0.46826943139067323,hamilton_23
1323,SIR,0.5489743230617062,hamilton_23
1325,SIR,0.8653251914522979,hamilton_23
1326,SIR,0.011511497606357123,hamilton_23
1327,SIR,0.3354815340710301,hamilton_23
1328,SIR,0.3362418068308121,hamilton_23
1329,SIR,0.7300597290705917,hamilton_23
1330,SIR,0.8876799384833671,hamilton_23
1331,SIR,0.3239906828207787,hamilton_23
1332,SIR,0.6304801187830668,hamilton_23
1333,SIR,0.2866259748955011,hamilton_23
1334,SIR,0.3617050418786271,hamilton_23
1335,SIR,-0.018177221175333713,hamilton_23
1336,SIR,0.4684559638341555,hamilton_23
1337,SIR,0.04991776075993082,hamilton_23
1338,SIR,0.7749934601410201,hamilton_23
1339,SIR,0.1356212150702197,hamilton_23
1340,SIR,-0.014019872027572511,hamilton_23
1341,SIR,0.48035930961727386,hamilton_23
1342,SIR,0.3898023061720071,hamilton_23
1343,SIR,0.25716641123363626,hamilton_23
1344,SIR,0.5240308720995754,hamilton_23
1345,SIR,0.8714160002554971,hamilton_23
1346,SIR,0.13573551647310403,hamilton_23
1347,SIR,0.27333849760402557,hamilton_23
1348,SIR,-0.018968532701936835,hamilton_23
1349,SIR,0.37897713739290706,hamilton_23
1247,FF,0.3624281657211892,hamilton_23
1249,FF,-0.002628498799512613,hamilton_23
1250,FF,0.2002673595599779,hamilton_23
1251,FF,0.09052650723698161,hamilton_23
1254,FF,0.006231251051263475,hamilton_23
1255,FF,0.1367581517516144,hamilton_23
1258,FF,0.01108727271110257,hamilton_23
1260,FF,-0.04957645520733478,hamilton_23
1261,FF,0.7383175156279312,hamilton_23
1263,FF,0.2588200099832374,hamilton_23
1264,FF,0.5499932835072957,hamilton_23
1265,FF,0.4705678849983774,hamilton_23
1266,FF,0.20338549814429463,hamilton_23
1267,FF,0.5460966071027057,hamilton_23
1269,FF,0.813176273727511,hamilton_23
1270,FF,0.37602727343731035,hamilton_23
1271,FF,0.4904966144711886,hamilton_23
1272,FF,0.5841688027694882,hamilton_23
1273,FF,0.0932914092509646,hamilton_23
1274,FF,0.39349854704334775,hamilton_23
1276,FF,0.7332389499922333,hamilton_23
1277,FF,0.4424967381041888,hamilton_23
1278,FF,-0.03486681205976052,hamilton_23
1279,FF,-0.0348558769445332,hamilton_23
1280,FF,0.3231784864344626,hamilton_23
1281,FF,0.24126591631305092,hamilton_23
1282,FF,-0.04172133048355331,hamilton_23
1283,FF,0.19877969184095218,hamilton_23
1284,FF,0.5218150113621836,hamilton_23
1285,FF,0.7839749401775157,hamilton_23
1286,FF,-0.02419762699728578,hamilton_23
1287,FF,0.10033026105253026,hamilton_23
1288,FF,0.3238923253185181,hamilton_23
1289,FF,0.2827805311129654,hamilton_23
1291,FF,0.1535025804387779,hamilton_23
1292,FF,0.016098023511563708,hamilton_23
1293,FF,0.1489363621799068,hamilton_23
1294,FF,0.6600475797879657,hamilton_23
1296,FF,0.16954663873257564,hamilton_23
1299,FF,0.31083292459465645,hamilton_23
1301,FF,0.2197549773935646,hamilton_23
1302,FF,0.6987169983263739,hamilton_23
1303,FF,0.5585485385477779,hamilton_23
1304,FF,0.4976300547172336,hamilton_23
1305,FF,0.14635972762800853,hamilton_23
1306,FF,0.012247800653056728,hamilton_23
1310,FF,-0.034791121288764514,hamilton_23
1311,FF,-0.05895161679525636,hamilton_23
1312,FF,0.7679406530181853,hamilton_23
1314,FF,0.20381726860324828,hamilton_23
1315,FF,0.45744250408040565,hamilton_23
1316,FF,0.24400217789527456,hamilton_23
1317,FF,0.6796476214629675,hamilton_23
1318,FF,0.25727409144479774,hamilton_23
1319,FF,0.5353971793714098,hamilton_23
1320,FF,0.3805730329465929,hamilton_23
1321,FF,0.26983800977171474,hamilton_23
1322,FF,0.46505245877101054,hamilton_23
1323,FF,0.553976966577441,hamilton_23
1325,FF,0.8571147186608705,hamilton_23
1326,FF,0.011619513531712911,hamilton_23
1327,FF,0.3649251349142263,hamilton_23
1328,FF,0.3607482135216231,hamilton_23
1329,FF,0.7301160731541787,hamilton_23
1330,FF,0.9029312498947359,hamilton_23
1331,FF,0.3922089313350147,hamilton_23
1332,FF,0.6255990963060103,hamilton_23
1333,FF,0.290160264768893,hamilton_23
1334,FF,0.37006440366968263,hamilton_23
1335,FF,-0.004326080133207499,hamilton_23
1336,FF,0.45968005315342264,hamilton_23
1337,FF,0.10541240777535313,hamilton_23
1338,FF,0.7871688104219595,hamilton_23
1339,FF,0.11103058087320591,hamilton_23
1340,FF,0.003085034891130256,hamilton_23
1341,FF,0.4762229821785301,hamilton_23
1342,FF,0.41947097408314143,hamilton_23
1343,FF,0.2578613893990275,hamilton_23
1344,FF,0.5429009533785543,hamilton_23
1345,FF,0.8474678331257122,hamilton_23
1346,FF,0.12471267238362735,hamilton_23
1347,FF,0.2622454070733438,hamilton_23
1348,FF,-0.013536932289071223,hamilton_23
1349,FF,0.3909962588506538,hamilton_23
1247,SR,0.31562132818879685,hamilton_23
1249,SR,-0.0020686944895834,hamilton_23
1250,SR,0.16605655400150937,hamilton_23
1251,SR,0.08274714221684983,hamilton_23
1254,SR,0.014500050518568775,hamilton_23
1255,SR,0.12263713273800587,hamilton_23
1258,SR,0.03986911366965551,hamilton_23
1260,SR,-0.05793557924948385,hamilton_23
1261,SR,0.6956171349607666,hamilton_23
1263,SR,0.2247358573183252,hamilton_23
1264,SR,0.5003240966783228,hamilton_23
1265,SR,0.4405095132974196,hamilton_23
1266,SR,0.20911425386454746,hamilton_23
1267,SR,0.5365894164726746,hamilton_23
1269,SR,0.8171704771323152,hamilton_23
1270,SR,0.345553350223932,hamilton_23
1271,SR,0.2968908485807271,hamilton_23
1272,SR,0.6072924484599326,hamilton_23
1273,SR,0.08225662601230695,hamilton_23
1274,SR,0.3704292965528851,hamilton_23
1276,SR,0.6496838953276673,hamilton_23
1277,SR,0.42070453039185096,hamilton_23
1278,SR,-0.0266393388315042,hamilton_23
1279,SR,-0.05970737529621282,hamilton_23
1280,SR,0.2817700407102968,hamilton_23
1281,SR,0.24533956925062722,hamilton_23
1282,SR,-0.05014637018321801,hamilton_23
1283,SR,0.21890467109310005,hamilton_23
1284,SR,0.3364444843467983,hamilton_23
1285,SR,0.6279728799816555,hamilton_23
1286,SR,-0.03699448425862868,hamilton_23
1287,SR,0.07781597237533108,hamilton_23
1288,SR,0.1979468467568249,hamilton_23
1289,SR,0.2754528966090175,hamilton_23
1291,SR,0.12487763789866205,hamilton_23
1292,SR,0.013583954706330581,hamilton_23
1293,SR,0.13051099174070918,hamilton_23
1294,SR,0.6966011774021625,hamilton_23
1296,SR,0.1395496928183673,hamilton_23
1299,SR,0.31688232063795674,hamilton_23
1301,SR,0.18931445819251574,hamilton_23
1302,SR,0.664211022481069,hamilton_23
1303,SR,0.4950585850704005,hamilton_23
1304,SR,0.49058354718579383,hamilton_23
1305,SR,0.1475117454174251,hamilton_23
1306,SR,-0.007276520187011593,hamilton_23
1310,SR,-0.0354299170522828,hamilton_23
1311,SR,-0.010689256537776503,hamilton_23
1312,SR,0.7447870996494876,hamilton_23
1314,SR,0.1716161756517961,hamilton_23
1315,SR,0.35679301457864077,hamilton_23
1316,SR,0.22767636932763233,hamilton_23
1317,SR,0.664360914949923,hamilton_23
1318,SR,0.20759707218412443,hamilton_23
1319,SR,0.5202420234674812,hamilton_23
1320,SR,0.27137984548926686,hamilton_23
1321,SR,0.2589942644845339,hamilton_23
1322,SR,0.4227057230240773,hamilton_23
1323,SR,0.5157702335446375,hamilton_23
1325,SR,0.6464071483078334,hamilton_23
1326,SR,0.023242173647505006,hamilton_23
1327,SR,0.24087505690153027,hamilton_23
1328,SR,0.34375103231336307,hamilton_23
1329,SR,0.7087656957362928,hamilton_23
1330,SR,0.8479802187305021,hamilton_23
1331,SR,0.3360650542558269,hamilton_23
1332,SR,0.5331024949829083,hamilton_23
1333,SR,0.2606892101773903,hamilton_23
1334,SR,0.3410661396221645,hamilton_23
1335,SR,-0.026891756407939792,hamilton_23
1336,SR,0.2605945068058193,hamilton_23
1337,SR,0.06743188215287266,hamilton_23
1338,SR,0.7726653947595226,hamilton_23
1339,SR,0.12175241204731901,hamilton_23
1340,SR,0.008703466407806814,hamilton_23
1341,SR,0.20197009281988168,hamilton_23
1342,SR,0.4081290161773884,hamilton_23
1343,SR,0.26635615406486884,hamilton_23
1344,SR,0.4786502626960402,hamilton_23
1345,SR,0.8477244700643898,hamilton_23
1346,SR,0.1076643697607053,hamilton_23
1347,SR,0.24045444543374148,hamilton_23
1348,SR,-0.007625687755328037,hamilton_23
1349,SR,0.375033836378242,hamilton_23
1350,SIR,0.34673241771682245,hamilton_07
1351,SIR,0.001085578206405935,hamilton_07
1352,SIR,-0.038315522602048936,hamilton_07
1353,SIR,0.12930105003310585,hamilton_07
1354,SIR,0.7475953805417472,hamilton_07
1355,SIR,0.8665587715867291,hamilton_07
1356,SIR,0.4256647673468338,hamilton_07
1357,SIR,0.27776675549112967,hamilton_07
1358,SIR,0.10294323197942201,hamilton_07
1360,SIR,-0.08193768228492018,hamilton_07
1361,SIR,0.7784455453892785,hamilton_07
1362,SIR,0.7970128340687325,hamilton_07
1363,SIR,0.3356761175983918,hamilton_07
1364,SIR,0.8615770840024792,hamilton_07
1365,SIR,-0.0239830711820014,hamilton_07
1366,SIR,0.6296835510967602,hamilton_07
1367,SIR,0.006049515940770878,hamilton_07
1368,SIR,0.7137756504547854,hamilton_07
1369,SIR,0.4513262317915127,hamilton_07
1370,SIR,0.2839180398012221,hamilton_07
1371,SIR,0.6979384720430835,hamilton_07
1372,SIR,0.007732132897767374,hamilton_07
1373,SIR,0.3534713103624244,hamilton_07
1375,SIR,0.08664212850754408,hamilton_07
1378,SIR,0.22841752445337926,hamilton_07
1379,SIR,0.7787130853957331,hamilton_07
1380,SIR,0.42353717325067947,hamilton_07
1383,SIR,0.638962484393909,hamilton_07
1384,SIR,0.5379611389215625,hamilton_07
1385,SIR,0.7474979286455334,hamilton_07
1386,SIR,0.8386040046762189,hamilton_07
1387,SIR,0.6345661601714765,hamilton_07
1389,SIR,0.4977684557715788,hamilton_07
1390,SIR,0.870938671583106,hamilton_07
1391,SIR,0.6087194451230381,hamilton_07
1392,SIR,0.7288386075114315,hamilton_07
1393,SIR,0.8671022101678453,hamilton_07
1394,SIR,0.2256728283645157,hamilton_07
1395,SIR,0.20283175117865843,hamilton_07
1396,SIR,0.831005826962144,hamilton_07
1397,SIR,0.8619838410384089,hamilton_07
1398,SIR,0.5233111519341003,hamilton_07
1399,SIR,0.6145133239949498,hamilton_07
1401,SIR,0.6999232188729019,hamilton_07
1402,SIR,0.843514204832948,hamilton_07
1403,SIR,0.03580616110213255,hamilton_07
1404,SIR,-0.05383402339172159,hamilton_07
1405,SIR,0.63347795860135,hamilton_07
1406,SIR,0.694614993560565,hamilton_07
1407,SIR,-0.005733791075081052,hamilton_07
1408,SIR,0.5463362511383019,hamilton_07
1409,SIR,-0.027570302799844383,hamilton_07
1410,SIR,0.7418026910571877,hamilton_07
1411,SIR,0.9031507258846654,hamilton_07
1412,SIR,0.40848249385523366,hamilton_07
1413,SIR,0.6252500640491752,hamilton_07
1350,FF,0.3496110843104524,hamilton_07
1351,FF,0.010636385946919003,hamilton_07
1352,FF,-0.014196703220687824,hamilton_07
1353,FF,0.1724868398292466,hamilton_07
1354,FF,0.7529816830725803,hamilton_07
1355,FF,0.8707510647546796,hamilton_07
1356,FF,0.4320234040231162,hamilton_07
1357,FF,0.2822371384474716,hamilton_07
1358,FF,0.08083119060283335,hamilton_07
1360,FF,-0.07809233002556253,hamilton_07
1361,FF,0.7867780950134573,hamilton_07
1362,FF,0.7987047582370845,hamilton_07
1363,FF,0.33162114378318697,hamilton_07
1364,FF,0.866906872814804,hamilton_07
1365,FF,-0.021120170761594094,hamilton_07
1366,FF,0.6319483497942535,hamilton_07
1367,FF,0.013486049924620148,hamilton_07
1368,FF,0.7224677046003434,hamilton_07
1369,FF,0.4539092524986466,hamilton_07
1370,FF,0.23593973217393033,hamilton_07
1371,FF,0.7016201617619793,hamilton_07
1372,FF,0.04485062867575447,hamilton_07
1373,FF,0.35712409851455645,hamilton_07
1375,FF,0.0762660795047109,hamilton_07
1378,FF,0.20853743075518588,hamilton_07
1379,FF,0.7654793232142725,hamilton_07
1380,FF,0.423715789441526,hamilton_07
1383,FF,0.651959885360865,hamilton_07
1384,FF,0.6210188359873812,hamilton_07
1385,FF,0.7430453922301636,hamilton_07
1386,FF,0.8559662276172533,hamilton_07
1387,FF,0.6407612156850958,hamilton_07
1389,FF,0.4959590461898406,hamilton_07
1390,FF,0.8737843010136903,hamilton_07
1391,FF,0.6186639069485462,hamilton_07
1392,FF,0.7403666201129097,hamilton_07
1393,FF,0.8706163790830898,hamilton_07
1394,FF,0.22293348380985875,hamilton_07
1395,FF,0.20057570726335588,hamilton_07
1396,FF,0.8256515924792442,hamilton_07
1397,FF,0.8640538800848379,hamilton_07
1398,FF,0.5222915133115704,hamilton_07
1399,FF,0.6162452408938404,hamilton_07
1401,FF,0.6916995996423372,hamilton_07
1402,FF,0.8427265777628137,hamilton_07
1403,FF,0.05297915170453895,hamilton_07
1404,FF,-0.08086099780727392,hamilton_07
1405,FF,0.6294568518108467,hamilton_07
1406,FF,0.7016677063107168,hamilton_07
1407,FF,-0.06362215484992302,hamilton_07
1408,FF,0.5582874852626443,hamilton_07
1409,FF,0.003857231328182209,hamilton_07
1410,FF,0.720219860161192,hamilton_07
1411,FF,0.9040844687094435,hamilton_07
1412,FF,0.41801078250430634,hamilton_07
1413,FF,0.6433419326874181,hamilton_07
1350,SR,0.3421917369172586,hamilton_07
1351,SR,0.002217104832292138,hamilton_07
1352,SR,-0.051968232393254835,hamilton_07
1353,SR,0.19796898567864224,hamilton_07
1354,SR,0.7511609224541627,hamilton_07
1355,SR,0.8065072407712798,hamilton_07
1356,SR,0.3623619203962018,hamilton_07
1357,SR,0.22227185642753486,hamilton_07
1358,SR,0.05408722845281781,hamilton_07
1360,SR,-0.032883175199047175,hamilton_07
1361,SR,0.6247646371376231,hamilton_07
1362,SR,0.7474765498719244,hamilton_07
1363,SR,0.27477742228636953,hamilton_07
1364,SR,0.6520954092106981,hamilton_07
1365,SR,-0.03267129357712839,hamilton_07
1366,SR,0.6189426730586495,hamilton_07
1367,SR,-0.01723169036860306,hamilton_07
1368,SR,0.6999957622702624,hamilton_07
1369,SR,0.3728942687780797,hamilton_07
1370,SR,0.2741265236455225,hamilton_07
1371,SR,0.6484380047263574,hamilton_07
1372,SR,0.035728996822297396,hamilton_07
1373,SR,0.3202169232389679,hamilton_07
1375,SR,0.06268551825285837,hamilton_07
1378,SR,0.19254269855376985,hamilton_07
1379,SR,0.7593905996099996,hamilton_07
1380,SR,0.41617131250389355,hamilton_07
1383,SR,0.5567595228844414,hamilton_07
1384,SR,0.5508604945093051,hamilton_07
1385,SR,0.7447877978550822,hamilton_07
1386,SR,0.8021133397010548,hamilton_07
1387,SR,0.629881614005402,hamilton_07
1389,SR,0.4427804978766939,hamilton_07
1390,SR,0.7348501194078841,hamilton_07
1391,SR,0.5602713288808511,hamilton_07
1392,SR,0.7242207825344906,hamilton_07
1393,SR,0.8676936751675649,hamilton_07
1394,SR,0.18555709471734053,hamilton_07
1395,SR,0.17775796394080173,hamilton_07
1396,SR,0.7473856065213484,hamilton_07
1397,SR,0.807603698058432,hamilton_07
1398,SR,0.48674629396107605,hamilton_07
1399,SR,0.6165467008495784,hamilton_07
1401,SR,0.6588999656887408,hamilton_07
1402,SR,0.6942655623716808,hamilton_07
1403,SR,0.04507483675468871,hamilton_07
1404,SR,-0.004308949051163924,hamilton_07
1405,SR,0.5631708527989068,hamilton_07
1406,SR,0.687705977058122,hamilton_07
1407,SR,-0.004832197351697665,hamilton_07
1408,SR,0.5683176955959275,hamilton_07
1409,SR,0.009722190644145479,hamilton_07
1410,SR,0.7515194238114586,hamilton_07
1411,SR,0.8791500039396796,hamilton_07
1412,SR,0.39057627806034256,hamilton_07
1413,SR,0.5819123624359872,hamilton_07
1414,SIR,0.4906730573126036,hamilton_08
1416,SIR,0.30761912716047124,hamilton_08
1417,SIR,0.3611705783758036,hamilton_08
1419,SIR,0.31061345110486416,hamilton_08
1421,SIR,-0.014001819623146727,hamilton_08
1422,SIR,0.4617480036559982,hamilton_08
1423,SIR,0.11444190153145004,hamilton_08
1424,SIR,0.888915506790575,hamilton_08
1426,SIR,0.5470756660304323,hamilton_08
1429,SIR,-0.07069141944086424,hamilton_08
1430,SIR,0.27582636798272236,hamilton_08
1434,SIR,0.08785660758875982,hamilton_08
1435,SIR,0.6455152026483877,hamilton_08
1437,SIR,0.4887694864398166,hamilton_08
1438,SIR,0.376205817402869,hamilton_08
1439,SIR,0.40274048596245626,hamilton_08
1440,SIR,0.39707279161247444,hamilton_08
1441,SIR,0.08845347228981011,hamilton_08
1442,SIR,0.8888746819732823,hamilton_08
1443,SIR,0.32346413560372467,hamilton_08
1445,SIR,0.8987169008211311,hamilton_08
1446,SIR,0.4537955860808852,hamilton_08
1447,SIR,0.7549722968653793,hamilton_08
1448,SIR,0.3263721256895368,hamilton_08
1449,SIR,0.07703955952152304,hamilton_08
1452,SIR,0.7392174786115145,hamilton_08
1455,SIR,0.40910003177758353,hamilton_08
1456,SIR,0.6264136345053325,hamilton_08
1458,SIR,0.5160479901267003,hamilton_08
1459,SIR,0.9518163927329322,hamilton_08
1460,SIR,0.8700769091412568,hamilton_08
1461,SIR,0.8459361669225508,hamilton_08
1463,SIR,0.45283407717812185,hamilton_08
1465,SIR,0.30825288187294086,hamilton_08
1466,SIR,0.4501729273565086,hamilton_08
1467,SIR,0.027751060494959966,hamilton_08
1468,SIR,0.5199177955891698,hamilton_08
1469,SIR,0.6256846658445304,hamilton_08
1470,SIR,0.4185941691137627,hamilton_08
1471,SIR,0.38242726285566314,hamilton_08
1472,SIR,0.44845592871330053,hamilton_08
1473,SIR,0.5416115743312627,hamilton_08
1474,SIR,0.5641226076851578,hamilton_08
1475,SIR,0.4321659694521043,hamilton_08
1476,SIR,0.35724660348422016,hamilton_08
1477,SIR,0.32346758035081435,hamilton_08
1478,SIR,0.010900228008895807,hamilton_08
1479,SIR,0.5476594440369639,hamilton_08
1480,SIR,0.23713078912134633,hamilton_08
1481,SIR,0.11193477138029836,hamilton_08
1482,SIR,0.4165341924288767,hamilton_08
1483,SIR,0.7018132501369537,hamilton_08
1484,SIR,0.6626188746867119,hamilton_08
1485,SIR,0.4590287256642541,hamilton_08
1486,SIR,0.14653777077071756,hamilton_08
1487,SIR,0.0996868331722131,hamilton_08
1488,SIR,0.27225623465126964,hamilton_08
1489,SIR,0.4628831190744333,hamilton_08
1490,SIR,0.5878516327018747,hamilton_08
1491,SIR,0.22232249681685223,hamilton_08
1492,SIR,0.0757329329105273,hamilton_08
1414,FF,0.5288520746822856,hamilton_08
1416,FF,0.33178121945546474,hamilton_08
1417,FF,0.41363723107160644,hamilton_08
1419,FF,0.3377746521182125,hamilton_08
1421,FF,-0.02532494708450934,hamilton_08
1422,FF,0.46572539777205113,hamilton_08
1423,FF,0.11000929229864068,hamilton_08
1424,FF,0.9157555963572704,hamilton_08
1426,FF,0.5747705488136463,hamilton_08
1429,FF,-0.03520053632850906,hamilton_08
1430,FF,0.32466755167908695,hamilton_08
1434,FF,0.1530969449134793,hamilton_08
1435,FF,0.6459229948482449,hamilton_08
1437,FF,0.4872878096984989,hamilton_08
1438,FF,0.5784325311982152,hamilton_08
1439,FF,0.5744867781322457,hamilton_08
1440,FF,0.4555361166553539,hamilton_08
1441,FF,0.09307562121677479,hamilton_08
1442,FF,0.9074248106065615,hamilton_08
1443,FF,0.34379923775264676,hamilton_08
1445,FF,0.9044819852826229,hamilton_08
1446,FF,0.4820914158674169,hamilton_08
1447,FF,0.7627716409939908,hamilton_08
1448,FF,0.33290325273769505,hamilton_08
1449,FF,0.04970516850740323,hamilton_08
1452,FF,0.7509652054223839,hamilton_08
1455,FF,0.4226136825058632,hamilton_08
1456,FF,0.6312006704990752,hamilton_08
1458,FF,0.5339246714755485,hamilton_08
1459,FF,0.9361389059789247,hamilton_08
1460,FF,0.8823476219587991,hamilton_08
1461,FF,0.9363321593359704,hamilton_08
1463,FF,0.4806461458995795,hamilton_08
1465,FF,0.28924451540774243,hamilton_08
1466,FF,0.46605874376587425,hamilton_08
1467,FF,0.03293720652457279,hamilton_08
1468,FF,0.5249934942620438,hamilton_08
1469,FF,0.6629112724187382,hamilton_08
1470,FF,0.44159461458614235,hamilton_08
1471,FF,0.424847689250352,hamilton_08
1472,FF,0.45712965078688894,hamilton_08
1473,FF,0.5525396267226242,hamilton_08
1474,FF,0.5861425173174606,hamilton_08
1475,FF,0.5204873136465574,hamilton_08
1476,FF,0.4742318427307447,hamilton_08
1477,FF,0.3281583569275593,hamilton_08
1478,FF,0.03795933419660806,hamilton_08
1479,FF,0.5539858372548562,hamilton_08
1480,FF,0.26682009729588146,hamilton_08
1481,FF,0.1390693853603267,hamilton_08
1482,FF,0.46557271910919107,hamilton_08
1483,FF,0.719772130021424,hamilton_08
1484,FF,0.6865475839918274,hamilton_08
1485,FF,0.47937328221723075,hamilton_08
1486,FF,0.16815204980777781,hamilton_08
1487,FF,0.11568013637783454,hamilton_08
1488,FF,0.34354637432281004,hamilton_08
1489,FF,0.5385087994556909,hamilton_08
1490,FF,0.5982267513729209,hamilton_08
1491,FF,0.24524182725813234,hamilton_08
1492,FF,0.10095866405901158,hamilton_08
1414,SR,0.5147588943822385,hamilton_08
1416,SR,0.3297319114706392,hamilton_08
1417,SR,0.426154326420716,hamilton_08
1419,SR,0.3160147895396084,hamilton_08
1421,SR,-0.011461930548977085,hamilton_08
1422,SR,0.4714127359675871,hamilton_08
1423,SR,0.05761651787351778,hamilton_08
1424,SR,0.9079942956145484,hamilton_08
1426,SR,0.5576949344886926,hamilton_08
1429,SR,-0.012025427486510431,hamilton_08
1430,SR,0.3294275383601025,hamilton_08
1434,SR,0.1631658342142713,hamilton_08
1435,SR,0.6327179253999098,hamilton_08
1437,SR,0.5002721681402946,hamilton_08
1438,SR,0.5687596895524931,hamilton_08
1439,SR,0.56502617545759,hamilton_08
1440,SR,0.4826752212465847,hamilton_08
1441,SR,0.10751187446502071,hamilton_08
1442,SR,0.7491676828361987,hamilton_08
1443,SR,0.3491231519626784,hamilton_08
1445,SR,0.7827276883395575,hamilton_08
1446,SR,0.46873844271577714,hamilton_08
1447,SR,0.6379034980443345,hamilton_08
1448,SR,0.31320437548098823,hamilton_08
1449,SR,0.04192322556874808,hamilton_08
1452,SR,0.711779786795363,hamilton_08
1455,SR,0.4536128020302261,hamilton_08
1456,SR,0.5947035334900164,hamilton_08
1458,SR,0.5282191467322588,hamilton_08
1459,SR,0.954705986411394,hamilton_08
1460,SR,0.8854630502583122,hamilton_08
1461,SR,0.9360463423752691,hamilton_08
1463,SR,0.4786717005636377,hamilton_08
1465,SR,0.28824812600838257,hamilton_08
1466,SR,0.4573660154876015,hamilton_08
1467,SR,0.09634884366653942,hamilton_08
1468,SR,0.4890085861790642,hamilton_08
1469,SR,0.649481454889992,hamilton_08
1470,SR,0.43283908702524376,hamilton_08
1471,SR,0.38805979608273783,hamilton_08
1472,SR,0.4741818278723106,hamilton_08
1473,SR,0.5436273694990307,hamilton_08
1474,SR,0.5758978748516516,hamilton_08
1475,SR,0.498433494625335,hamilton_08
1476,SR,0.4600572575274208,hamilton_08
1477,SR,0.3186594967906332,hamilton_08
1478,SR,0.053248394748887075,hamilton_08
1479,SR,0.5569802325697767,hamilton_08
1480,SR,0.25349508224823714,hamilton_08
1481,SR,0.14595700525760189,hamilton_08
1482,SR,0.4229849962399717,hamilton_08
1483,SR,0.7064726957166226,hamilton_08
1484,SR,0.6335253624481884,hamilton_08
1485,SR,0.4682800271595415,hamilton_08
1486,SR,0.20055869552158906,hamilton_08
1487,SR,0.08798739288021065,hamilton_08
1488,SR,0.32782444819142287,hamilton_08
1489,SR,0.5232891020954977,hamilton_08
1490,SR,0.5765095477951793,hamilton_08
1491,SR,0.21207802548325622,hamilton_08
1492,SR,0.046820384342957676,hamilton_08
1493,SIR,0.6380461071344836,hamilton_19
1494,SIR,0.2687907536889703,hamilton_19
1495,SIR,0.9054963743945861,hamilton_19
1496,SIR,0.8994422620548782,hamilton_19
1497,SIR,0.20190106232407481,hamilton_19
1498,SIR,0.9466137137781059,hamilton_19
1499,SIR,0.8424980334721306,hamilton_19
1500,SIR,0.6570877749136166,hamilton_19
1501,SIR,0.6245637234164091,hamilton_19
1502,SIR,0.608355341527363,hamilton_19
1503,SIR,0.003348908972569653,hamilton_19
1504,SIR,0.450103760583235,hamilton_19
1505,SIR,0.15861223174347733,hamilton_19
1507,SIR,0.5080640789544393,hamilton_19
1509,SIR,0.7494925772257787,hamilton_19
1510,SIR,0.3345501529546122,hamilton_19
1511,SIR,0.8112582722709467,hamilton_19
1512,SIR,0.5386557199151933,hamilton_19
1513,SIR,0.8342404294371217,hamilton_19
1514,SIR,0.06354166459226598,hamilton_19
1515,SIR,0.5372509632572395,hamilton_19
1516,SIR,0.8793671505664834,hamilton_19
1517,SIR,0.5695204373789858,hamilton_19
1519,SIR,0.8381571261959246,hamilton_19
1521,SIR,0.8098511054853749,hamilton_19
1522,SIR,0.9042892287246433,hamilton_19
1523,SIR,0.5585930331159086,hamilton_19
1524,SIR,0.57172330798117,hamilton_19
1525,SIR,0.7840341437148088,hamilton_19
1526,SIR,0.30182227975172654,hamilton_19
1527,SIR,0.9115682221333914,hamilton_19
1528,SIR,0.021399988290288975,hamilton_19
1529,SIR,0.9143226300234281,hamilton_19
1530,SIR,0.744620574392004,hamilton_19
1531,SIR,0.7310628173706698,hamilton_19
1532,SIR,0.44513800323432207,hamilton_19
1533,SIR,0.9427758419264336,hamilton_19
1534,SIR,0.8602887964800919,hamilton_19
1535,SIR,0.6303756276323578,hamilton_19
1536,SIR,0.10005265540883668,hamilton_19
1537,SIR,0.7221118171430464,hamilton_19
1538,SIR,0.640298366663988,hamilton_19
1540,SIR,0.7394428463401059,hamilton_19
1541,SIR,0.7812442245390951,hamilton_19
1542,SIR,0.3965300996111226,hamilton_19
1543,SIR,0.33391619251006305,hamilton_19
1544,SIR,0.18502800991115975,hamilton_19
1545,SIR,0.24205793486862764,hamilton_19
1547,SIR,0.8090603890608994,hamilton_19
1548,SIR,0.1252084272807183,hamilton_19
1549,SIR,0.6008029492540811,hamilton_19
1550,SIR,0.9081396975545791,hamilton_19
1551,SIR,0.3380039311696892,hamilton_19
1552,SIR,0.41821829326483007,hamilton_19
1553,SIR,0.4150866906512293,hamilton_19
1493,FF,0.6436162390781781,hamilton_19
1494,FF,0.22450059220181062,hamilton_19
1495,FF,0.906371961345042,hamilton_19
1496,FF,0.8979202003594718,hamilton_19
1497,FF,0.23420140669628928,hamilton_19
1498,FF,0.9485951006772805,hamilton_19
1499,FF,0.8358886116159214,hamilton_19
1500,FF,0.6440343151723128,hamilton_19
1501,FF,0.6218181302303458,hamilton_19
1502,FF,0.5883018425707756,hamilton_19
1503,FF,0.00917095167192472,hamilton_19
1504,FF,0.4553729621718524,hamilton_19
1505,FF,0.17668850375144737,hamilton_19
1507,FF,0.5100921997405812,hamilton_19
1509,FF,0.765092743487186,hamilton_19
1510,FF,0.34146431616960754,hamilton_19
1511,FF,0.8086146185301761,hamilton_19
1512,FF,0.528645065607112,hamilton_19
1513,FF,0.8286474682485843,hamilton_19
1514,FF,0.08782684062852317,hamilton_19
1515,FF,0.5332399566695163,hamilton_19
1516,FF,0.8995777954056614,hamilton_19
1517,FF,0.5980577408104304,hamilton_19
1519,FF,0.8256701933544853,hamilton_19
1521,FF,0.8301977800806009,hamilton_19
1522,FF,0.8940006402216811,hamilton_19
1523,FF,0.569729175836043,hamilton_19
1524,FF,0.5871224037854077,hamilton_19
1525,FF,0.7943968347011348,hamilton_19
1526,FF,0.30610711743342217,hamilton_19
1527,FF,0.9085630813657343,hamilton_19
1528,FF,-0.019069955806827778,hamilton_19
1529,FF,0.9655611019065009,hamilton_19
1530,FF,0.7542803235922901,hamilton_19
1531,FF,0.7316095535009797,hamilton_19
1532,FF,0.47376128781588955,hamilton_19
1533,FF,0.9607279322204242,hamilton_19
1534,FF,0.8847864573881404,hamilton_19
1535,FF,0.6433459636958991,hamilton_19
1536,FF,0.09854954704022086,hamilton_19
1537,FF,0.7254638189660468,hamilton_19
1538,FF,0.661673297430945,hamilton_19
1540,FF,0.7393599703558407,hamilton_19
1541,FF,0.8017510285721497,hamilton_19
1542,FF,0.3861198532935715,hamilton_19
1543,FF,0.3742557907918148,hamilton_19
1544,FF,0.21095318714996553,hamilton_19
1545,FF,0.24183872519218513,hamilton_19
1547,FF,0.928184686942128,hamilton_19
1548,FF,0.12020072424346798,hamilton_19
1549,FF,0.6950135624949935,hamilton_19
1550,FF,0.9095934784363091,hamilton_19
1551,FF,0.36948121154888297,hamilton_19
1552,FF,0.4223518821347197,hamilton_19
1553,FF,0.41941852477253205,hamilton_19
1493,SR,0.6386952845389433,hamilton_19
1494,SR,0.22213738506333702,hamilton_19
1495,SR,0.5995383211623572,hamilton_19
1496,SR,0.5788900015857404,hamilton_19
1497,SR,0.21166351244358297,hamilton_19
1498,SR,0.5521955606587502,hamilton_19
1499,SR,0.39951854380348006,hamilton_19
1500,SR,0.6158993224579699,hamilton_19
1501,SR,0.3619331621358371,hamilton_19
1502,SR,0.5539072216279589,hamilton_19
1503,SR,-0.0012453903256576914,hamilton_19
1504,SR,0.4380625251368425,hamilton_19
1505,SR,0.18157193463672716,hamilton_19
1507,SR,0.4958652146687125,hamilton_19
1509,SR,0.44924035168034493,hamilton_19
1510,SR,0.33238932305553776,hamilton_19
1511,SR,0.6454440759213209,hamilton_19
1512,SR,0.3807369302918141,hamilton_19
1513,SR,0.758971450362583,hamilton_19
1514,SR,0.06730120186664235,hamilton_19
1515,SR,0.41463493004053414,hamilton_19
1516,SR,0.8846969190431834,hamilton_19
1517,SR,0.5947753368975688,hamilton_19
1519,SR,0.8008464781053176,hamilton_19
1521,SR,0.8095341383630963,hamilton_19
1522,SR,0.9037803774222345,hamilton_19
1523,SR,0.569952215098521,hamilton_19
1524,SR,0.5274332948164772,hamilton_19
1525,SR,0.8130663681337801,hamilton_19
1526,SR,0.29103973012333634,hamilton_19
1527,SR,0.9159750600143768,hamilton_19
1528,SR,-0.021256544095207254,hamilton_19
1529,SR,0.7752641180402924,hamilton_19
1530,SR,0.6390299986416641,hamilton_19
1531,SR,0.5771616594457795,hamilton_19
1532,SR,0.44311195569054557,hamilton_19
1533,SR,0.9608998766713167,hamilton_19
1534,SR,0.8339588452118161,hamilton_19
1535,SR,0.6425369123423416,hamilton_19
1536,SR,0.018735631557988807,hamilton_19
1537,SR,0.7548819651349618,hamilton_19
1538,SR,0.6692770547383871,hamilton_19
1540,SR,0.6520826722632002,hamilton_19
1541,SR,0.30950262078948104,hamilton_19
1542,SR,0.3981255287268183,hamilton_19
1543,SR,0.3422862655190232,hamilton_19
1544,SR,0.1084897734115416,hamilton_19
1545,SR,0.21421351152737608,hamilton_19
1547,SR,0.42185719355486373,hamilton_19
1548,SR,0.022175056290131345,hamilton_19
1549,SR,0.6636052397812514,hamilton_19
1550,SR,0.9130520328034087,hamilton_19
1551,SR,0.34809832920695405,hamilton_19
1552,SR,0.3469294649018059,hamilton_19
1553,SR,0.38058777136438,hamilton_19
1554,SIR,0.18948635415693732,hamilton_20
1556,SIR,0.5922848094930311,hamilton_20
1557,SIR,0.6716121640058412,hamilton_20
1558,SIR,0.27009849707588013,hamilton_20
1559,SIR,0.2198681048387015,hamilton_20
1560,SIR,0.8988902650821007,hamilton_20
1562,SIR,0.3988136675480707,hamilton_20
1563,SIR,0.016694576995487775,hamilton_20
1564,SIR,0.18405715073735956,hamilton_20
1565,SIR,0.7938436795977946,hamilton_20
1567,SIR,0.03317331556765026,hamilton_20
1568,SIR,0.11710429826895592,hamilton_20
1569,SIR,0.21951889301640765,hamilton_20
1570,SIR,0.6063588115253931,hamilton_20
1571,SIR,0.007837324941438961,hamilton_20
1572,SIR,0.520143757869146,hamilton_20
1573,SIR,0.5584678586630396,hamilton_20
1574,SIR,0.60144161450492,hamilton_20
1575,SIR,0.04773854744933266,hamilton_20
1576,SIR,0.15454630685274298,hamilton_20
1577,SIR,0.19116515432392234,hamilton_20
1578,SIR,0.7594541732817429,hamilton_20
1579,SIR,0.03625481057078859,hamilton_20
1580,SIR,0.6322052223356623,hamilton_20
1581,SIR,0.8128258595104245,hamilton_20
1582,SIR,0.07679450652729052,hamilton_20
1584,SIR,0.43881768570375135,hamilton_20
1585,SIR,0.4052682106850149,hamilton_20
1586,SIR,0.2605710233437076,hamilton_20
1587,SIR,0.8600482536724309,hamilton_20
1588,SIR,0.4897384936640868,hamilton_20
1589,SIR,0.12064839394498321,hamilton_20
1590,SIR,0.2619910364624517,hamilton_20
1592,SIR,0.04408434516748609,hamilton_20
1593,SIR,0.5839975818517416,hamilton_20
1594,SIR,0.14974799944317066,hamilton_20
1595,SIR,0.07290945617163799,hamilton_20
1596,SIR,0.3831574894028414,hamilton_20
1597,SIR,-0.06199719636222571,hamilton_20
1598,SIR,0.09062713976011164,hamilton_20
1599,SIR,0.7051790012391759,hamilton_20
1600,SIR,0.7618289363378643,hamilton_20
1601,SIR,-0.006303420972661256,hamilton_20
1602,SIR,0.08881738597268236,hamilton_20
1603,SIR,0.09226986082780467,hamilton_20
1604,SIR,0.16443308692419073,hamilton_20
1605,SIR,0.28406509246864475,hamilton_20
1606,SIR,0.47669367157008447,hamilton_20
1608,SIR,0.7924221867810652,hamilton_20
1609,SIR,0.3700718775890751,hamilton_20
1610,SIR,0.4714459242069816,hamilton_20
1611,SIR,0.6800408650362079,hamilton_20
1554,FF,0.19955453903859244,hamilton_20
1556,FF,0.8202946453457276,hamilton_20
1557,FF,0.677511138095983,hamilton_20
1558,FF,0.30611657933546,hamilton_20
1559,FF,0.23753727260190471,hamilton_20
1560,FF,0.9153277289062312,hamilton_20
1562,FF,0.4675620183774667,hamilton_20
1563,FF,0.04301979425450222,hamilton_20
1564,FF,0.1724081082588747,hamilton_20
1565,FF,0.8102730767040007,hamilton_20
1567,FF,0.04513625957875396,hamilton_20
1568,FF,0.1546337818407317,hamilton_20
1569,FF,0.22693272899766118,hamilton_20
1570,FF,0.6775799365030022,hamilton_20
1571,FF,-0.04408153228559426,hamilton_20
1572,FF,0.5538969978668983,hamilton_20
1573,FF,0.561542392987077,hamilton_20
1574,FF,0.6390556891162691,hamilton_20
1575,FF,0.0492781143938533,hamilton_20
1576,FF,0.17693715221217282,hamilton_20
1577,FF,0.2039728392749919,hamilton_20
1578,FF,0.8085485083794461,hamilton_20
1579,FF,0.015328745571424584,hamilton_20
1580,FF,0.6937065043319636,hamilton_20
1581,FF,0.841042017268865,hamilton_20
1582,FF,0.10119034626397225,hamilton_20
1584,FF,0.45272657661315857,hamilton_20
1585,FF,0.42304759712935863,hamilton_20
1586,FF,0.2586404069280411,hamilton_20
1587,FF,0.8794329444267245,hamilton_20
1588,FF,0.48856671624551906,hamilton_20
1589,FF,0.11829368930811404,hamilton_20
1590,FF,0.26615510697800715,hamilton_20
1592,FF,0.04311721482904714,hamilton_20
1593,FF,0.5895714634058474,hamilton_20
1594,FF,0.17299915284065853,hamilton_20
1595,FF,0.13105126065604514,hamilton_20
1596,FF,0.38399063144641177,hamilton_20
1597,FF,-0.019999417711391642,hamilton_20
1598,FF,0.10053510924871475,hamilton_20
1599,FF,0.7112747249273689,hamilton_20
1600,FF,0.7697023146638773,hamilton_20
1601,FF,-0.038890991420884945,hamilton_20
1602,FF,0.10902879525300438,hamilton_20
1603,FF,0.10304892545068911,hamilton_20
1604,FF,0.14603924301821947,hamilton_20
1605,FF,0.30684459883719895,hamilton_20
1606,FF,0.5036127648530404,hamilton_20
1608,FF,0.8157014238407141,hamilton_20
1609,FF,0.3758836523284563,hamilton_20
1610,FF,0.5182527105647013,hamilton_20
1611,FF,0.6727744806030713,hamilton_20
1554,SR,0.1281326179082042,hamilton_20
1556,SR,0.8153610771284352,hamilton_20
1557,SR,0.6182896686783502,hamilton_20
1558,SR,0.20512014637583853,hamilton_20
1559,SR,0.21714941902891632,hamilton_20
1560,SR,0.8479501417428406,hamilton_20
1562,SR,0.3180687757519617,hamilton_20
1563,SR,0.024583199980502048,hamilton_20
1564,SR,0.13888730507477248,hamilton_20
1565,SR,0.7138132806039568,hamilton_20
1567,SR,0.06371439073846967,hamilton_20
1568,SR,0.1651328174553797,hamilton_20
1569,SR,0.1961797099709922,hamilton_20
1570,SR,0.6274886199828551,hamilton_20
1571,SR,-0.038462550184634445,hamilton_20
1572,SR,0.34900184611386476,hamilton_20
1573,SR,0.5113541972913065,hamilton_20
1574,SR,0.6227772127380498,hamilton_20
1575,SR,0.07890214383707608,hamilton_20
1576,SR,0.13815136732793248,hamilton_20
1577,SR,0.1467050559987882,hamilton_20
1578,SR,0.7495118718039806,hamilton_20
1579,SR,0.018882647167524434,hamilton_20
1580,SR,0.6761721560986309,hamilton_20
1581,SR,0.7929917099138244,hamilton_20
1582,SR,0.04097333648622268,hamilton_20
1584,SR,0.40032249052090413,hamilton_20
1585,SR,0.38023515850154743,hamilton_20
1586,SR,0.15179315310562397,hamilton_20
1587,SR,0.7103423690342667,hamilton_20
1588,SR,0.13913028666602922,hamilton_20
1589,SR,0.11695340660961288,hamilton_20
1590,SR,0.242575814680242,hamilton_20
1592,SR,0.05334903694841804,hamilton_20
1593,SR,0.5160762195360957,hamilton_20
1594,SR,0.14949763742277203,hamilton_20
1595,SR,0.1299267311903331,hamilton_20
1596,SR,0.32182348326138527,hamilton_20
1597,SR,-0.033474551854034716,hamilton_20
1598,SR,0.07398942238063591,hamilton_20
1599,SR,0.09932544182569625,hamilton_20
1600,SR,0.34550086472820485,hamilton_20
1601,SR,-0.00728005451730176,hamilton_20
1602,SR,0.11439680089775002,hamilton_20
1603,SR,0.10324712855765852,hamilton_20
1604,SR,0.12406484804282614,hamilton_20
1605,SR,0.29722369558691486,hamilton_20
1606,SR,0.4907263166402541,hamilton_20
1608,SR,0.21830780224128823,hamilton_20
1609,SR,0.1020206194924583,hamilton_20
1610,SR,0.46800275960770765,hamilton_20
1611,SR,0.29000945445770887,hamilton_20
