neuron_id,n_pre,n_post,Mean_pre,Mean_post,Diff,U,p,session_name,neuron_type,group,sig,response
1069,600.0,1199.0,4.144832625267251e-17,1.1654934795177263,1.1654934795177263,360146.5,0.964591223411266,hamilton_01,SIR,SAL,False,non responder
1070,600.0,1199.0,-9.473903143468003e-17,-1.0915699702519968,-1.0915699702519968,589395.0,1.1393061031350704e-110,hamilton_01,SIR,SAL,True,inhibited
1071,600.0,1199.0,1.4802973661668753e-16,-2.9878715781079572,-2.9878715781079572,642816.5,1.3041651742501642e-164,hamilton_01,FF,SAL,True,inhibited
1072,600.0,1199.0,-9.473903143468003e-17,-2.805315551525856,-2.805315551525856,648612.0,2.936760183455788e-204,hamilton_01,FF,SAL,True,inhibited
1076,600.0,1199.0,-1.4210854715202004e-16,-2.3504192266210535,-2.3504192266210535,695085.5,4.779650991888488e-276,hamilton_01,SIR,SAL,True,inhibited
1077,600.0,1199.0,9.473903143468003e-17,-2.5044341978791365,-2.5044341978791365,653849.0,2.7116270129374945e-215,hamilton_01,SR,SAL,True,inhibited
1078,600.0,1199.0,1.1546319456101628e-16,-0.8483505566158831,-0.8483505566158832,554242.0,4.228732981867375e-119,hamilton_01,SR,SAL,True,inhibited
1080,600.0,1199.0,-4.500103993147302e-16,-4.721590399999311,-4.72159039999931,705167.0,7.718908891090436e-295,hamilton_01,SR,SAL,True,inhibited
1082,600.0,1199.0,-1.1250259982868254e-16,-1.3729387385237757,-1.3729387385237755,583525.5,7.592137462625441e-108,hamilton_01,SIR,SAL,True,inhibited
1085,600.0,1199.0,3.552713678800501e-17,-2.1233591078697986,-2.1233591078697986,628242.0,2.306887926733852e-181,hamilton_01,SR,SAL,True,inhibited
1088,600.0,1199.0,1.1842378929335004e-17,0.14057490314611884,0.14057490314611884,338839.0,0.0350365115311712,hamilton_02,SIR,CIT,False,non responder
1093,600.0,1199.0,0.0,0.01287481794326903,0.01287481794326903,350956.0,0.3929482404971524,hamilton_02,SIR,CIT,False,non responder
1094,600.0,1199.0,4.7369515717340015e-17,-0.029467734930226124,-0.029467734930226173,376318.5,0.10641154476567488,hamilton_02,SIR,CIT,False,non responder
1095,600.0,1199.0,-1.1842378929335003e-16,-0.30400767847588606,-0.30400767847588595,409694.5,1.373591315542259e-06,hamilton_02,SR,CIT,True,inhibited
1096,600.0,1199.0,1.3026616822268503e-16,0.4149469573824482,0.4149469573824481,310988.0,1.253092779907887e-06,hamilton_02,SIR,CIT,True,activated
1098,600.0,1199.0,-1.1842378929335003e-16,-0.6154274915715388,-0.6154274915715386,477630.0,1.6362303904881786e-31,hamilton_02,SIR,CIT,True,inhibited
1099,600.0,1199.0,-4.7369515717340015e-17,0.35643337897189803,0.3564333789718981,284872.0,2.2834913194477495e-13,hamilton_02,SIR,CIT,True,activated
1100,600.0,1199.0,0.0,1.1638008733405099,1.1638008733405099,175714.0,5.176378659855539e-74,hamilton_02,SR,CIT,True,activated
1102,600.0,1199.0,-5.921189464667501e-17,-0.6416023467813717,-0.6416023467813716,465470.0,6.842106736385692e-31,hamilton_02,SIR,CIT,True,inhibited
1103,600.0,1199.0,0.0,-0.4996959158668337,-0.4996959158668337,464227.0,2.8499500887475814e-25,hamilton_02,SR,CIT,True,inhibited
1104,600.0,1199.0,1.1842378929335004e-17,-0.5622246027296883,-0.5622246027296883,465853.5,9.875377079158546e-29,hamilton_02,SR,CIT,True,inhibited
1105,600.0,1199.0,7.105427357601002e-17,0.8014799135268134,0.8014799135268132,255654.0,1.5475612672599747e-26,hamilton_02,SIR,CIT,True,activated
1106,600.0,1199.0,1.6579330501069005e-16,-0.2503910791893728,-0.250391079189373,418680.0,1.3268877692591617e-09,hamilton_02,SR,CIT,True,inhibited
1107,600.0,1199.0,2.3684757858670008e-17,-0.16755612053595825,-0.16755612053595828,398480.0,9.527537881593108e-05,hamilton_02,SR,CIT,False,non responder
1110,600.0,1199.0,-4.7369515717340015e-17,-0.5293918887087513,-0.5293918887087513,462645.5,6.040299573511372e-26,hamilton_02,SIR,CIT,True,inhibited
1111,600.0,1199.0,0.0,-0.8171128065892768,-0.8171128065892768,479882.5,7.965385207754113e-34,hamilton_02,SR,CIT,True,inhibited
1143,600.0,1199.0,2.3684757858670008e-17,-0.676828376274907,-0.676828376274907,528488.5,1.1076148940560639e-74,hamilton_13,SR,SAL,True,inhibited
1144,600.0,1199.0,1.1250259982868254e-16,1.1874592156061252,1.187459215606125,224411.0,6.533127649412898e-39,hamilton_13,FF,SAL,True,activated
1146,600.0,1199.0,1.8947806286936006e-16,-1.774148858826283,-1.7741488588262833,637138.0,9.549066317790553e-158,hamilton_13,FF,SAL,True,inhibited
1148,600.0,1199.0,-3.1974423109204507e-16,-0.9670358933117685,-0.9670358933117682,513506.0,6.669798356210759e-50,hamilton_13,SR,SAL,True,inhibited
1149,600.0,1199.0,2.3684757858670008e-17,0.4511091097875636,0.4511091097875636,334463.0,0.012896323224936028,hamilton_13,FF,SAL,True,activated
1150,600.0,1199.0,2.3684757858670008e-17,0.8987088536105768,0.8987088536105768,247734.0,3.0650454331407194e-29,hamilton_13,FF,SAL,True,activated
1151,600.0,1199.0,9.473903143468003e-17,-0.41909669291974405,-0.41909669291974416,459007.0,1.619897196258354e-23,hamilton_13,SR,SAL,True,inhibited
1152,600.0,1199.0,1.1842378929335003e-16,-0.4938594177419353,-0.4938594177419354,467931.0,2.2765875926322058e-26,hamilton_13,SR,SAL,True,inhibited
1153,600.0,1199.0,-2.3684757858670008e-17,-0.2304119027890422,-0.23041190278904217,424703.5,1.0211650877091985e-12,hamilton_13,SR,SAL,True,inhibited
1154,600.0,1199.0,-4.4408920985006264e-17,-0.07103325263612488,-0.07103325263612484,380003.0,0.04008144214409798,hamilton_13,SR,SAL,False,non responder
1155,600.0,1199.0,-2.3684757858670006e-16,-1.161094909968712,-1.1610949099687118,504010.0,3.5568313206563436e-46,hamilton_13,SR,SAL,True,inhibited
1156,600.0,1199.0,-9.473903143468003e-17,-0.11953286712334023,-0.11953286712334013,389700.5,0.0029296884213559624,hamilton_13,SR,SAL,False,non responder
1157,600.0,1199.0,0.0,0.5143050921096799,0.5143050921096799,238071.0,1.614306412373555e-37,hamilton_13,SR,SAL,True,activated
1158,600.0,1199.0,-1.4210854715202004e-16,-1.3780110970645336,-1.3780110970645334,572540.0,1.123169601789263e-103,hamilton_13,SR,SAL,True,inhibited
1159,600.0,1199.0,-7.105427357601002e-17,0.3398102228762863,0.33981022287628637,277857.0,2.5766372312325624e-18,hamilton_13,SIR,SAL,True,activated
1161,600.0,1199.0,2.3684757858670008e-17,-0.39092060203146933,-0.39092060203146933,443270.0,6.664038174397077e-19,hamilton_13,SR,SAL,True,inhibited
1166,600.0,1199.0,0.0,0.4437663731133065,0.4437663731133065,301554.0,8.462785137061384e-09,hamilton_14,SR,CIT,True,activated
1167,600.0,1199.0,-2.8125649957170635e-17,0.9946981690068304,0.9946981690068304,197474.0,1.8654454921836809e-57,hamilton_14,SIR,CIT,True,activated
1173,600.0,1199.0,3.552713678800501e-17,0.24313752876510938,0.24313752876510936,315604.5,2.9077247979108494e-06,hamilton_14,SR,CIT,True,activated
1175,600.0,1199.0,5.921189464667502e-18,0.184551697835811,0.184551697835811,324482.5,0.0005931892975457179,hamilton_14,SR,CIT,False,non responder
1250,600.0,1199.0,-4.7369515717340015e-17,-0.36366698597174346,-0.3636669859717434,437045.5,9.159749508469263e-16,hamilton_23,SIR,CIT,True,inhibited
1251,600.0,1199.0,2.3684757858670008e-17,0.038613719371464524,0.0386137193714645,354106.5,0.5323299899194609,hamilton_23,SIR,CIT,False,non responder
1255,600.0,1199.0,-5.033011044967376e-17,-0.008913300568780437,-0.008913300568780386,363350.0,0.6870744037109857,hamilton_23,SR,CIT,False,non responder
1261,600.0,1199.0,7.105427357601002e-17,-0.826309158459305,-0.8263091584593051,426148.5,6.433189581277484e-12,hamilton_23,SR,CIT,True,inhibited
1263,600.0,1199.0,8.585724723767877e-17,0.36464015462948834,0.36464015462948823,318375.0,2.42370655652368e-05,hamilton_23,SIR,CIT,True,activated
1264,600.0,1199.0,1.0066022089934752e-16,-0.01540614216917776,-0.01540614216917786,364591.0,0.630697115286672,hamilton_23,SR,CIT,False,non responder
1265,600.0,1199.0,-1.2434497875801754e-16,-1.4323700251624885,-1.4323700251624882,617580.5,2.345075006679544e-170,hamilton_23,SIR,CIT,True,inhibited
1266,600.0,1199.0,1.1842378929335004e-17,-0.35012195467240725,-0.35012195467240725,439255.0,4.184312649788525e-15,hamilton_23,SIR,CIT,True,inhibited
1267,600.0,1199.0,3.552713678800501e-17,-0.830207799499817,-0.830207799499817,474087.0,6.263783337183634e-33,hamilton_23,SR,CIT,True,inhibited
1269,600.0,1199.0,-1.0658141036401502e-16,-0.8109745181851536,-0.8109745181851535,391604.0,0.0008791304457049826,hamilton_23,SR,CIT,True,inhibited
1270,600.0,1199.0,8.881784197001253e-17,-0.9905863907866458,-0.9905863907866459,528261.0,6.556955104854921e-62,hamilton_23,SR,CIT,True,inhibited
1272,600.0,1199.0,-1.1842378929335004e-17,0.35711039194267397,0.35711039194267397,280309.0,8.304279041207433e-15,hamilton_23,SIR,CIT,True,activated
1273,600.0,1199.0,-3.552713678800501e-17,0.20916295594126,0.20916295594126003,341291.0,0.03151583598777811,hamilton_23,SIR,CIT,True,activated
1274,600.0,1199.0,9.177843670234627e-17,0.06820974384487766,0.06820974384487756,350680.0,0.3478156630463759,hamilton_23,SR,CIT,False,non responder
1276,600.0,1199.0,-1.1842378929335004e-17,0.44615017651183814,0.44615017651183814,308310.5,6.509103721169626e-08,hamilton_23,SR,CIT,True,activated
1277,600.0,1199.0,2.960594732333751e-17,-0.33672367366075656,-0.3367236736607566,426799.0,4.221104566260214e-11,hamilton_23,SIR,CIT,True,inhibited
1280,600.0,1199.0,9.473903143468003e-17,-0.57809391560688,-0.5780939156068801,448853.0,3.187294346534868e-19,hamilton_23,SIR,CIT,True,inhibited
1281,600.0,1199.0,4.7369515717340015e-17,-0.20348141397763836,-0.20348141397763841,402064.0,8.647650719626971e-07,hamilton_23,SIR,CIT,True,inhibited
1283,600.0,1199.0,-1.6579330501069005e-16,0.18001146210220664,0.1800114621022068,329932.0,0.0038204871485097796,hamilton_23,SIR,CIT,False,non responder
1284,600.0,1199.0,2.102022259956963e-16,-0.3673856863484576,-0.3673856863484578,383858.0,0.010333617632586223,hamilton_23,SR,CIT,True,inhibited
1287,600.0,1199.0,-5.329070518200751e-17,-0.26671876329674155,-0.2667187632967415,422448.5,7.811505383547205e-10,hamilton_23,SIR,CIT,True,inhibited
1289,600.0,1199.0,1.0658141036401502e-16,-0.21069635909503323,-0.21069635909503334,408713.5,1.7576265425540324e-06,hamilton_23,SR,CIT,True,inhibited
1292,600.0,1199.0,-1.0658141036401502e-16,0.20718049175115713,0.20718049175115724,336992.5,0.015292174560087817,hamilton_23,SR,CIT,True,activated
1294,600.0,1199.0,3.552713678800501e-17,-0.7882917451311477,-0.7882917451311477,472070.5,4.574201667798682e-28,hamilton_23,SIR,CIT,True,inhibited
1299,600.0,1199.0,-2.3684757858670008e-17,-0.006543935286055856,-0.0065439352860558325,368431.5,0.3841038338688215,hamilton_23,SIR,CIT,False,non responder
1301,600.0,1199.0,1.1842378929335004e-17,0.2729048477616372,0.2729048477616372,308082.0,7.884918308085744e-08,hamilton_23,SR,CIT,True,activated
1302,600.0,1199.0,-4.7369515717340015e-17,0.36176454348757775,0.3617645434875778,297543.0,2.025169891742662e-10,hamilton_23,SIR,CIT,True,activated
1303,600.0,1199.0,1.7763568394002505e-17,0.07623071208812272,0.07623071208812271,342736.5,0.08966520120394915,hamilton_23,SIR,CIT,False,non responder
1305,600.0,1199.0,5.477100254817439e-17,-0.00857398141985411,-0.008573981419854165,360996.0,0.8787339818856101,hamilton_23,SIR,CIT,False,non responder
1312,600.0,1199.0,-2.1908401019269756e-16,-0.7554358488950385,-0.7554358488950382,475760.5,3.3602420399593276e-31,hamilton_23,SR,CIT,True,inhibited
1314,600.0,1199.0,-9.473903143468003e-17,-0.014597662628613325,-0.01459766262861323,356467.5,0.7429224758309818,hamilton_23,SIR,CIT,False,non responder
1315,600.0,1199.0,-1.8947806286936006e-16,-0.33565495850168325,-0.3356549585016831,392108.5,0.0006241802179785235,hamilton_23,SR,CIT,True,inhibited
1316,600.0,1199.0,8.585724723767877e-17,-0.26332519627204704,-0.26332519627204715,389469.5,0.0024026602649257957,hamilton_23,SR,CIT,True,inhibited
1317,600.0,1199.0,-1.1842378929335004e-17,0.646962945211016,0.646962945211016,259958.5,4.692017779713737e-25,hamilton_23,SR,CIT,True,activated
1318,600.0,1199.0,-9.473903143468003e-17,-1.0687494156320116,-1.0687494156320116,561725.5,4.292008903321332e-89,hamilton_23,SIR,CIT,True,inhibited
1319,600.0,1199.0,6.217248937900877e-17,-0.18571609133779288,-0.18571609133779293,399856.5,7.490599348101097e-05,hamilton_23,SIR,CIT,False,non responder
1320,600.0,1199.0,5.921189464667501e-17,-0.2350614512409284,-0.23506145124092845,402658.5,2.0742814471124922e-06,hamilton_23,SR,CIT,True,inhibited
1321,600.0,1199.0,-1.2434497875801754e-16,-0.3357004052586156,-0.3357004052586155,414962.0,4.4543516783234007e-10,hamilton_23,SR,CIT,True,inhibited
1323,600.0,1199.0,-2.3684757858670008e-17,-0.4778294653246143,-0.4778294653246143,454995.0,3.175833356582502e-48,hamilton_23,SR,CIT,True,inhibited
1325,600.0,1199.0,1.1842378929335003e-16,-1.1674181066168061,-1.1674181066168063,478758.0,1.8072005667145751e-34,hamilton_23,SR,CIT,True,inhibited
1328,600.0,1199.0,8.289665250534503e-17,0.0033454093309884065,0.0033454093309883237,356419.5,0.7266304838159563,hamilton_23,SR,CIT,False,non responder
1329,600.0,1199.0,4.4408920985006264e-17,0.2841870497497507,0.2841870497497506,309965.0,1.6157622369939895e-07,hamilton_23,SR,CIT,True,activated
1330,600.0,1199.0,-2.3684757858670006e-16,-1.2084735527358064,-1.2084735527358061,559099.5,3.519528338626559e-82,hamilton_23,FF,CIT,True,inhibited
1331,600.0,1199.0,3.552713678800501e-17,-0.861806985998306,-0.861806985998306,520249.0,1.9676390516062666e-56,hamilton_23,SR,CIT,True,inhibited
1333,600.0,1199.0,0.0,0.11398186684080043,0.11398186684080043,346591.0,0.17032101268847444,hamilton_23,SIR,CIT,False,non responder
1334,600.0,1199.0,3.700743415417188e-17,0.14899591916021002,0.14899591916021,333068.0,0.0036558928565299537,hamilton_23,SR,CIT,False,non responder
1338,600.0,1199.0,3.552713678800501e-16,-3.6218877568466286,-3.621887756846629,709832.0,1.6560486053617473e-253,hamilton_23,FF,CIT,True,inhibited
1339,600.0,1199.0,1.1842378929335003e-16,3.84062400829193,3.84062400829193,73317.0,2.6453004512519674e-168,hamilton_23,SIR,CIT,True,activated
1341,600.0,1199.0,2.3684757858670008e-17,0.22992601911106963,0.2299260191110696,346630.0,0.15834904411924788,hamilton_23,SR,CIT,False,non responder
1342,600.0,1199.0,-3.552713678800501e-17,0.261371018655056,0.2613710186550561,315666.0,1.7842923499340485e-06,hamilton_23,SIR,CIT,True,activated
1343,600.0,1199.0,1.7763568394002505e-17,0.2511321802745257,0.2511321802745257,311359.0,5.184861462920468e-07,hamilton_23,SIR,CIT,True,activated
1344,600.0,1199.0,-4.7369515717340015e-17,0.36032426466151507,0.3603242646615151,301984.0,1.0406432305344638e-08,hamilton_23,SR,CIT,True,activated
1345,600.0,1199.0,-5.921189464667501e-17,2.6505684140434935,2.6505684140434935,237821.0,4.6711036268621656e-33,hamilton_23,SIR,CIT,True,activated
1347,600.0,1199.0,-2.960594732333751e-18,-0.43047181264612605,-0.43047181264612605,460097.0,2.8399732659344998e-27,hamilton_23,SIR,CIT,True,inhibited
1349,600.0,1199.0,7.105427357601002e-17,0.2975450846226091,0.29754508462260904,306039.0,6.260814823031598e-08,hamilton_23,SR,CIT,True,activated
1350,600.0,1199.0,1.391479524196863e-16,0.8068566200653448,0.8068566200653446,234591.0,2.63923270138557e-34,hamilton_07,SIR,SAL,True,activated
1354,600.0,1199.0,-1.5395092608135505e-16,-2.4428811839235163,-2.4428811839235163,610255.0,4.371211078603785e-133,hamilton_07,SIR,SAL,True,inhibited
1356,600.0,1199.0,-1.1842378929335003e-16,-0.5531247461744146,-0.5531247461744145,461284.0,3.0890980549445403e-23,hamilton_07,SR,SAL,True,inhibited
1357,600.0,1199.0,-1.4210854715202004e-16,-2.256024885727996,-2.256024885727996,586583.5,6.790579931549806e-115,hamilton_07,SR,SAL,True,inhibited
1361,600.0,1199.0,-3.552713678800501e-17,-1.2321897231610335,-1.2321897231610335,590465.5,1.1563515021134969e-110,hamilton_07,SR,SAL,True,inhibited
1362,600.0,1199.0,-3.0938214952887695e-16,-3.7070362210972325,-3.707036221097232,634603.0,9.630122198367207e-175,hamilton_07,SR,SAL,True,inhibited
1363,600.0,1199.0,4.263256414560601e-16,-3.758620331688814,-3.7586203316888143,600938.0,1.1437354361102652e-129,hamilton_07,SR,SAL,True,inhibited
1364,600.0,1199.0,1.435888445181869e-16,-1.9907208405946315,-1.9907208405946317,532722.0,5.108426966427786e-66,hamilton_07,SR,SAL,True,inhibited
1366,600.0,1199.0,2.9605947323337506e-16,-2.262481365668611,-2.2624813656686116,567448.5,2.61832368037415e-97,hamilton_07,SR,SAL,True,inhibited
1368,600.0,1199.0,9.473903143468003e-17,-0.21525620576989832,-0.2152562057698984,409243.0,9.698586466408786e-07,hamilton_07,SIR,SAL,True,inhibited
1369,600.0,1199.0,0.0,-1.8027016856033395,-1.8027016856033395,668392.5,1.9809727205697334e-198,hamilton_07,FF,SAL,True,inhibited
1373,600.0,1199.0,1.1842378929335004e-17,-0.7832731048321557,-0.7832731048321557,527624.5,4.7632878570814244e-60,hamilton_07,SR,SAL,True,inhibited
1378,600.0,1199.0,3.552713678800501e-16,-3.5748221548494166,-3.574822154849417,678222.5,3.633413326079826e-212,hamilton_07,SR,SAL,True,inhibited
1379,600.0,1199.0,1.1842378929335003e-16,-0.33093105247111587,-0.330931052471116,436438.5,1.1007050050518437e-13,hamilton_07,SR,SAL,True,inhibited
1380,600.0,1199.0,0.0,1.436374551644452,1.436374551644452,119695.5,5.790097920187906e-119,hamilton_07,SIR,SAL,True,activated
1383,600.0,1199.0,3.434289889507151e-16,0.25132389070323585,0.2513238907032355,351543.5,0.43023651205345426,hamilton_07,FF,SAL,False,non responder
1384,600.0,1199.0,-8.881784197001253e-17,-1.3178951932691672,-1.3178951932691672,582251.0,1.0926547502183064e-102,hamilton_07,FF,SAL,True,inhibited
1385,600.0,1199.0,-1.4210854715202004e-16,1.397568545094071,1.3975685450940711,241713.0,1.6984240065002535e-30,hamilton_07,SR,SAL,True,activated
1386,600.0,1199.0,-1.4210854715202004e-16,0.817084990861838,0.8170849908618381,196506.0,2.8854034434056497e-56,hamilton_07,FF,SAL,True,activated
1387,600.0,1199.0,8.881784197001253e-17,0.44952844394413155,0.44952844394413144,294224.5,2.626812551670899e-10,hamilton_07,SIR,SAL,True,activated
1393,600.0,1199.0,8.881784197001253e-18,-3.744019511662315,-3.744019511662315,685184.0,2.18264230220204e-265,hamilton_07,SR,SAL,True,inhibited
1394,600.0,1199.0,9.473903143468003e-17,-2.613086526431481,-2.613086526431481,660725.0,8.471943232788566e-211,hamilton_07,SR,SAL,True,inhibited
1396,600.0,1199.0,-1.8947806286936006e-16,-0.5363397190597998,-0.5363397190597996,458241.5,2.6066140819337316e-22,hamilton_07,SR,SAL,True,inhibited
1398,600.0,1199.0,1.6579330501069005e-16,-2.5421684332822228,-2.5421684332822228,678409.0,7.101089882008273e-218,hamilton_07,FF,SAL,True,inhibited
1399,600.0,1199.0,4.3816802038539513e-16,-4.717644535829575,-4.717644535829575,621364.0,5.841341483876728e-143,hamilton_07,SR,SAL,True,inhibited
1401,600.0,1199.0,-4.7369515717340015e-17,0.26200450314633605,0.2620045031463361,347663.0,0.21789547309553836,hamilton_07,SIR,SAL,False,non responder
1405,600.0,1199.0,1.7171449447535754e-16,-3.119211354032109,-3.119211354032109,645414.0,1.128785958864447e-186,hamilton_07,SR,SAL,True,inhibited
1406,600.0,1199.0,-1.8947806286936006e-16,-2.7232052534031173,-2.7232052534031173,665424.0,6.155687010480885e-208,hamilton_07,SR,SAL,True,inhibited
1408,600.0,1199.0,1.8947806286936006e-16,-2.143702257591926,-2.143702257591926,629837.5,2.808542723163847e-162,hamilton_07,SIR,SAL,True,inhibited
1410,600.0,1199.0,1.1842378929335003e-16,-0.8509402922790389,-0.850940292279039,536021.0,6.646659056984444e-66,hamilton_07,SIR,SAL,True,inhibited
1411,600.0,1199.0,-1.8947806286936006e-16,-3.5159542743577337,-3.5159542743577337,623558.0,3.376963359179827e-159,hamilton_07,SIR,SAL,True,inhibited
1412,600.0,1199.0,-1.8947806286936006e-16,-1.7578755726087272,-1.757875572608727,597494.5,4.0084162341420405e-124,hamilton_07,SR,SAL,True,inhibited
1413,600.0,1199.0,-2.250051996573651e-16,-2.433264745666556,-2.4332647456665555,607562.5,5.203489013308434e-133,hamilton_07,SR,SAL,True,inhibited
1414,600.0,1199.0,-1.0658141036401502e-16,-0.012774492007820892,-0.012774492007820786,375399.0,0.08736794662765623,hamilton_08,SR,CIT,False,non responder
1416,600.0,1199.0,1.2138438402568377e-16,-0.056062144614472315,-0.05606214461447243,376727.5,0.07320294695134952,hamilton_08,SR,CIT,False,non responder
1417,600.0,1199.0,7.327471962526034e-17,0.025064160623807136,0.025064160623807064,366150.0,0.516705819651219,hamilton_08,SIR,CIT,False,non responder
1422,600.0,1199.0,0.0,0.06040637746251049,0.06040637746251049,370370.5,0.28360833241994776,hamilton_08,SIR,CIT,False,non responder
1426,600.0,1199.0,-1.7763568394002505e-17,-0.2810897184468906,-0.2810897184468906,417814.0,3.376986393925861e-10,hamilton_08,SIR,CIT,True,inhibited
1430,600.0,1199.0,-5.921189464667502e-18,-0.13966036910917484,-0.13966036910917484,402709.5,5.523891383808965e-06,hamilton_08,SIR,CIT,False,non responder
1434,600.0,1199.0,-1.4802973661668754e-17,-0.112791415551616,-0.11279141555161598,383677.5,0.013017341446868867,hamilton_08,SIR,CIT,False,non responder
1435,600.0,1199.0,-2.1168252336186319e-16,0.6209213742104697,0.6209213742104699,267916.5,8.657029558344735e-22,hamilton_08,SR,CIT,True,activated
1437,600.0,1199.0,-2.842170943040401e-16,0.09308114297653906,0.09308114297653934,321152.5,0.0001656629741308243,hamilton_08,SR,CIT,False,non responder
1438,600.0,1199.0,-4.144832625267251e-17,-0.12580906995668026,-0.12580906995668023,392831.5,0.0002867904564354859,hamilton_08,SIR,CIT,False,non responder
1439,600.0,1199.0,-2.102022259956963e-16,-0.48000573575939437,-0.48000573575939415,446496.5,7.823496915173848e-19,hamilton_08,SIR,CIT,True,inhibited
1441,600.0,1199.0,-3.552713678800501e-17,-0.18892880457011274,-0.1889288045701127,406889.0,2.4366716728697763e-06,hamilton_08,SIR,CIT,False,non responder
1443,600.0,1199.0,-1.1546319456101628e-16,-0.4988089926270829,-0.4988089926270828,468228.0,7.833153087662419e-28,hamilton_08,SR,CIT,True,inhibited
1445,600.0,1199.0,5.921189464667502e-18,-0.1526454563832249,-0.1526454563832249,417451.0,1.04498592127165e-09,hamilton_08,SR,CIT,False,non responder
1446,600.0,1199.0,0.0,0.89829723789608,0.89829723789608,214143.5,9.15480344000966e-46,hamilton_08,SIR,CIT,True,activated
1447,600.0,1199.0,-6.513308411134252e-17,-0.20482840542686623,-0.20482840542686617,402588.0,1.72271259112502e-05,hamilton_08,SR,CIT,True,inhibited
1448,600.0,1199.0,-2.3684757858670008e-17,-0.11156306014390398,-0.11156306014390395,390833.0,0.0019944233506688103,hamilton_08,SIR,CIT,False,non responder
1452,600.0,1199.0,4.7369515717340015e-17,0.21597488118998195,0.2159748811899819,335664.0,0.019455779602654374,hamilton_08,SIR,CIT,True,activated
1455,600.0,1199.0,-1.1842378929335004e-17,0.18595302305385786,0.18595302305385786,283309.0,1.0011747221068241e-13,hamilton_08,SIR,CIT,False,non responder
1458,600.0,1199.0,0.0,0.4974772603901906,0.4974772603901906,229905.0,6.92443501193104e-45,hamilton_08,SIR,CIT,True,activated
1459,600.0,1199.0,-2.3684757858670008e-17,2.467137943423609,2.467137943423609,218264.5,6.010632047493296e-47,hamilton_08,SIR,CIT,True,activated
1463,600.0,1199.0,-3.552713678800501e-17,2.2629511263731406,2.2629511263731406,201157.5,1.1232439187892347e-56,hamilton_08,SIR,CIT,True,activated
1465,600.0,1199.0,5.921189464667501e-17,0.33969064523377324,0.3396906452337732,330050.5,0.0014408427281607551,hamilton_08,SIR,CIT,True,activated
1466,600.0,1199.0,1.1842378929335004e-17,-0.8331453259149978,-0.8331453259149978,506652.0,1.4383484925064046e-60,hamilton_08,FF,CIT,True,inhibited
1468,600.0,1199.0,3.552713678800501e-17,-0.5255244252377151,-0.5255244252377151,461124.5,4.435896868901091e-25,hamilton_08,SIR,CIT,True,inhibited
1469,600.0,1199.0,1.9539925233402755e-16,-1.3276350375095247,-1.327635037509525,539171.5,1.6606952221035697e-68,hamilton_08,SIR,CIT,True,inhibited
1470,600.0,1199.0,0.0,-1.4506843367915547,-1.4506843367915547,628834.5,9.671241455880766e-172,hamilton_08,SR,CIT,True,inhibited
1471,600.0,1199.0,-2.3684757858670008e-17,-0.20666087593043755,-0.20666087593043753,378815.0,0.053487473720660865,hamilton_08,SR,CIT,False,non responder
1474,600.0,1199.0,1.2878587085651815e-16,-0.15029099353887732,-0.15029099353887745,399322.0,8.629304917818896e-05,hamilton_08,SR,CIT,False,non responder
1475,600.0,1199.0,5.921189464667501e-17,-0.22533875704220852,-0.22533875704220857,405490.5,8.418416798125971e-07,hamilton_08,SR,CIT,True,inhibited
1479,600.0,1199.0,5.625129991434127e-17,-0.4364818899082431,-0.43648188990824316,452359.0,1.6522170754606934e-19,hamilton_08,SIR,CIT,True,inhibited
1480,600.0,1199.0,-3.552713678800501e-17,-0.24171432776918766,-0.24171432776918764,407897.0,1.1992085952997083e-06,hamilton_08,SIR,CIT,True,inhibited
1481,600.0,1199.0,-1.139828971948494e-16,-0.07751435213779283,-0.07751435213779272,379964.0,0.04420902150126427,hamilton_08,SIR,CIT,False,non responder
1482,600.0,1199.0,-9.473903143468003e-17,-0.14816017425277228,-0.1481601742527722,393323.5,0.00102864810827335,hamilton_08,SR,CIT,False,non responder
1483,600.0,1199.0,2.3684757858670008e-17,0.25507934282212796,0.25507934282212796,370896.0,0.25555285666416316,hamilton_08,SIR,CIT,False,non responder
1484,600.0,1199.0,-1.3618735768735253e-16,-0.004775280915517002,-0.004775280915516866,365015.5,0.5800632839959172,hamilton_08,SIR,CIT,False,non responder
1485,600.0,1199.0,5.921189464667502e-18,-0.017754481813553165,-0.017754481813553172,384774.0,0.012727628860287731,hamilton_08,SIR,CIT,False,non responder
1486,600.0,1199.0,-7.105427357601002e-17,0.04802878908565504,0.04802878908565511,363373.5,0.7086688154594833,hamilton_08,SR,CIT,False,non responder
1487,600.0,1199.0,2.3684757858670008e-17,-0.012049496691635206,-0.01204949669163523,363663.0,0.6680903870542934,hamilton_08,SIR,CIT,False,non responder
1489,600.0,1199.0,-4.7369515717340015e-17,-0.09533821127519171,-0.09533821127519167,380848.5,0.021349525421507462,hamilton_08,SIR,CIT,False,non responder
1490,600.0,1199.0,1.1842378929335004e-17,-0.4593843171312845,-0.4593843171312845,441889.5,8.52495511261313e-18,hamilton_08,SR,CIT,True,inhibited
1491,600.0,1199.0,-4.144832625267251e-17,-0.3426054684461147,-0.34260546844611467,431766.0,3.535401680298108e-14,hamilton_08,SIR,CIT,True,inhibited
1493,600.0,1199.0,2.6053233644537007e-16,-1.9162711491836535,-1.9162711491836537,520882.0,7.043024106846762e-57,hamilton_19,SR,SAL,True,inhibited
1494,600.0,1199.0,-8.289665250534503e-17,1.0590842742351994,1.0590842742351994,177581.5,1.2276265578090963e-69,hamilton_19,SR,SAL,True,activated
1495,600.0,1199.0,-2.1316282072803005e-16,-1.4713457049227603,-1.47134570492276,529560.0,1.1460168010866382e-62,hamilton_19,SR,SAL,True,inhibited
1496,600.0,1199.0,-2.3684757858670006e-16,-1.4761360213591246,-1.4761360213591244,529224.0,1.9473658935798644e-62,hamilton_19,SR,SAL,True,inhibited
1497,600.0,1199.0,-2.782959048393726e-16,-2.455581047131753,-2.4555810471317527,569029.0,1.7315659604321474e-93,hamilton_19,SR,SAL,True,inhibited
1498,600.0,1199.0,3.1974423109204507e-16,-1.6042350471951665,-1.6042350471951667,557471.5,8.266060739863512e-85,hamilton_19,SIR,SAL,True,inhibited
1500,600.0,1199.0,2.3684757858670008e-17,0.30002502821855065,0.30002502821855065,355450.0,0.6499149768924644,hamilton_19,SR,SAL,False,non responder
1502,600.0,1199.0,-7.105427357601002e-17,-1.5300366823257316,-1.5300366823257316,646790.0,1.9797401665863567e-175,hamilton_19,SR,SAL,True,inhibited
1504,600.0,1199.0,9.473903143468003e-17,-2.822182030907044,-2.822182030907044,619643.0,1.205882274701429e-140,hamilton_19,FF,SAL,True,inhibited
1505,600.0,1199.0,-3.434289889507151e-16,-2.8778372782616817,-2.8778372782616812,642345.0,3.0744758708060177e-179,hamilton_19,SR,SAL,True,inhibited
1507,600.0,1199.0,-1.2434497875801754e-16,-0.3663759491943276,-0.3663759491943275,438569.5,2.1292665010026992e-15,hamilton_19,SR,SAL,True,inhibited
1510,600.0,1199.0,2.3684757858670006e-16,-2.4609176829319575,-2.460917682931958,567878.5,7.923489012251762e-90,hamilton_19,FF,SAL,True,inhibited
1512,600.0,1199.0,-7.105427357601002e-17,-1.650293319367082,-1.650293319367082,541181.0,1.1353760239275933e-69,hamilton_19,SR,SAL,True,inhibited
1514,600.0,1199.0,2.7237471537470505e-16,-0.8459161745863664,-0.8459161745863666,511610.5,2.2477244254656736e-50,hamilton_19,SR,SAL,True,inhibited
1515,600.0,1199.0,1.8947806286936006e-16,-1.0095460754988634,-1.0095460754988637,510862.0,1.5016525801373397e-48,hamilton_19,SR,SAL,True,inhibited
1516,600.0,1199.0,-2.3684757858670008e-17,1.6055211328595296,1.6055211328595296,293887.0,1.1199585836981781e-14,hamilton_19,SIR,SAL,True,activated
1517,600.0,1199.0,5.329070518200751e-17,0.2840520778914953,0.2840520778914952,353871.5,0.568207058716407,hamilton_19,SIR,SAL,False,non responder
1519,600.0,1199.0,1.1842378929335004e-17,-0.09049584584874128,-0.09049584584874129,403156.5,1.747170909474072e-05,hamilton_19,SIR,SAL,False,non responder
1521,600.0,1199.0,1.1842378929335004e-17,1.1358335204126768,1.1358335204126768,303822.5,2.1327362274506535e-09,hamilton_19,SIR,SAL,True,activated
1523,600.0,1199.0,4.7369515717340015e-17,-0.3436466599264352,-0.3436466599264353,452851.0,8.838748726067532e-20,hamilton_19,SR,SAL,True,inhibited
1524,600.0,1199.0,-2.3684757858670008e-17,-0.11803220671726124,-0.11803220671726121,362660.0,0.7337545076759135,hamilton_19,SIR,SAL,False,non responder
1525,600.0,1199.0,0.0,1.2626060414104407,1.2626060414104407,241818.0,5.797810045593919e-31,hamilton_19,SIR,SAL,True,activated
1526,600.0,1199.0,-2.1316282072803005e-16,1.6138350748187706,1.6138350748187709,111427.5,9.509884519451118e-128,hamilton_19,FF,SAL,True,activated
1528,600.0,1199.0,-2.3684757858670008e-17,1.0363085542657267,1.0363085542657267,119425.0,3.3740196518518467e-130,hamilton_19,SR,SAL,True,activated
1529,600.0,1199.0,-2.3684757858670008e-17,-1.160400369834311,-1.160400369834311,544907.5,3.5115821271725914e-74,hamilton_19,SR,SAL,True,inhibited
1530,600.0,1199.0,3.552713678800501e-17,-1.6539194204081349,-1.6539194204081349,556480.5,9.304924380197262e-85,hamilton_19,SR,SAL,True,inhibited
1531,600.0,1199.0,2.250051996573651e-16,-2.4880364494896052,-2.4880364494896057,628940.0,7.461610701504583e-153,hamilton_19,SR,SAL,True,inhibited
1532,600.0,1199.0,3.138230416273776e-16,-2.645131582324586,-2.6451315823245865,558432.0,3.5119542301614186e-85,hamilton_19,SR,SAL,True,inhibited
1533,600.0,1199.0,2.3684757858670006e-16,2.354518740744467,2.3545187407444668,110239.0,4.862152751115698e-128,hamilton_19,FF,SAL,True,activated
1535,600.0,1199.0,4.144832625267251e-17,-0.002550905541972306,-0.0025509055419723477,392635.0,0.0014800311823783161,hamilton_19,SIR,SAL,False,non responder
1536,600.0,1199.0,-1.8799776550319318e-16,-1.4805596416808149,-1.4805596416808147,565406.5,4.2050395930462815e-88,hamilton_19,FF,SAL,True,inhibited
1537,600.0,1199.0,4.7369515717340015e-17,0.90801597164631,0.90801597164631,205709.0,1.470940918989311e-50,hamilton_19,SIR,SAL,True,activated
1538,600.0,1199.0,2.3684757858670008e-17,0.7133566545404596,0.7133566545404596,323006.5,0.0003404530495052768,hamilton_19,SIR,SAL,True,activated
1540,600.0,1199.0,-3.967196941327226e-16,-3.354896892091894,-3.3548968920918933,622488.5,6.214377562594325e-145,hamilton_19,SR,SAL,True,inhibited
1541,600.0,1199.0,7.105427357601002e-17,-1.6025827306310612,-1.6025827306310612,547423.0,1.0375518475995812e-76,hamilton_19,SR,SAL,True,inhibited
1542,600.0,1199.0,-3.552713678800501e-17,0.19933199717434344,0.19933199717434347,336965.0,0.022873370296366047,hamilton_19,SIR,SAL,False,non responder
1544,600.0,1199.0,-7.105427357601002e-17,-0.25700322208304816,-0.2570032220830481,418336.5,2.9131657959287065e-10,hamilton_19,SIR,SAL,True,inhibited
1545,600.0,1199.0,0.0,1.3592631293203163,1.3592631293203163,157728.5,1.644481299515798e-90,hamilton_19,FF,SAL,True,activated
1550,600.0,1199.0,-2.3684757858670006e-16,-1.547852929531246,-1.5478529295312458,622728.5,1.651061780998986e-141,hamilton_19,FF,SAL,True,inhibited
1551,600.0,1199.0,1.2434497875801754e-16,1.2704523180613205,1.2704523180613203,137053.5,1.3199992046584492e-102,hamilton_19,FF,SAL,True,activated
1552,600.0,1199.0,4.7369515717340015e-17,2.894200204099195,2.894200204099195,45216.0,5.651278369082043e-202,hamilton_19,SIR,SAL,True,activated
1554,600.0,1199.0,1.0658141036401502e-16,-0.37224752245655435,-0.37224752245655446,433363.5,3.0953052469747013e-14,hamilton_20,SR,CIT,True,inhibited
1556,600.0,1199.0,-7.105427357601002e-17,-0.6569210745652868,-0.6569210745652867,518849.0,1.8720163362199948e-56,hamilton_20,SR,CIT,True,inhibited
1557,600.0,1199.0,2.842170943040401e-16,-0.3406443270743492,-0.3406443270743495,408256.0,1.8116214367818053e-06,hamilton_20,SR,CIT,True,inhibited
1558,600.0,1199.0,2.3684757858670008e-17,-0.14709805398899914,-0.14709805398899917,391761.5,0.0013583107141793692,hamilton_20,SIR,CIT,False,non responder
1559,600.0,1199.0,-3.079018521627101e-16,-0.9272818678126683,-0.927281867812668,505205.0,3.363227820630961e-57,hamilton_20,SR,CIT,True,inhibited
1560,600.0,1199.0,7.105427357601002e-17,-2.7650415379504905,-2.7650415379504905,646359.0,3.133126824536879e-169,hamilton_20,SR,CIT,True,inhibited
1562,600.0,1199.0,-2.546111469807026e-16,-1.2021078916696062,-1.202107891669606,529666.0,1.009101872795744e-67,hamilton_20,SR,CIT,True,inhibited
1563,600.0,1199.0,-5.921189464667501e-17,-0.1944909477347355,-0.19449094773473544,401352.5,1.701939406023646e-05,hamilton_20,SIR,CIT,False,non responder
1564,600.0,1199.0,-1.1250259982868254e-16,-0.4024197957652435,-0.4024197957652434,426272.0,5.264867600592119e-13,hamilton_20,SR,CIT,True,inhibited
1565,600.0,1199.0,-9.473903143468003e-17,-1.6917703643541617,-1.6917703643541617,625148.0,6.0560928991645044e-148,hamilton_20,SR,CIT,True,inhibited
1569,600.0,1199.0,2.3684757858670008e-17,-0.23793884801472345,-0.23793884801472348,412914.0,1.6550554503354453e-07,hamilton_20,SIR,CIT,True,inhibited
1570,600.0,1199.0,1.4210854715202004e-16,-1.3652739198192452,-1.3652739198192454,575195.5,4.3234205364564795e-98,hamilton_20,SR,CIT,True,inhibited
1572,600.0,1199.0,-3.907985046680551e-16,-1.698061193949081,-1.6980611939490806,583334.0,2.394828331519418e-106,hamilton_20,SR,CIT,True,inhibited
1573,600.0,1199.0,-1.7763568394002505e-17,-1.5705602304937443,-1.5705602304937443,653107.0,1.15912913310683e-179,hamilton_20,SR,CIT,True,inhibited
1574,600.0,1199.0,5.033011044967376e-17,0.35197912929528197,0.3519791292952819,337442.0,0.02754960766227711,hamilton_20,SR,CIT,True,activated
1575,600.0,1199.0,1.1842378929335004e-17,-0.7340000495508093,-0.7340000495508093,518437.0,1.8118762940156507e-60,hamilton_20,SR,CIT,True,inhibited
1577,600.0,1199.0,3.315866100213801e-16,-0.7284319258599659,-0.7284319258599662,483258.0,4.195717212963996e-37,hamilton_20,SR,CIT,True,inhibited
1578,600.0,1199.0,1.0066022089934752e-16,1.42429053030554,1.42429053030554,414513.0,5.4699648399251576e-09,hamilton_20,SIR,CIT,True,activated
1580,600.0,1199.0,2.0724163126336256e-17,1.074708508421065,1.074708508421065,314133.5,1.3390582692814171e-06,hamilton_20,SIR,CIT,True,activated
1581,600.0,1199.0,8.289665250534503e-17,1.1251342011336258,1.1251342011336258,193281.0,4.688238020798378e-59,hamilton_20,SR,CIT,True,activated
1582,600.0,1199.0,-7.697546304067752e-17,-0.6322021092976453,-0.6322021092976452,471164.0,1.481480659830003e-33,hamilton_20,SR,CIT,True,inhibited
1584,600.0,1199.0,-1.8947806286936006e-16,-0.760557320237849,-0.7605573202378488,501977.0,1.510655150197314e-45,hamilton_20,SIR,CIT,True,inhibited
1585,600.0,1199.0,1.1842378929335003e-16,-1.3942882646480186,-1.3942882646480188,596189.0,9.76977521113152e-141,hamilton_20,SR,CIT,True,inhibited
1587,600.0,1199.0,-3.789561257387201e-16,-4.210157314177937,-4.210157314177937,718075.5,5.627108434884392e-262,hamilton_20,SIR,CIT,True,inhibited
1588,600.0,1199.0,3.4935017841538257e-16,-1.7251297106109853,-1.7251297106109857,580731.5,2.3053952482475682e-110,hamilton_20,SR,CIT,True,inhibited
1589,600.0,1199.0,-5.477100254817439e-17,-0.5225127633260076,-0.5225127633260076,468329.5,9.27613776488108e-28,hamilton_20,SIR,CIT,True,inhibited
1590,600.0,1199.0,1.6579330501069005e-16,-0.6932291207092334,-0.6932291207092335,469568.5,3.500381382409039e-34,hamilton_20,SR,CIT,True,inhibited
1592,600.0,1199.0,-2.960594732333751e-18,0.17013568155694142,0.17013568155694142,309896.0,2.975317916378619e-07,hamilton_20,SIR,CIT,False,non responder
1593,600.0,1199.0,2.960594732333751e-17,0.03397243609769744,0.033972436097697414,368714.0,0.3217796398996212,hamilton_20,SR,CIT,False,non responder
1594,600.0,1199.0,7.697546304067752e-17,-0.2244530677601176,-0.2244530677601177,404783.0,1.1771654062074982e-07,hamilton_20,SIR,CIT,True,inhibited
1596,600.0,1199.0,-4.144832625267251e-17,-0.2455662095921354,-0.24556620959213538,417966.5,6.913104467082457e-11,hamilton_20,SR,CIT,True,inhibited
1598,600.0,1199.0,0.0,-1.3108730583461465,-1.3108730583461465,544094.0,2.7497554947249933e-92,hamilton_20,SR,CIT,True,inhibited
1599,600.0,1199.0,-7.993605777301127e-17,-0.6412880172174706,-0.6412880172174705,491150.5,2.6851698088578176e-49,hamilton_20,SR,CIT,True,inhibited
1600,600.0,1199.0,2.3684757858670008e-17,-0.4204105766969478,-0.4204105766969478,427003.0,1.655426906484716e-51,hamilton_20,SIR,CIT,True,inhibited
1602,600.0,1199.0,5.921189464667501e-17,-0.0809407976258312,-0.08094079762583126,371294.5,0.25724326180290014,hamilton_20,SR,CIT,False,non responder
1603,600.0,1199.0,2.6349293117770384e-16,0.0428621704007159,0.04286217040071564,363580.5,0.6734008411668795,hamilton_20,SR,CIT,False,non responder
1604,600.0,1199.0,1.7763568394002505e-17,-0.843114586154633,-0.843114586154633,523302.0,3.465525792447467e-60,hamilton_20,SIR,CIT,True,inhibited
1605,600.0,1199.0,3.552713678800501e-17,-0.364676327718614,-0.3646763277186141,451488.0,6.505009278507588e-20,hamilton_20,SIR,CIT,True,inhibited
1606,600.0,1199.0,0.0,-0.05827010436243974,-0.05827010436243974,392017.5,0.00122613033521551,hamilton_20,SIR,CIT,False,non responder
1608,600.0,1199.0,1.7763568394002505e-17,-0.5928661415102046,-0.5928661415102046,489162.5,1.0260236976376525e-47,hamilton_20,SR,CIT,True,inhibited
1609,600.0,1199.0,2.3684757858670006e-16,-1.3376654660948473,-1.3376654660948475,542542.0,5.632061712171639e-85,hamilton_20,SR,CIT,True,inhibited
1610,600.0,1199.0,9.473903143468003e-17,-0.9713871206160901,-0.9713871206160902,612512.5,1.0857629547452296e-153,hamilton_20,SIR,CIT,True,inhibited
2369,600.0,1199.0,-4.7369515717340015e-17,0.5223150449609729,0.5223150449609729,245163.5,3.964126255221458e-29,chronic_08,SIR,CIT,True,activated
2370,600.0,1199.0,9.473903143468003e-17,-0.6420306281250916,-0.6420306281250917,485497.5,1.4438340384417592e-34,chronic_08,SIR,CIT,True,inhibited
2371,600.0,1199.0,-1.1842378929335003e-16,-0.7696019037390593,-0.7696019037390592,537220.5,1.3780983660449632e-69,chronic_08,SIR,CIT,True,inhibited
2372,600.0,1199.0,1.4210854715202004e-16,-0.44291900990225114,-0.4429190099022513,450182.5,2.310513814040254e-18,chronic_08,SIR,CIT,True,inhibited
2374,600.0,1199.0,9.473903143468003e-17,0.8445896942474032,0.844589694247403,194761.0,2.1537046784961495e-58,chronic_08,SIR,CIT,True,activated
2375,600.0,1199.0,-2.3684757858670008e-17,-0.037761101612233575,-0.037761101612233554,399871.0,1.7421414667308493e-06,chronic_08,SIR,CIT,False,non responder
2376,600.0,1199.0,5.921189464667501e-17,0.7461906316781467,0.7461906316781466,264962.5,3.566362717712655e-20,chronic_08,SR,CIT,True,activated
2377,600.0,1199.0,-4.7369515717340015e-17,-0.6766364333740297,-0.6766364333740297,493683.5,5.441437274439684e-39,chronic_08,SR,CIT,True,inhibited
2380,600.0,1199.0,1.1842378929335003e-16,-0.657554871202152,-0.6575548712021521,503732.5,2.963309363534976e-70,chronic_08,SR,CIT,True,inhibited
2381,600.0,1199.0,9.473903143468003e-17,-0.49717695025499403,-0.49717695025499414,471274.0,6.614117080419131e-36,chronic_08,SIR,CIT,True,inhibited
2386,600.0,1199.0,4.7369515717340015e-17,-0.27423544891856916,-0.2742354489185692,422327.5,4.956970246484894e-10,chronic_08,SIR,CIT,True,inhibited
2387,600.0,1199.0,3.552713678800501e-17,-1.2642247760777,-1.2642247760777,651311.0,2.6566608601400335e-185,chronic_08,FF,CIT,True,inhibited
2388,600.0,1199.0,7.105427357601002e-17,-0.35298421368554805,-0.3529842136855481,442194.0,2.769067698062196e-43,chronic_08,SIR,CIT,True,inhibited
2389,600.0,1199.0,-9.473903143468003e-17,0.20999051225521181,0.2099905122552119,329198.0,0.0031229796674162613,chronic_08,SR,CIT,True,activated
2390,600.0,1199.0,-5.921189464667502e-18,-0.2743681972792721,-0.2743681972792721,412559.0,2.399249799148846e-07,chronic_08,SIR,CIT,True,inhibited
2392,600.0,1199.0,0.0,0.4683548474837343,0.4683548474837343,246217.0,2.023027456481511e-28,chronic_08,SR,CIT,True,activated
2393,600.0,1199.0,0.0,0.29315529588406997,0.29315529588406997,313209.0,9.98428864188596e-07,chronic_08,SIR,CIT,True,activated
2395,600.0,1199.0,4.7369515717340015e-17,-0.30807173386402475,-0.3080717338640248,406541.0,6.32505578232548e-06,chronic_08,FF,CIT,True,inhibited
2396,600.0,1199.0,-4.263256414560601e-16,0.23225549678800742,0.23225549678800783,269525.0,1.0615567361500541e-18,chronic_08,FF,CIT,True,activated
2397,600.0,1199.0,7.105427357601002e-17,1.8815559048353971,1.8815559048353971,248877.5,7.623536904264989e-28,chronic_08,SIR,CIT,True,activated
2398,600.0,1199.0,3.552713678800501e-17,-0.1840574074911213,-0.18405740749112132,410873.0,5.756800492391301e-07,chronic_08,SIR,CIT,False,non responder
2399,600.0,1199.0,-4.7369515717340015e-17,-0.4223483385414874,-0.42234833854148734,446840.5,1.7171875379950663e-20,chronic_08,SIR,CIT,True,inhibited
2402,600.0,1199.0,-4.7369515717340015e-17,0.4008249731427774,0.40082497314277743,302486.5,1.2035085699388542e-08,chronic_08,SIR,CIT,True,activated
2404,600.0,1199.0,2.3684757858670008e-17,0.2261804239964758,0.22618042399647578,322188.5,7.293807407111014e-05,chronic_08,SIR,CIT,True,activated
2510,600.0,1199.0,1.0658141036401502e-16,-0.6684973911949146,-0.6684973911949147,500193.5,1.7880676300736672e-42,chronic_09,SR,SAL,True,inhibited
2512,600.0,1199.0,9.473903143468003e-17,-2.1924111296123603,-2.1924111296123603,637407.5,5.454511504539555e-161,chronic_09,SR,SAL,True,inhibited
2513,600.0,1199.0,9.473903143468003e-17,-0.5144942364533436,-0.5144942364533437,454387.5,6.261548082137262e-20,chronic_09,SIR,SAL,True,inhibited
2515,600.0,1199.0,4.7369515717340015e-17,-0.19007877856510424,-0.1900787785651043,385794.5,0.011338287039025768,chronic_09,FF,SAL,False,non responder
2516,600.0,1199.0,-2.3684757858670008e-17,-0.7186394572483255,-0.7186394572483255,511766.5,3.708450160530944e-49,chronic_09,SIR,SAL,True,inhibited
2517,600.0,1199.0,-6.513308411134252e-17,0.5345715496813217,0.5345715496813218,323798.0,0.0003886638436244438,chronic_09,SIR,SAL,True,activated
2518,600.0,1199.0,4.7369515717340015e-17,-2.414567941660169,-2.414567941660169,518115.5,8.726964485013388e-53,chronic_09,FF,SAL,True,inhibited
2635,600.0,1199.0,-9.473903143468003e-17,-1.1913300803414386,-1.1913300803414386,604844.5,1.3001308060594578e-133,chronic_01,SIR,CIT,True,inhibited
2636,600.0,1199.0,-4.263256414560601e-16,0.8728397384884918,0.8728397384884923,207752.0,4.513216048305639e-49,chronic_01,FF,CIT,True,activated
2637,600.0,1199.0,4.7369515717340015e-17,1.2594357856763696,1.2594357856763696,138466.5,7.561574905015888e-101,chronic_01,SIR,CIT,True,activated
2640,600.0,1199.0,-2.3684757858670008e-17,-0.8436279859331091,-0.8436279859331091,551786.0,3.910998566477817e-79,chronic_01,SR,CIT,True,inhibited
2641,600.0,1199.0,-1.8947806286936006e-16,0.18219724595223957,0.18219724595223977,322133.5,0.0002800155044783988,chronic_01,FF,CIT,False,non responder
2642,600.0,1199.0,0.0,-1.4034678497387199,-1.4034678497387199,607986.0,2.741724699073664e-134,chronic_01,SR,CIT,True,inhibited
2643,600.0,1199.0,0.0,-0.3059464922658045,-0.3059464922658045,452915.0,8.281009851794516e-21,chronic_01,FF,CIT,True,inhibited
2644,600.0,1199.0,4.7369515717340015e-17,-0.004353318938648243,-0.00435331893864829,337173.0,0.02971919717775536,chronic_01,FF,CIT,False,non responder
2645,600.0,1199.0,-9.473903143468003e-17,0.3811755973782627,0.3811755973782628,270454.5,4.754498782235361e-18,chronic_01,SIR,CIT,True,activated
2646,600.0,1199.0,-1.4210854715202004e-16,-0.35092516264220924,-0.3509251626422091,413099.0,2.702516940725544e-07,chronic_01,FF,CIT,True,inhibited
2648,600.0,1199.0,5.921189464667501e-17,0.3522717163921701,0.35227171639217003,315702.5,7.162580030861927e-06,chronic_01,SIR,CIT,True,activated
2652,600.0,1199.0,-1.1842378929335003e-16,0.6852412922156842,0.6852412922156843,215406.0,2.25185021010924e-44,chronic_01,SR,CIT,True,activated
2653,600.0,1199.0,3.315866100213801e-16,-0.05021812776590959,-0.05021812776590992,341215.0,0.07374551330376272,chronic_01,FF,CIT,False,non responder
2655,600.0,1199.0,-1.1842378929335004e-17,0.724267369527509,0.724267369527509,197458.0,4.07800516830674e-55,chronic_01,SR,CIT,True,activated
2657,600.0,1199.0,-2.6053233644537007e-16,0.5265499959126781,0.5265499959126784,237910.0,3.6732302023832633e-32,chronic_01,SIR,CIT,True,activated
2658,600.0,1199.0,0.0,-0.32518643103091766,-0.32518643103091766,439328.0,9.45091342047604e-15,chronic_01,SR,CIT,True,inhibited
2659,600.0,1199.0,-4.7369515717340015e-17,-0.2730315802437287,-0.27303158024372864,412148.0,5.058167049055559e-09,chronic_01,SIR,CIT,True,inhibited
2660,600.0,1199.0,-9.710750722054702e-16,0.7142607254581874,0.7142607254581884,216578.0,1.5842233616653696e-44,chronic_01,FF,CIT,True,activated
2662,600.0,1199.0,0.0,3.877953672704859,3.877953672704859,60988.0,2.758028322778071e-184,chronic_01,SIR,CIT,True,activated
