neuron_id,n_pre,n_post,Mean_pre,Mean_post,Diff,U,p,sig,response_second_window
1069,169.0,31.0,0.41891129399091814,0.5706941196264804,0.15178282563556228,2512.5,8.149540528532691,False,non responder
1070,169.0,31.0,1.2643125099792636,2.6445738110953454,1.3802613011160818,1283.5,0.0005034618461701359,True,activated
1071,169.0,31.0,1.0480366715248104,1.8169085384587251,0.7688718669339147,1793.0,0.1536234246679399,False,non responder
1072,169.0,31.0,-0.25240313547225557,1.1256087785696511,1.3780119140419067,1476.5,0.006643304865219939,True,activated
1074,169.0,31.0,0.8619786008756652,1.4531552539604133,0.5911766530847481,1936.0,0.4864277170594668,False,non responder
1075,169.0,31.0,0.5824097772612976,1.2033251222627974,0.6209153450014998,1940.0,0.4864277170594668,False,non responder
1076,169.0,31.0,0.3708031694740379,1.0811366553800197,0.7103334859059818,1524.5,0.010326291481891724,True,activated
1078,169.0,31.0,0.472715911194229,1.3268053872953791,0.8540894761011502,1451.0,0.005084067836610164,True,activated
1079,169.0,31.0,-0.14244113123683705,-0.019576862420263515,0.12286426881657353,2340.5,3.543974498172803,False,non responder
1081,169.0,31.0,,,,,,False,non responder
1082,169.0,31.0,0.7156380883246926,1.4940651741896245,0.7784270858649319,1752.0,0.1057582773190626,False,non responder
1084,169.0,31.0,0.6925053645491176,0.5912158050537137,-0.10128955949540386,2771.0,5.842426246889812,False,non responder
1085,169.0,31.0,0.22326710197362618,1.3222591997727953,1.0989920977991692,1625.5,0.03315221963025049,True,activated
1087,169.0,31.0,0.11666900698073232,-0.25302334782300295,-0.3696923548037353,2935.5,3.4623564012118937,False,non responder
1088,169.0,31.0,0.06486512146073528,0.12026206204143344,0.05539694058069816,2576.5,6.6707253023462885,False,non responder
1093,169.0,31.0,0.12655088245312224,-0.1960672361050847,-0.32261811855820693,2865.5,5.558164156448012,False,non responder
1094,169.0,31.0,0.5078781542655063,0.5290883625322504,0.021210208266744135,2623.0,7.8175584194716,False,non responder
1095,169.0,31.0,-0.3103012672462548,-2.4273311638839337,-2.117029896637679,4118.5,4.8571659737252506e-05,True,inhibited
1098,169.0,31.0,0.9350429686314515,2.265591927076216,1.3305489584447643,1238.0,0.0002856371408546942,True,activated
1100,169.0,31.0,0.07847012962514362,0.16546877518155786,0.08699864555641425,2364.0,5.468157613063235,False,non responder
1102,169.0,31.0,0.5767346125400418,0.8983917562488026,0.32165714370876086,2402.0,5.944816001134209,False,non responder
1105,169.0,31.0,-0.5169126077368843,-1.8190258654543123,-1.3021132577174281,4525.5,2.5726956418367213e-08,True,inhibited
1106,169.0,31.0,1.9907792703903093,5.996073142876778,4.005293872486469,739.0,3.05362862129128e-08,True,activated
1107,169.0,31.0,-0.6153389626826271,-0.6599283872928805,-0.04458942461025339,2728.5,6.350505729639714,False,non responder
1111,169.0,31.0,-0.18764264143698467,-0.7510750647274497,-0.5634324232904651,3133.0,1.42409066639103,False,non responder
1114,169.0,31.0,1.0067782422627145,0.9502756606629258,-0.056502581599788715,2096.5,1.4973802860212477,False,non responder
1116,169.0,31.0,1.16098455481437,0.3474450428393592,-0.8135395119750108,2681.5,7.028957931506814,False,non responder
1119,169.0,31.0,0.342211086756221,-0.03795351180108012,-0.3801645985573011,2806.0,5.944816001134209,False,non responder
1121,169.0,31.0,0.7467222260164232,0.347264682965157,-0.39945754305126624,2446.0,6.829039122733714,False,non responder
1123,169.0,31.0,1.2698349882327404,0.9092122852468002,-0.36062270298594024,2406.5,5.944816001134209,False,non responder
1124,169.0,31.0,0.2947689688297334,0.9208327740372793,0.6260638052075458,1827.0,0.2040232321020964,False,non responder
1127,169.0,31.0,0.11213032669028014,1.144155562372841,1.0320252356825608,1526.0,0.010326291481891724,True,activated
1129,169.0,31.0,,,,,,False,non responder
1131,169.0,31.0,2.1409761750930456,0.5939862395540962,-1.5469899355389494,2771.0,7.239219445120807,False,non responder
1136,169.0,31.0,0.13454629165448453,0.1356126663026896,0.001066374648205054,2640.0,7.691957110699791,False,non responder
1137,169.0,31.0,0.5182493741910552,0.08512693988687774,-0.43312243430417746,2760.0,7.384933885725853,False,non responder
1138,169.0,31.0,0.6352746413905209,-0.296225437776634,-0.9315000791671549,3359.5,0.3184997573828856,False,non responder
1139,169.0,31.0,2.110047998183187,0.09484841999188279,-2.015199578191304,2563.5,7.028957931506814,False,non responder
1140,169.0,31.0,0.8064176356233664,0.47753817350679634,-0.3288794621165701,2745.5,6.350505729639714,False,non responder
1143,169.0,31.0,0.41123292855132865,-0.1507556722888818,-0.5619886008402104,2712.5,3.1428447488109255,False,non responder
1144,169.0,31.0,1.5733601384013332,2.286927215325554,0.713567076924221,1656.5,0.04476378577617784,True,activated
1145,169.0,31.0,0.6350359152571827,0.33012665742022756,-0.30490925783695516,2872.5,4.078289255003047,False,non responder
1146,169.0,31.0,0.1419446235828671,-0.1512829998913259,-0.293227623474193,2872.0,4.078289255003047,False,non responder
1148,169.0,31.0,-0.9850586895146055,-1.8415617386568934,-0.8565030491422879,3489.0,0.1057582773190626,False,non responder
1149,169.0,31.0,0.1681328368377506,0.3080060798459553,0.1398732430082047,2309.5,4.2934034417710425,False,non responder
1150,169.0,31.0,0.16218531411351794,0.19648467090703983,0.03429935679352189,2635.0,7.691957110699791,False,non responder
1151,169.0,31.0,0.14068782536832666,1.0584977835193112,0.9178099581509845,1684.0,0.05652392655492907,False,non responder
1152,169.0,31.0,0.10313695369298023,0.5417381255033829,0.4386011718104026,2061.0,1.3130675531628717,False,non responder
1153,169.0,31.0,0.07718084210540183,-0.04291046504609072,-0.12009130715149255,2699.5,6.350505729639714,False,non responder
1154,169.0,31.0,0.38788526667356804,0.5996879322029116,0.21180266552934357,2143.5,1.9132057618869405,False,non responder
1157,169.0,31.0,0.8255264032522748,1.1395062036462043,0.3139798003939295,2077.0,1.41589793978469,False,non responder
1159,169.0,31.0,0.08229565419082784,0.18558134236381735,0.10328568817298951,2446.0,5.50812360530483,False,non responder
1166,169.0,31.0,1.28780879086006,-0.16237722516119624,-1.4501860160212563,3091.5,1.9132057618869405,False,non responder
1168,169.0,31.0,1.1043732101991999,0.6416919647498527,-0.4626812454493472,2696.5,6.848819757132222,False,non responder
1173,169.0,31.0,-0.08021390202709167,0.26172247217531924,0.3419363742024109,2147.5,1.8546971269295793,False,non responder
1175,169.0,31.0,0.0018441158759913427,-0.4962019151144921,-0.49804603099048345,2980.0,3.4623564012118937,False,non responder
1176,169.0,31.0,0.16983743771594523,0.3733900386830223,0.20355260096707706,2409.0,4.819949972438089,False,non responder
1178,169.0,31.0,0.019418433424900156,0.3930636877851545,0.3736452543602543,2226.0,3.056509765248025,False,non responder
1179,169.0,31.0,-0.9029757231992953,-0.7922237748481179,0.11075194835117741,2733.0,6.350505729639714,False,non responder
1180,169.0,31.0,-0.2553501987388888,-0.45712825066058577,-0.20177805192169695,2775.0,0.7593972204723511,False,non responder
1181,169.0,31.0,2.902680562518277,-0.14542156198382652,-3.0481021245021034,3063.5,0.17890427246071797,False,non responder
1182,169.0,31.0,0.6566364477600816,0.4977784157806666,-0.15885803197941495,2713.5,1.553728083299599,False,non responder
1183,169.0,31.0,0.08805498113689927,0.08449326975057501,-0.0035617113863242594,2640.5,0.9548365685132075,False,non responder
1184,169.0,31.0,-0.005692816012580455,0.6675486064543174,0.6732414224668978,1796.5,0.010638198229980826,True,activated
1186,169.0,31.0,1.1236940995734626,4.0868825078572515,2.9631884082837887,560.0,1.2942874847616498e-11,True,activated
1187,169.0,31.0,0.17323104238226503,0.9378358365833696,0.7646047942011045,1875.0,0.019655203797476765,True,activated
1190,169.0,31.0,0.024972773808827713,1.9393479573861743,1.9143751835773466,1068.0,4.507796659859668e-07,True,activated
1191,169.0,31.0,0.58964127098401,2.034512515040519,1.444871244056509,1154.5,2.2175984991362392e-06,True,activated
1192,169.0,31.0,0.9319310750048561,3.269737464738878,2.337806389734022,849.0,6.829802183826522e-09,True,activated
1193,169.0,31.0,0.022118737432157996,0.3583688358625709,0.3362500984304129,2020.5,0.10357112309648084,False,non responder
1194,169.0,31.0,0.3844415443658938,3.071110084549916,2.686668540184022,651.5,9.774942448062881e-11,True,activated
1195,169.0,31.0,0.8378247013273481,0.6347955843408871,-0.20302911698646098,2764.5,1.289426450526282,False,non responder
1196,169.0,31.0,0.09500793148418073,0.6553227168670692,0.5603147853828885,1829.5,0.018686470047088392,True,activated
1197,169.0,31.0,0.4865104247815741,1.266014826528623,0.7795044017470489,1747.5,0.008218632201872696,True,activated
1198,169.0,31.0,0.21705043486789075,0.25817733241051377,0.041126897542623025,2412.5,0.893262766630382,False,non responder
1201,169.0,31.0,0.3550445013378669,1.1242428280618697,0.7691983267240028,1770.5,0.010453649047915622,True,activated
1202,169.0,31.0,1.7445439299563652,9.269514784265072,7.524970854308706,415.5,7.432056918836946e-14,True,activated
1203,169.0,31.0,0.24633009106696568,0.41127701538633543,0.16494692431936975,2384.5,0.8827246249241733,False,non responder
1204,169.0,31.0,0.4798346600873965,1.3209832163363149,0.8411485562489184,1387.5,9.357037359001468e-05,True,activated
1205,169.0,31.0,0.6469609809448391,1.6430604304000516,0.9960994494552124,1696.5,0.00483233775776503,True,activated
1208,169.0,31.0,0.21162282112926775,0.6665822200561203,0.45495939892685255,2033.5,0.06600627135597731,False,non responder
1209,169.0,31.0,0.5935464870509163,1.880051847380551,1.2865053603296346,1544.5,0.00046881514285676036,True,activated
1210,169.0,31.0,0.6724348010875725,3.1648926779622824,2.4924578768747097,1059.5,1.6327073385623336e-07,True,activated
1211,169.0,31.0,0.7671009943739455,1.28187778694269,0.5147767925687445,1528.0,0.0006422376927180956,True,activated
1212,169.0,31.0,0.21436475901856772,1.7446978628191305,1.5303331038005628,1064.5,4.896244828722551e-07,True,activated
1214,169.0,31.0,0.3716239755658295,1.7867331869627119,1.4151092113968824,951.5,5.862884868943711e-08,True,activated
1215,169.0,31.0,0.7115953996674927,2.0306429471608176,1.3190475474933248,1133.5,1.622343648838309e-06,True,activated
1216,169.0,31.0,0.9123950662204756,2.1820312384080687,1.269636172187593,1083.0,6.202684492262816e-07,True,activated
1219,169.0,31.0,0.5875224900908306,1.483009511715647,0.8954870216248164,1637.0,0.002495976461411474,True,activated
1220,169.0,31.0,2.1813227702854796,1.6309058180638627,-0.5504169522216169,2549.5,1.6678277852082328,False,non responder
1221,169.0,31.0,-0.021385667825341348,0.3443762025337992,0.36576187035914054,2185.5,0.3273046402280089,False,non responder
1222,169.0,31.0,-0.16718463729200464,-0.8963903501507696,-0.729205712858765,3727.5,0.0004990040216946708,True,inhibited
1224,169.0,31.0,-0.10678943236691137,-0.8827415169196261,-0.7759520845527147,3593.0,0.0027377666262621853,True,inhibited
1226,169.0,31.0,0.02655859406908172,-0.2970985502101765,-0.32365714427925824,2755.0,1.3635818675008637,False,non responder
1227,169.0,31.0,0.8325188097315022,0.47542655527738215,-0.35709225445412,2540.5,1.6273658067186583,False,non responder
1229,169.0,31.0,-0.25873692092800815,-0.8915045218624119,-0.6327676009344038,3146.0,0.17666163706739316,False,non responder
1230,169.0,31.0,2.120156714460931,2.1389492078030834,0.018792493342152383,2044.5,0.12551099996778978,False,non responder
1231,169.0,31.0,0.8845427848904641,1.1675751434827926,0.28303235859232845,2028.5,0.1109915055965056,False,non responder
1232,169.0,31.0,0.5603110092002079,0.6686531048557887,0.10834209565558073,2234.5,0.4347366347246746,False,non responder
1233,169.0,31.0,0.7368615494347659,1.1180395678834953,0.38117801844872945,1929.5,0.049065919115216496,True,activated
1234,169.0,31.0,0.8651096355433954,-2.1372979429583148,-3.0024075785017104,4784.0,1.007056545474941e-12,True,inhibited
1235,169.0,31.0,0.3874489599996411,-0.13215998444801466,-0.5196089444476557,3022.5,0.39170105436770775,False,non responder
1236,169.0,31.0,1.2300925976544854,2.1258261095426785,0.8957335118881931,1664.0,0.0034324049333145346,True,activated
1237,169.0,31.0,1.3464639096479893,2.2326100301412968,0.8861461204933074,1599.0,0.0015920861522757744,True,activated
1238,169.0,31.0,1.5236018243543783,2.577963562202221,1.0543617378478425,1683.0,0.004236666397279267,True,activated
1240,169.0,31.0,1.965224410226806,6.153688509182835,4.188464098956029,617.5,4.936267574029975e-11,True,activated
1241,169.0,31.0,1.2470939219871873,1.45709489204701,0.21000097005982266,1991.0,0.08261465852172818,False,non responder
1242,169.0,31.0,0.3266513235135687,-0.23727412763543634,-0.563925451149005,3058.0,0.2850951468319378,False,non responder
1244,169.0,31.0,0.11131818169821163,0.007550607540951316,-0.10376757415726032,2673.0,1.7496385765358526,False,non responder
1245,169.0,31.0,-0.05727291282341665,-0.322481378061888,-0.2652084652384713,2895.5,0.7610233350352089,False,non responder
1250,169.0,31.0,1.1496995480207395,3.822356644418731,2.6726570963979914,1043.5,3.104595287765087e-07,True,activated
1255,169.0,31.0,0.6574933417351628,4.655953730640009,3.9984603889048462,676.0,5.1788996174866814e-11,True,activated
1261,169.0,31.0,-0.9674474480813419,-1.172360309189467,-0.20491286110812512,2993.0,0.46086956703292703,False,non responder
1263,169.0,31.0,1.3547391209067494,5.783848665247087,4.429109544340337,712.0,3.685242797732005e-10,True,activated
1264,169.0,31.0,2.60232700395309,18.67956131102841,16.077234307075322,123.5,2.533905440267618e-16,True,activated
1265,169.0,31.0,1.051155652779543,2.811933685027693,1.76077803224815,1069.0,5.196838909290228e-07,True,activated
1266,169.0,31.0,1.4734211679369338,8.04493189228858,6.571510724351647,468.0,1.254396543727501e-12,True,activated
1267,169.0,31.0,-0.6158044873130942,-0.5612512754349787,0.05455321187811557,2488.0,1.3694397841981674,False,non responder
1269,169.0,31.0,-0.6535740422325278,-0.7508265520405876,-0.09725250980805977,2800.0,2.1943369704291924,False,non responder
1270,169.0,31.0,0.7086804192696476,1.877246410993663,1.1685659917240154,1403.0,0.0002201585634053984,True,activated
1272,169.0,31.0,0.0674265953736827,2.3431547486359,2.2757281532622176,805.0,6.106895483946152e-09,True,activated
1273,169.0,31.0,-0.897742656381772,-1.4888629875029635,-0.5911203311211916,3585.0,0.0005648408663303929,True,inhibited
1274,169.0,31.0,0.6612100988371672,1.1421528831616834,0.4809427843245162,2065.0,0.26745434275474594,False,non responder
1276,169.0,31.0,1.3934558661182268,3.666733181730536,2.2732773156123094,964.0,1.4962562388650664e-07,True,activated
1277,169.0,31.0,-0.6197879013685371,-0.45835060383520565,0.16143729753333147,2167.0,0.5184724992961098,False,non responder
1280,169.0,31.0,0.01967942373745557,0.8934951790317689,0.8738157552943133,1763.0,0.01852766021682199,True,activated
1281,169.0,31.0,,,,,,False,non responder
1283,169.0,31.0,1.4238020272582619,3.417467922521134,1.993665895262872,1113.5,2.3178745206558828e-06,True,activated
1284,169.0,31.0,-0.5869800920620867,-0.08482491601969233,0.5021551760423943,1990.0,0.15273070425505114,False,non responder
1285,169.0,31.0,-0.1856941278095762,-0.19342151783792297,-0.00772739002834677,2694.0,2.817183591182602,False,non responder
1287,169.0,31.0,0.7988568341359616,1.3695100139631247,0.570653179827163,1857.5,0.04633045258318633,True,activated
1289,169.0,31.0,2.9568394457425056,2.668356354776163,-0.2884830909663427,2119.0,0.39290684481285,False,non responder
1291,169.0,31.0,1.0035102684469683,2.2582096055227496,1.2546993370757813,1815.5,0.01648978547698661,True,activated
1292,169.0,31.0,0.871599638371262,1.7371175232636602,0.8655178848923982,1790.5,0.023820478677771418,True,activated
1294,169.0,31.0,0.2708990006151172,2.447102494812811,2.1762034941976935,1059.0,4.879331037255075e-07,True,activated
1299,169.0,31.0,2.0255528343988165,3.8619700941312813,1.8364172597324648,1381.0,0.00016788259168065592,True,activated
1301,169.0,31.0,0.4546127466352354,1.4841667017373124,1.029553955102077,1550.5,0.0015594334630186226,True,activated
1302,169.0,31.0,1.2502311285268828,3.025612188444861,1.775381059917978,1137.5,3.4402382027043947e-06,True,activated
1303,169.0,31.0,0.27594207482069805,1.6974057464827272,1.4214636716620292,1187.5,7.910244184802128e-06,True,activated
1305,169.0,31.0,0.5375349788751153,1.3899096079454738,0.8523746290703585,1455.0,0.00032829921174218677,True,activated
1312,169.0,31.0,-0.06547611550329646,-0.17416915950949113,-0.10869304400619467,2769.5,1.7700499033190553,False,non responder
1314,169.0,31.0,1.6071995201678841,4.350170916932349,2.7429713967644647,1050.5,5.897681885169415e-07,True,activated
1315,169.0,31.0,-0.14779318874509106,-0.22800501924828953,-0.08021183050319847,2646.0,3.6035430878386685,False,non responder
1316,169.0,31.0,-0.5243961854148963,-0.8755034196704459,-0.35110723425554957,3083.5,0.49387715175894287,False,non responder
1317,169.0,31.0,2.460164999478189,3.470455182682937,1.0102901832047482,1830.5,0.03591192388263021,True,activated
1318,169.0,31.0,1.4862238130669523,3.798616799276078,2.312392986209126,1185.0,7.619441435976017e-06,True,activated
1319,169.0,31.0,1.1466762535922048,3.545520985391084,2.3988447317988792,882.0,3.044928244189753e-08,True,activated
1320,169.0,31.0,0.35953382686277574,0.4485729409061735,0.08903911404339776,2388.5,1.7740391851989123,False,non responder
1321,169.0,31.0,-0.12714797128679922,0.7741926278125093,0.9013405990993085,1210.0,7.619441435976017e-06,True,activated
1322,169.0,31.0,0.9135175799519534,2.127477894434785,1.213960314482832,1283.0,3.45909538596284e-05,True,activated
1329,169.0,31.0,3.3308407462151477,5.146765912077954,1.8159251658628062,1494.5,0.0007680386215254858,True,activated
1330,169.0,31.0,-1.3205133492186842,-2.013767522821141,-0.6932541736024569,3515.5,0.012605331834965271,True,inhibited
1331,169.0,31.0,-0.08405228324853027,2.419682331196819,2.5037346144453494,550.0,1.9502251659460174e-11,True,activated
1332,169.0,31.0,-0.37617546597697293,-0.7925399806767383,-0.4163645146997653,3203.0,0.21285261956870422,False,non responder
1333,169.0,31.0,0.8644198110509955,3.03894496641996,2.1745251553689644,837.5,5.171581663613929e-09,True,activated
1334,169.0,31.0,1.302976110481083,4.697271523527378,3.3942954130462946,946.5,5.2724818643603075e-08,True,activated
1336,169.0,31.0,3.290122118677496,9.340684933668332,6.050562814990835,1609.0,0.00036767681545309057,True,activated
1338,169.0,31.0,-0.20645815791825164,2.378180188563595,2.5846383464818468,438.0,1.2787612093933334e-12,True,activated
1339,169.0,31.0,-0.6998474454658018,-0.07588403717341351,0.6239634082923883,1798.0,0.02636595904423118,True,activated
1341,169.0,31.0,0.5196494594643759,2.601900106658774,2.082250647194398,1043.5,6.331836347631913e-07,True,activated
1342,169.0,31.0,1.7464462890599461,10.430766028914297,8.68431973985435,246.0,3.0259080069531875e-13,True,activated
1343,169.0,31.0,-0.20165939655295542,0.38104891328742585,0.5827083098403812,1750.5,0.01648978547698661,True,activated
1345,169.0,31.0,6.567595277787898,10.843067610824257,4.275472333036358,1467.5,0.0005542574015697277,True,activated
1347,169.0,31.0,1.5561041657925965,3.933560965832921,2.3774568000403247,992.5,3.4032448331371935e-09,True,activated
1349,169.0,31.0,1.6643334464952544,2.9385463335204034,1.274212887025149,1547.5,0.0015572493732857412,True,activated
1350,169.0,31.0,0.03742667073938947,0.35502790488439184,0.31760123414500235,2023.0,0.19646840432314838,False,non responder
1353,169.0,31.0,0.3587858315513893,-0.2156655464068768,-0.5744513779582661,2805.5,0.5318357691004603,False,non responder
1354,169.0,31.0,0.1820518591093374,0.7422293865368303,0.5601775274274929,2142.5,0.4580353332901972,False,non responder
1356,169.0,31.0,0.1604345097045157,-0.41054297917979926,-0.570977488884315,3241.5,0.16063702009275527,False,non responder
1357,169.0,31.0,0.15627724011317307,0.605661865648756,0.44938462553558295,2079.5,0.296684235923407,False,non responder
1361,169.0,31.0,0.6349145039110727,1.132125704840538,0.49721120092946525,1812.5,0.030405240609427897,True,activated
1363,169.0,31.0,0.4550738988992971,1.3142358880747058,0.8591619891754088,1569.0,0.002011232245277398,True,activated
1364,169.0,31.0,0.8504383621639102,1.7784362536744607,0.9279978915105505,1657.0,0.005886124050974812,True,activated
1366,169.0,31.0,0.20218066840280727,0.9638739250465055,0.7616932566436982,1395.5,0.00020531497025668254,True,activated
1367,169.0,31.0,0.4897599552680583,0.28618525472630335,-0.20357470054175497,2638.0,3.480548664570898,False,non responder
1368,169.0,31.0,0.20279672469528356,-0.25326192290840643,-0.45605864760368997,2961.5,1.022010336785133,False,non responder
1369,169.0,31.0,0.12804703096701442,0.6391091612121712,0.5110621302451568,1821.5,0.03323053185803828,True,activated
1370,169.0,31.0,,,,,,False,non responder
1371,169.0,31.0,,,,,,False,non responder
1373,169.0,31.0,0.8009571815290024,0.7926926457820606,-0.008264535746941859,2366.0,0.8574203033845372,False,non responder
1378,169.0,31.0,0.05438907911241484,0.5966248234750263,0.5422357443626115,2087.5,0.17140715680809493,False,non responder
1379,169.0,31.0,1.130604199424981,0.6047317368362353,-0.5258724625887456,2592.0,1.8748718571178007,False,non responder
1380,169.0,31.0,0.3057363194474394,0.4146495340492293,0.10891321460178988,2308.5,0.6514440492527258,False,non responder
1383,169.0,31.0,1.0535585856949221,0.5404072856231998,-0.5131513000717223,2486.5,1.3694397841981674,False,non responder
1384,169.0,31.0,0.5082536999220698,0.37076207381836757,-0.13749162610370225,2577.5,1.8042581186059268,False,non responder
1385,169.0,31.0,0.8696032223206996,0.19270535243675477,-0.6768978698839448,2773.0,1.285337817608336,False,non responder
1386,169.0,31.0,0.32491519373990424,0.9775872860483992,0.652672092308495,1977.5,0.07412449423263376,False,non responder
1387,169.0,31.0,1.5712323934597248,2.2343613056099354,0.6631289121502106,1752.0,0.008923747896317516,True,activated
1389,169.0,31.0,0.8706086635202178,1.3596794321529229,0.48907076863270504,2091.5,0.17381445598345693,False,non responder
1391,169.0,31.0,,,,,,False,non responder
1392,169.0,31.0,,,,,,False,non responder
1393,169.0,31.0,0.5483615945868309,0.583464478951007,0.03510288436417608,2192.0,0.3397817660935394,False,non responder
1394,169.0,31.0,-0.0463050466000452,1.7266863869544309,1.772991433554476,1230.0,7.940656900683041e-06,True,activated
1395,169.0,31.0,0.04529255664751213,-0.043729624600252245,-0.08902218124776437,2749.5,1.0894142173847827,False,non responder
1398,169.0,31.0,0.23426700987712418,0.1748325601095408,-0.059434449767583386,2517.5,1.5189683621219685,False,non responder
1401,169.0,31.0,-0.23142506802751014,-0.7101335126522206,-0.4787084446247104,3329.0,0.0412102693776396,True,inhibited
1405,169.0,31.0,0.3752680420637139,1.0037318890088933,0.6284638469451794,1675.0,0.003862800045163388,True,activated
1406,169.0,31.0,1.292932990253482,1.485755333520559,0.19282234326707703,2070.5,0.15171693588983598,False,non responder
1407,169.0,31.0,,,,,,False,non responder
1410,169.0,31.0,-0.03133288304937607,0.005600873955100116,0.03693375700447619,2605.5,0.9698801207751767,False,non responder
1412,169.0,31.0,1.1111327811897322,2.857641843769769,1.7465090625800366,1156.0,2.361302503690541e-06,True,activated
1413,169.0,31.0,0.5535569498618524,0.5771633901413664,0.023606440279513974,2407.5,1.0225842559181508,False,non responder
1414,169.0,31.0,0.8702363565725088,2.137882506962486,1.2676461503899774,1686.5,0.004252003425861167,True,activated
1416,169.0,31.0,0.9202090088656067,2.4721513580890626,1.5519423492234559,1335.0,4.209086449069788e-05,True,activated
1417,169.0,31.0,1.3518842153141986,0.6980662052513883,-0.6538180100628103,2589.5,0.9366757604081393,False,non responder
1426,169.0,31.0,1.139480142972707,3.2247688076401384,2.0852886646674316,1150.5,2.103672314657821e-06,True,activated
1434,169.0,31.0,1.8532210442767374,2.488284330324886,0.6350632860481484,1961.5,0.04376796022946918,True,activated
1435,169.0,31.0,1.299651682168462,1.7404274336375765,0.4407757514691144,1762.5,0.00982055437651576,True,activated
1437,169.0,31.0,0.009819403579672596,1.4187207170328566,1.408901313453184,1369.5,7.096641302604666e-05,True,activated
1438,169.0,31.0,0.8310443765648179,2.0368797488625505,1.2058353722977326,1427.0,0.0001544111039384709,True,activated
1439,169.0,31.0,-0.1370999357681299,0.5532076132214399,0.6903075489895698,1695.5,0.004778428182589142,True,activated
1440,169.0,31.0,0.7727825448254602,1.6036519634312851,0.830869418605825,2221.5,0.020952066369438995,True,activated
1441,169.0,31.0,-0.03331257176559571,1.1807485992587494,1.2140611710243452,1217.5,6.171196260239837e-06,True,activated
1442,169.0,31.0,-0.2827423019721769,1.5930848986103001,1.875827200582477,1018.0,2.0204164135044318e-07,True,activated
1443,169.0,31.0,0.8979953666711502,3.740938109411162,2.8429427427400116,731.0,6.001594531825534e-10,True,activated
1445,169.0,31.0,0.1611643931735742,3.803329470349414,3.64216507717584,603.5,3.479915183880824e-11,True,activated
1446,169.0,31.0,0.06385201782329052,0.2702632354727334,0.20641121764944287,2196.5,0.3479467389899574,False,non responder
1447,169.0,31.0,-0.0860187015084296,3.615163089255749,3.7011817907641786,361.0,6.951394082865896e-14,True,activated
1448,169.0,31.0,2.156581829356407,4.629527956403558,2.4729461270471504,1016.0,2.0120574433167468e-07,True,activated
1452,169.0,31.0,0.5467759611491491,0.5878155010630558,0.04103953991390674,2458.5,1.253564119124471,False,non responder
1455,169.0,31.0,2.197093626608134,6.601870547788499,4.404776921180365,567.0,1.4810096086544042e-11,True,activated
1458,169.0,31.0,0.6896402236060434,0.07262580710315614,-0.6170144165028872,3128.5,0.19837331055186624,False,non responder
1459,169.0,31.0,3.2308682139979488,4.5192908608258096,1.2884226468278608,1580.0,0.0012740492530614028,True,activated
1460,169.0,31.0,5.317652787432053,5.488457252420816,0.17080446498876345,1595.0,0.0015280089023672423,False,non responder
1461,169.0,31.0,2.8693306945775308,6.401142052246815,3.5318113576692842,677.5,1.9319619054277803e-10,True,activated
1463,169.0,31.0,2.4727161107383306,4.288427513326396,1.8157114025880654,1295.5,2.2726852670282243e-05,True,activated
1465,169.0,31.0,0.45546942978500216,2.0858859488485484,1.6304165190635462,1112.0,1.0751554174275632e-06,True,activated
1467,169.0,31.0,0.10095466901678131,1.038701303171918,0.9377466341551366,2190.0,0.009154757167026599,True,activated
1469,169.0,31.0,-0.773422039561678,0.6505940939744693,1.4240161335361474,1613.5,0.0018891975679974032,True,activated
1470,169.0,31.0,0.35075730547664724,1.299516787939783,0.9487594824631358,1452.5,0.00023336320957216533,True,activated
1471,169.0,31.0,-0.722422245658237,-0.9666114913365452,-0.24418924567830824,3000.5,0.44372269054327895,False,non responder
1474,169.0,31.0,1.0504128708147658,5.63902346679586,4.588610595981094,543.5,8.697702620943883e-12,True,activated
1475,169.0,31.0,0.6258812864182624,2.5185120373974472,1.8926307509791849,1101.0,8.660105737696828e-07,True,activated
1479,169.0,31.0,1.3878107198341314,4.4932174215185805,3.105406701684449,669.5,1.6017230236092806e-10,True,activated
1480,169.0,31.0,1.1246149065293596,3.168048815489377,2.0434339089600178,1151.0,2.103672314657821e-06,True,activated
1481,169.0,31.0,0.8772233384553668,1.101617526590276,0.22439418813490908,2051.0,0.12769970412395706,False,non responder
1482,169.0,31.0,0.1579336783323338,2.9853887703117694,2.8274550919794357,617.0,2.5905449800169864e-11,True,activated
1483,169.0,31.0,1.212463297176789,3.135485003797623,1.9230217066208342,1028.0,1.4733106308066917e-07,True,activated
1484,169.0,31.0,0.1733983060989046,1.2612462548925627,1.087847948793658,1339.0,2.8742881219959156e-05,True,activated
1485,169.0,31.0,1.6977606311367262,4.049397708403075,2.3516370772663486,849.5,4.3768892290101624e-09,True,activated
1486,169.0,31.0,1.2924935989091206,1.7043119948752528,0.4118183959661321,1777.5,0.007712697430398619,True,activated
1487,169.0,31.0,0.6602826650885173,0.7374523332914403,0.07716966820292304,2252.0,0.35035128674477517,False,non responder
1488,169.0,31.0,0.20242750701235965,0.33292771067488003,0.13050020366252038,2402.5,0.5448256904126998,False,non responder
1490,169.0,31.0,1.083339479892554,2.6799498735211023,1.5966103936285483,1179.0,2.129503877806276e-06,True,activated
1491,169.0,31.0,1.222969173363865,2.4836341064982133,1.2606649331343482,1564.0,0.00041434339578493224,True,activated
1494,169.0,31.0,-0.6543734786069715,-1.2805773257445556,-0.6262038471375841,3085.5,0.19383653559105485,False,non responder
1495,169.0,31.0,0.3785182102880178,1.4091946708776086,1.0306764605895908,1669.0,0.00236474549948978,True,activated
1496,169.0,31.0,0.30687314242133606,1.4757998999893138,1.1689267575679778,1589.5,0.0009047514103273591,True,activated
1497,169.0,31.0,-0.24768441587124707,0.7360028099553239,0.983687225826571,1792.5,0.00914304153301132,True,activated
1498,169.0,31.0,0.048049568586952106,0.269729262867484,0.22167969428053189,2232.0,0.29853798293304884,False,non responder
1499,169.0,31.0,-0.2797064235297391,0.14849943928138545,0.4282058628111246,2261.5,0.3705477356854854,False,non responder
1500,169.0,31.0,3.3416371175369624,2.460974881275224,-0.8806622362617382,1893.0,0.024523686289156094,True,inhibited
1501,169.0,31.0,0.05406575883771866,0.3801358956958915,0.3260701368581729,2066.0,0.10415602333248487,False,non responder
1502,169.0,31.0,0.12431753546676776,0.9546744193756286,0.8303568839088609,1489.5,0.0002417170332902213,True,activated
1504,169.0,31.0,-0.3741950005089775,0.11321532414025602,0.48741032464923356,2163.5,0.20645116590248258,False,non responder
1505,169.0,31.0,-0.07436614483749347,0.18166407115715225,0.2560302159946457,2136.5,0.17259666451572236,False,non responder
1507,169.0,31.0,0.34831864986149924,0.5483598736711445,0.20004122380964523,2113.0,0.14699515616682038,False,non responder
1509,169.0,31.0,0.10473854820929325,0.6158163970046493,0.511077848795356,2092.5,0.12687730673918884,False,non responder
1510,169.0,31.0,-0.8559425251802494,-0.5443040969011816,0.31163842827906774,2531.0,1.2120931577824108,False,non responder
1511,169.0,31.0,0.2824507417326411,1.3342096383496893,1.0517588966170481,1540.5,0.00048334446798481423,True,activated
1512,169.0,31.0,0.530777220514685,0.4821775885812896,-0.04859963193339539,2226.5,0.30556365740675406,False,non responder
1513,169.0,31.0,-0.41115490255948783,0.1446669493946574,0.5558218519541452,2287.0,0.42303896493784804,False,non responder
1514,169.0,31.0,0.47843176750818955,0.3800758097386862,-0.09835595776950334,2005.0,0.06516200881662498,False,non responder
1515,169.0,31.0,-0.04333979733983297,0.6321975950158162,0.6755373923556491,1940.0,0.03743107560843613,True,activated
1516,169.0,31.0,6.945488851079086,11.987734121267616,5.04224527018853,1013.5,1.1394240267148393e-07,True,activated
1517,169.0,31.0,6.015719369929825,9.001937943966256,2.986218574036431,1388.0,5.959091487224879e-05,True,activated
1519,169.0,31.0,1.0029007507937102,1.1450842273712294,0.14218347657751917,2273.0,0.3945137317153249,False,non responder
1521,169.0,31.0,2.179220642855038,5.117426331785494,2.938205688930456,839.0,3.5900935573855183e-09,True,activated
1522,169.0,31.0,4.350143511901215,7.2836191359071085,2.9334756240058937,1380.5,5.359205322664551e-05,True,activated
1523,169.0,31.0,0.37969475185314544,0.26148260295747644,-0.118212148895669,2543.5,1.2588329593717449,False,non responder
1525,169.0,31.0,3.4477318522776357,3.427611691401956,-0.020120160875679804,1739.5,0.005247016232262532,False,non responder
1526,169.0,31.0,-0.241422518624813,-0.2374493324235965,0.003973186201216505,2601.0,1.4947773705960885,False,non responder
1529,169.0,31.0,0.2717265203800279,-0.05939797838688467,-0.3311244987669126,2582.5,0.9769616762905684,False,non responder
1530,169.0,31.0,0.11102533363275004,0.21321001837809472,0.10218468474534469,2493.0,1.0570555723698045,False,non responder
1531,169.0,31.0,0.36452419368845806,0.8547501567622261,0.49022596307376803,2042.0,0.08605831146386193,False,non responder
1532,169.0,31.0,0.03829457008739316,0.7995419719162453,0.7612474018288522,1882.0,0.022197338052427074,True,activated
1533,169.0,31.0,1.9355481484539674,3.3317914586421775,1.3962433101882101,1480.0,0.00022046799953308666,True,activated
1535,169.0,31.0,3.496447086512877,4.928770037958092,1.4323229514452147,1487.0,0.00024163407977333026,True,activated
1536,169.0,31.0,0.24818509919799794,1.3321165175128482,1.0839314183148503,1347.0,3.2622188692079974e-05,True,activated
1537,169.0,31.0,4.700023054029744,5.693934908326893,0.9939118542971492,1362.0,4.071795495224354e-05,True,activated
1538,169.0,31.0,6.843897633474244,10.363314456221788,3.5194168227475444,1377.5,5.1468515410929745e-05,True,activated
1540,169.0,31.0,-0.5317061476671024,-0.1025524916251321,0.42915365604197037,2261.0,0.3705477356854854,False,non responder
1541,169.0,31.0,-0.03665332242261868,0.7122960662171379,0.7489493886397566,1727.0,0.004566231010540013,True,activated
1542,169.0,31.0,1.491284203749383,1.3945944575864855,-0.0966897461628975,2270.5,0.38997678941707037,False,non responder
1544,169.0,31.0,0.27100234296766873,0.12532018381269663,-0.1456821591549721,2506.0,1.1057638162333796,False,non responder
1547,169.0,31.0,-0.048612141755197555,0.24454319654894688,0.2931553383041444,2135.5,0.11748977485757699,False,non responder
1548,169.0,31.0,0.320830009035783,0.10891505176748723,-0.2119149572682958,2784.5,0.8870835130436355,False,non responder
1550,169.0,31.0,-0.7305419907002652,-1.6785332683359229,-0.9479912776356577,3713.0,0.0004051406356767019,True,inhibited
1551,169.0,31.0,1.8597241622455039,1.8497798841487292,-0.009944278096774672,1830.5,0.013514732236028209,False,non responder
1554,169.0,31.0,1.7296029994490696,7.84605375988799,6.116450760438921,429.5,2.600382629276906e-13,True,activated
1556,169.0,31.0,0.13570906239353978,-0.13808656571308536,-0.27379562810662517,2784.5,0.40599360216144803,False,non responder
1557,169.0,31.0,-0.7882175740043528,-1.4459623601686797,-0.657744786164327,3786.0,9.478157755053694e-05,True,inhibited
1558,169.0,31.0,0.9389062614120524,4.149143379440945,3.2102371180288927,571.0,7.711392288512491e-12,True,activated
1559,169.0,31.0,0.928441034681086,2.4115127997205392,1.4830717650394534,1055.0,2.3983581879669233e-07,True,activated
1560,169.0,31.0,0.24794563361147012,1.0156574424431022,0.767711808831632,1828.0,0.0022309756920365557,True,activated
1562,169.0,31.0,0.3643485894525168,2.521635891534019,2.157287302081502,1142.5,1.1519128753832417e-06,True,activated
1563,169.0,31.0,0.40039781831498705,2.7936584122559593,2.393260593940972,791.0,6.916421950515594e-10,True,activated
1564,169.0,31.0,5.531147478303954,16.150451423492676,10.619303945188722,896.5,5.229944451917478e-09,True,activated
1565,169.0,31.0,,,,,,False,non responder
1567,169.0,31.0,0.7441843238700055,1.1640422452724037,0.4198579214023982,2236.5,0.16945735483133745,False,non responder
1568,169.0,31.0,0.9736707701759425,3.1919303190200528,2.2182595488441104,1846.0,0.002217918870582225,True,activated
1569,169.0,31.0,1.726209911000934,9.179419214561143,7.453209303560209,217.5,7.818759402204824e-16,True,activated
1570,169.0,31.0,0.6070221862528878,7.89923919978632,7.292217013533432,218.0,6.454649090529601e-16,True,activated
1572,169.0,31.0,1.3941979106129712,4.686467489525618,3.292269578912647,734.0,2.9341485229279196e-10,True,activated
1573,169.0,31.0,1.651511152913569,6.182216756497953,4.530705603584384,507.5,1.5048969828303211e-12,True,activated
1574,169.0,31.0,3.4497540479443756,5.902240177005849,2.4524861290614735,1326.0,1.7917808318579684e-05,True,activated
1575,169.0,31.0,0.9177678818991762,2.654085734104487,1.7363178522053104,1157.0,1.1222330678867882e-06,True,activated
1577,169.0,31.0,0.5939399684878925,2.7516333915657474,2.1576934230778546,1012.5,8.298683461162867e-08,True,activated
1578,169.0,31.0,17.746470349729236,23.369082026856226,5.62261167712699,1523.5,0.00028708258905940133,True,activated
1579,169.0,31.0,0.8518756140289194,1.1158675132658624,0.263991899236943,2141.0,0.031234949324635417,False,non responder
1580,169.0,31.0,5.60051520449333,7.11914728390447,1.5186320794111392,1443.5,9.983288957778298e-05,True,activated
1581,169.0,31.0,-0.21656275357680752,0.45836147210840233,0.6749242256852098,2190.5,0.17719245570682612,False,non responder
1582,169.0,31.0,-0.1696762187001958,2.098941616086638,2.2686178347868338,1035.0,1.184988849308115e-07,True,activated
1584,169.0,31.0,0.016961711306542657,0.6347614753498471,0.6177997640433044,1771.5,0.004235181203547016,True,activated
1585,169.0,31.0,-0.5601119822268944,-0.641715747820123,-0.08160376559322857,2738.5,0.700863854125533,False,non responder
1586,169.0,31.0,0.573340735625877,1.1461954200885596,0.5728546844626826,1971.5,0.015332214952052555,True,activated
1587,169.0,31.0,-0.8523733703417494,-1.7973223017892852,-0.9449489314475358,3894.0,2.3122251223792173e-05,True,inhibited
1588,169.0,31.0,0.10233126762208623,1.3502206469832836,1.2478893793611974,1317.5,1.4863935540322369e-05,True,activated
1589,169.0,31.0,2.149077275664131,3.0629222934781506,0.9138450178140194,1809.5,0.008116042903411468,True,activated
1590,169.0,31.0,0.47410285865018853,2.2598916743816697,1.7857888157314812,1077.5,2.2076392771628457e-07,True,activated
1592,169.0,31.0,1.4544753926529985,5.874354635301478,4.41987924264848,434.5,2.2516463793691898e-13,True,activated
1593,169.0,31.0,0.6096289793717529,0.6403753818335863,0.030746402461833466,2431.5,0.5749694844438957,False,non responder
1594,169.0,31.0,1.732841704791066,4.557657806132221,2.8248161013411552,863.0,4.083441210108934e-09,True,activated
1595,169.0,31.0,1.385372154538525,2.6244887328550717,1.2391165783165468,1744.0,0.0028428991254342163,True,activated
1596,169.0,31.0,0.4726245930553429,1.956833227332616,1.4842086342772731,979.0,4.305714685727472e-08,True,activated
1598,169.0,31.0,0.7084205212181482,3.6575777571465298,2.9491572359283813,736.5,4.6364552277165016e-11,True,activated
1600,169.0,31.0,-0.1653848220570343,0.24966422123004448,0.4150490432870788,2008.0,0.04857434644824507,True,activated
1602,169.0,31.0,1.3503935257373276,6.325848378029927,4.975454852292599,317.5,1.1829042286131293e-14,True,activated
1603,169.0,31.0,0.8786116442193485,2.711968833862821,1.8333571896434728,1120.0,5.976472745172148e-07,True,activated
1604,169.0,31.0,3.152540529048245,11.249937766157238,8.097397237108993,701.5,1.337643584145088e-10,True,activated
1605,169.0,31.0,2.9158545300319014,10.356137604023992,7.440283073992091,570.0,6.571971575922054e-12,True,activated
1606,169.0,31.0,3.797850383489762,6.5513661021399425,2.7535157186501804,1252.0,5.584131040045299e-06,True,activated
1609,169.0,31.0,-0.07536188978837143,0.7133959809321754,0.7887578707205468,1431.5,8.340310894619493e-05,True,activated
1610,169.0,31.0,-0.24458284694326116,-0.4235585918236496,-0.17897574488038842,2893.5,0.405810899826566,False,non responder
1611,169.0,31.0,0.17616991254724823,1.4128322880458712,1.236662375498623,1121.0,5.422743140841643e-07,True,activated
2005,169.0,31.0,0.08545990866449886,0.3405785947018364,0.2551186860373375,2337.0,0.39087461179367966,False,non responder
2009,169.0,31.0,0.19158995372479717,0.6249223362041336,0.4333323824793365,2003.0,0.04688181668889704,True,activated
2010,169.0,31.0,0.17168472948008956,0.8164245129250433,0.6447397834449538,1804.5,0.007777499627967539,True,activated
2014,169.0,31.0,0.04351185886208197,0.4479821722945084,0.4044703134324264,2000.0,0.045982239651754,True,activated
2016,169.0,31.0,0.8659290933380948,1.4578238310623972,0.5918947377243025,1855.0,0.012767593471877232,True,activated
2017,169.0,31.0,0.7070916981888257,0.6801550800040235,-0.026936618184802197,2505.5,0.7444745222989091,False,non responder
2018,169.0,31.0,-0.312897720951745,-0.06589054939921474,0.24700717155253027,2152.5,0.13900930248027674,False,non responder
2020,169.0,31.0,1.1841390686042013,4.085032141232482,2.9008930726282802,1111.0,5.240646785262822e-07,True,activated
2022,169.0,31.0,0.015302296322605524,3.0994666853726187,3.084164389050013,502.0,1.3613537309808498e-12,True,activated
2023,169.0,31.0,0.7535456145238526,0.7313962527859846,-0.022149361737867967,2540.0,0.8232479948514437,False,non responder
2026,169.0,31.0,1.9890191128969343,2.2854142771374453,0.29639516424051093,1907.5,0.020870509717619293,False,non responder
2031,169.0,31.0,0.3279131916582514,2.7439380715735715,2.4160248799153203,520.0,2.0284424650828953e-12,True,activated
2034,169.0,31.0,1.9015119675325514,3.3990324128053144,1.497520445272763,1425.5,7.782441323746743e-05,True,activated
2035,169.0,31.0,1.7206141763200655,3.3088686903712383,1.5882545140511728,1511.0,0.0002496646690119594,True,activated
2036,169.0,31.0,3.901732650115597,6.214041990302241,2.312309340186644,1314.5,1.5065621068473411e-05,True,activated
2037,169.0,31.0,-0.19791505864668435,0.6333488512188723,0.8312639098655566,1836.5,0.010702339382216238,True,activated
2038,169.0,31.0,0.07383400118413154,0.116278514731471,0.042444513547339455,2373.5,0.45665122559392635,False,non responder
2041,169.0,31.0,0.12715737596823024,0.788507489431039,0.6613501134628088,1533.5,0.00033738729011247693,True,activated
2047,169.0,31.0,0.12219735692746363,0.41945423345155775,0.2972568765240941,2255.5,0.14767392858321193,False,non responder
2048,169.0,31.0,0.5279551935907881,2.374019257725676,1.8460640641348878,1215.5,3.0846806413822857e-06,True,activated
2049,169.0,31.0,-0.5919129153187364,0.33163500489820213,0.9235479202169385,2002.0,0.04688181668889704,True,activated
2050,169.0,31.0,0.8545652015109011,1.3461687158925923,0.49160351438169125,1654.5,0.0015156516844424335,True,activated
2052,169.0,31.0,0.12029428387379223,0.6226246246847483,0.5023303408109561,1936.0,0.026829270164761054,True,activated
2055,169.0,31.0,-0.02381811580670398,-0.12676221367469356,-0.10294409786798958,2579.0,0.9138331472586334,False,non responder
2057,169.0,31.0,0.05505086325470954,-0.2425162678579681,-0.29756713111267763,2965.0,0.2834662481546931,False,non responder
2058,169.0,31.0,0.12760472598326209,-1.0386429860733206,-1.1662477120565826,3949.5,1.0103754534136914e-05,True,inhibited
2059,169.0,31.0,-0.5131970203489806,1.50776381979865,2.0209608401476307,1156.5,1.1357790983310412e-06,True,activated
2060,169.0,31.0,-0.1395904384682831,0.5409008585037817,0.6804912969720648,1701.5,0.0025858799602091606,True,activated
2061,169.0,31.0,-0.2718095128480705,0.45259570708533353,0.724405219933404,1953.5,0.0312477995619114,True,activated
2062,169.0,31.0,0.043531917058256285,0.25534011595232425,0.21180819889406796,2447.5,0.6109135689976216,False,non responder
2065,169.0,31.0,-0.8131474207861676,-0.50713652191051,0.3060108988756577,2356.0,0.42334105290587687,False,non responder
2066,169.0,31.0,0.4162332453825882,1.2064144849417473,0.7901812395591591,1503.0,0.00022632554414547302,True,activated
2067,169.0,31.0,0.20934688016266473,0.4414669354591272,0.23212005529646246,2160.5,0.14654767175441918,False,non responder
2069,169.0,31.0,0.23028238862318445,0.9329783909438369,0.7026960023206525,2126.0,0.05272148556396895,False,non responder
2072,169.0,31.0,0.19569497934180582,-0.015675270492623312,-0.21137024983442915,2821.0,0.4037415163381081,False,non responder
2073,169.0,31.0,0.6621676979962334,0.783025030885495,0.12085733288926159,2547.5,0.8409370290371468,False,non responder
2074,169.0,31.0,-0.012924621476760293,1.0289678074403186,1.0418924289170788,1692.0,0.002331132167901468,True,activated
2075,169.0,31.0,-0.3603369812090829,0.32826690020319477,0.6886038814122777,2164.0,0.14985508176816278,False,non responder
2076,169.0,31.0,-0.3185929765971356,-0.4415447996965145,-0.12295182309937891,2751.0,0.7050643583170577,False,non responder
2077,169.0,31.0,-0.1930811073226331,-0.6008667797553117,-0.4077856724326786,2975.5,0.2673036683412707,False,non responder
2078,169.0,31.0,0.5824207746462897,-0.12810771432135498,-0.7105284889676446,3003.0,0.23199757342119265,False,non responder
2079,169.0,31.0,-0.42173256369812107,-1.5582945170421245,-1.1365619533440035,3595.0,0.001345886371822409,True,inhibited
2081,169.0,31.0,0.7728736763401381,-1.6346696493887474,-2.4075433257288856,4158.0,3.062630697738133e-07,True,inhibited
2082,169.0,31.0,0.4398080094324796,0.1131590077426285,-0.3266490016898511,2835.5,0.5167153548111342,False,non responder
2083,169.0,31.0,0.23096740311318859,-0.031017472483794814,-0.2619848755969834,2762.0,0.6419116765608541,False,non responder
2084,169.0,31.0,5.6268212618065805,-0.8745406031925301,-6.501361864999111,3538.5,0.002560447798704141,True,inhibited
2087,169.0,31.0,0.5415599370283962,0.011177597770119743,-0.5303823392582765,2858.0,0.45389049097621753,False,non responder
2091,169.0,31.0,0.8994104794058032,-1.1532949640885741,-2.0527054434943772,3995.0,3.0374635263965115e-06,True,inhibited
2099,169.0,31.0,1.9399957889626656,-0.35157268333380876,-2.291568472296474,3178.0,0.07217839209635277,False,non responder
2101,169.0,31.0,0.6608127794327777,1.5436268582742898,0.8828140788415121,1524.0,0.00029606720349043426,True,activated
2102,169.0,31.0,0.5604289091284792,0.39606540364961884,-0.16436350547886036,2521.0,0.7773716327717768,False,non responder
2103,169.0,31.0,0.6368216981464062,1.4228359812713764,0.7860142831249702,1577.5,0.0005897931265351364,True,activated
2104,169.0,31.0,4.7474381943443165,6.349938853335604,1.6025006589912874,1455.0,0.0001182991731597662,True,activated
2107,169.0,31.0,0.4002239506151901,0.07942215428987362,-0.32080179632531647,2777.5,0.6430677691865191,False,non responder
2108,169.0,31.0,0.3773195892227759,0.31790447595869725,-0.05941511326407867,2604.5,0.9692780741927389,False,non responder
2111,169.0,31.0,3.559133225242965,5.297302488997955,1.7381692637549904,1628.0,0.0011166964609029802,True,activated
2112,169.0,31.0,0.059562268553872914,-0.12663580314091416,-0.18619807169478708,2881.0,0.4262859879551577,False,non responder
2120,169.0,31.0,0.9121327256839021,-1.0164051709398565,-1.9285378966237587,3669.5,0.0005322113394530777,True,inhibited
2125,169.0,31.0,-0.5743804518366892,-1.0216182730234822,-0.447237821186793,3208.5,0.05833098169771418,False,non responder
2126,169.0,31.0,-0.9771389561986028,-2.7937495971075386,-1.8166106409089358,4111.5,6.863688429500921e-07,True,inhibited
2127,169.0,31.0,-0.04007796731792984,-0.7230813532515341,-0.6830033859336042,3584.5,0.0015154067391984461,True,inhibited
2128,169.0,31.0,0.7175895911260581,-0.24337522167168654,-0.9609648127977447,3467.0,0.005492422055241388,True,inhibited
2130,169.0,31.0,1.469559234276888,1.4829101308815409,0.01335089660465294,2217.0,0.20874956389591706,False,non responder
2135,169.0,31.0,-0.43573188061843104,0.044325121293082394,0.48005700191151346,2035.0,0.06012097217074861,False,non responder
2136,169.0,31.0,0.25907707718932077,0.9520338309564503,0.6929567537671295,1992.5,0.022019078080304722,True,activated
2137,169.0,31.0,0.4065681564718635,-0.2988276663253419,-0.7053958227972055,2997.0,0.2396830716926616,False,non responder
2138,169.0,31.0,0.2934549507288476,0.7428002284526962,0.44934527772384864,2125.5,0.11584939025755003,False,non responder
2139,169.0,31.0,0.27578116229851213,0.771763287782334,0.4959821254838219,2071.5,0.06250741005174375,False,non responder
2144,169.0,31.0,0.21378137195810526,0.5899754657146413,0.37619409375653606,2059.0,0.07187028459349738,False,non responder
2147,169.0,31.0,0.6052725989116603,1.2912356145761936,0.6859630156645333,1789.0,0.006554686127002958,True,activated
2152,169.0,31.0,0.011139224605318155,-0.16193027838655705,-0.1730695029918752,2550.0,0.8462799786939845,False,non responder
2155,169.0,31.0,0.06854577261474695,0.25202435026189546,0.1834785776471485,2499.5,0.7317936630282383,False,non responder
2162,169.0,31.0,-0.1611820733109624,0.42194034949158055,0.5831224228025429,2098.5,0.09657650507592923,False,non responder
2165,169.0,31.0,0.3552184791055652,0.4882726682156139,0.13305418911004868,2423.5,0.5578628829582049,False,non responder
2166,169.0,31.0,0.007421441179523225,-0.048519869504063756,-0.05594131068358698,2707.5,0.8007660452145284,False,non responder
2173,169.0,31.0,0.3609795345296402,0.6712623038757082,0.31028276934606797,2274.5,0.26628060398860365,False,non responder
2174,169.0,31.0,0.14989697108351663,0.4078576434909702,0.2579606724074536,2264.0,0.2570461580286976,False,non responder
2176,169.0,31.0,-0.4960666629858517,-0.3218090162397864,0.1742576467460653,2261.5,0.26532103127664325,False,non responder
2177,169.0,31.0,0.12429531902787955,-0.16274742117242721,-0.28704274020030673,2883.0,0.42334105290587687,False,non responder
2178,169.0,31.0,0.874844872230473,0.8853652061765598,0.010520333946086757,2382.5,0.47317895101594837,False,non responder
2181,169.0,31.0,0.3331756141848561,0.3449573782596105,0.011781764074754397,2615.5,0.9919054141426003,False,non responder
2183,169.0,31.0,0.07188896851692819,0.26309579032160674,0.19120682180467855,2512.5,0.7599871562097057,False,non responder
2184,169.0,31.0,0.4709443778859268,0.9915387134165053,0.5205943355305785,2250.0,0.2141873827160206,False,non responder
2185,169.0,31.0,0.022230758955959953,1.5836534042178925,1.5614226452619324,1163.0,1.2087041041801165e-06,True,activated
2186,169.0,31.0,0.6236943313087415,1.2192073579698173,0.5955130266610758,1716.5,0.0030437420021737008,True,activated
2187,169.0,31.0,0.1627283536366195,0.22150019145133973,0.05877183781472023,2582.0,0.9152424475809036,False,non responder
2188,169.0,31.0,-0.02175878470420926,-0.39904505600290086,-0.3772862712986916,2552.5,0.8491383304790219,False,non responder
2189,169.0,31.0,0.3664745258355985,0.7032145967528206,0.33674007091722213,2040.0,0.059505082015012346,False,non responder
2191,169.0,31.0,0.44458360091303295,0.1620781464331075,-0.2825054544799255,2727.5,0.7588425447000559,False,non responder
2192,169.0,31.0,-0.17437046889295438,0.08909918640103529,0.2634696552939897,2398.0,0.5063979464154713,False,non responder
2193,169.0,31.0,0.057308421543387424,-0.08698480830560723,-0.14429322984899465,2817.0,0.5556284628711811,False,non responder
2198,169.0,31.0,-0.006482855638536985,-0.04639907504785358,-0.0399162194093166,2558.0,0.8620455956472293,False,non responder
2200,169.0,31.0,-0.06144198612158429,-0.2328252090752904,-0.17138322295370612,2861.5,0.4621857411860428,False,non responder
2202,169.0,31.0,0.3998090700300132,1.0633657981081726,0.6635567280781594,1838.5,0.010852699928604895,True,activated
2208,169.0,31.0,-0.3236251086994031,-0.4249689752143931,-0.10134386651499,2834.5,0.5174133634966462,False,non responder
2211,169.0,31.0,-0.13451420270192718,-0.14073222488623008,-0.006218022184302896,2658.5,0.9152424475809036,False,non responder
2212,169.0,31.0,0.11719594145945085,0.18065294859959866,0.0634570071401478,2664.5,0.9034977888708474,False,non responder
2213,169.0,31.0,-0.19359380422959263,-0.1251577784194373,0.06843602581015534,2513.5,0.7607282206156966,False,non responder
2214,169.0,31.0,-0.21393986894675981,-0.09405126585950888,0.11988860308725094,2645.0,0.9469153710608972,False,non responder
2217,169.0,31.0,-0.1320563639542002,-0.3682609245829173,-0.23620456062871711,2950.5,0.3030266316887132,False,non responder
2220,169.0,31.0,0.11927830732704088,0.3624056401818208,0.24312733285477994,2119.5,0.11124518400798492,False,non responder
2222,169.0,31.0,0.013411533925960482,0.20667859628933796,0.19326706236337748,2382.0,0.4727385429967115,False,non responder
2225,169.0,31.0,-0.47436036605316306,-0.22273581171485354,0.25162455433830955,2447.0,0.6108449750976072,False,non responder
2233,169.0,31.0,-0.07207602145153412,1.1362648540330784,1.2083408754846126,1397.0,5.0998531815078285e-05,True,activated
2235,169.0,31.0,0.4856606097475697,-0.11717397174395314,-0.6028345814915228,2927.0,0.3440809142702788,False,non responder
2236,169.0,31.0,0.4799848507089161,0.16103904287451168,-0.3189458078344044,2887.5,0.41513613844025016,False,non responder
2241,169.0,31.0,0.15294621151024154,-0.19085432576414982,-0.34380053727439136,3105.0,0.1210405180798485,False,non responder
2242,169.0,31.0,-0.04416388335365873,-0.3578679088493837,-0.31370402549572496,2953.5,0.30005677565769606,False,non responder
2243,169.0,31.0,0.2321344008648475,-0.07658903631812669,-0.3087234371829742,2836.5,0.4075217623658346,False,non responder
2244,169.0,31.0,0.5937030492749045,0.1951352052016139,-0.3985678440732906,2751.0,0.7028401985167936,False,non responder
2246,169.0,31.0,-0.2481263468054257,-0.5814677414190541,-0.33334139461362844,2962.5,0.286810067363349,False,non responder
2247,169.0,31.0,0.4314391565796402,0.6186319626089983,0.18719280602935812,2230.0,0.22444669202872447,False,non responder
2248,169.0,31.0,2.0151633663867057,0.594895833934799,-1.4202675324519067,2776.0,0.6443599402195143,False,non responder
2249,169.0,31.0,-0.14120974064176958,-0.0057177884379890015,0.13549195220378057,2242.5,0.2396830716926616,False,non responder
2250,169.0,31.0,0.5312825299603083,0.202694924403032,-0.32858760555727634,2723.0,0.765134487341196,False,non responder
2251,169.0,31.0,0.37385542552221734,0.524929599589673,0.15107417406745566,2504.5,0.7424017649136416,False,non responder
2252,169.0,31.0,0.1560001392586374,0.19019616446871115,0.034196025210073755,2491.0,0.7096984380072593,False,non responder
2260,169.0,31.0,0.25695440965463245,0.10066025206564527,-0.15629415758898718,2838.5,0.5104807333225474,False,non responder
2266,169.0,31.0,0.08707018822614115,0.07257389488927429,-0.014496293336866861,2574.5,0.9034977888708474,False,non responder
2270,169.0,31.0,3.169349907220016,1.5532450197716752,-1.6161048874483408,2430.5,0.574904089123989,False,non responder
2271,169.0,31.0,1.1130360745676835,0.7019753833076835,-0.41106069126,2435.0,0.5749694844438957,False,non responder
2278,169.0,31.0,-0.1209754551850361,-0.6451686508290955,-0.5241931956440594,3394.0,0.011536217619868472,True,inhibited
2279,169.0,31.0,1.3694294811238743,0.03727607033115688,-1.3321534107927173,3248.0,0.043013894534292774,True,inhibited
2280,169.0,31.0,0.33105035434442504,0.2842988046573372,-0.046751549687087834,2551.0,0.847399260688192,False,non responder
2281,169.0,31.0,0.18712355483813972,0.43797743555018687,0.2508538807120472,2277.0,0.2624274954209123,False,non responder
2282,169.0,31.0,0.4858371458730478,0.39252818412744356,-0.09330896174560427,2629.0,0.979836055887426,False,non responder
2283,169.0,31.0,-0.27249318320514937,-0.19606891000842097,0.0764242731967284,2641.0,0.9548365685132075,False,non responder
2284,169.0,31.0,0.22432573266457664,0.10571405722903181,-0.11861167543554484,2623.0,0.9919054141426003,False,non responder
2285,169.0,31.0,-0.7348665884039629,-0.7088347360981113,0.02603185230585159,2708.0,0.8007660452145284,False,non responder
2287,169.0,31.0,-0.1691451409574572,1.7235113773503123,1.8926565183077695,717.0,2.510213145411663e-10,True,activated
