Method,MI
Observed,0.5528410814264942
Observed,0.5165508781412126
Observed,0.5503858333477447
Observed,0.5727514386031405
Observed,0.47584877875323056
Observed,0.5655562073287419
Observed,0.5066390647692061
Observed,0.5884063544820681
Observed,0.47744965959364294
Observed,0.5263224758216152
Observed,0.5411161289472456
Observed,0.5014524214988046
Observed,0.5346372367092312
Observed,0.5468094967504653
Observed,0.5619563902123177
Observed,0.5245061803954222
Observed,0.5062777938019123
Observed,0.4965608099650498
Observed,0.5307687858804837
Observed,0.564657045106608
Observed,0.5428376508199076
Observed,0.5533089322889565
Observed,0.5726985907028692
Observed,0.523101441329461
Observed,0.5703078125094153
Observed,0.5185151130607563
Observed,0.5480192557884249
Observed,0.5876141683225728
Observed,0.5467753941945253
Observed,0.5898805228159919
Observed,0.5086214057737937
Observed,0.5824794840666752
Observed,0.5710563963189632
Observed,0.5835116663761405
Observed,0.5814004862439551
Observed,0.579789931653224
Observed,0.5967670129529637
Observed,0.4927071502921998
Observed,0.5347345425599133
Observed,0.5486319802424849
Observed,0.5755173150694646
Observed,0.46409348232174197
Observed,0.5020879612311784
Observed,0.4913268962197623
Observed,0.5295621162212742
Observed,0.5283313019411139
Observed,0.5398624848539504
Observed,0.48609736196572056
Observed,0.5405428222588236
Observed,0.5289692683594847
Observed,0.5226869415614466
Observed,0.5381639085984188
Observed,0.5155092227774472
Observed,0.507405369373547
Observed,0.5208693576804597
Observed,0.5471438842662155
Observed,0.5010240785798602
Observed,0.509951845847344
Observed,0.5496999392167367
Observed,0.5647184769246485
Observed,0.5374933677175014
Observed,0.523980744079846
Observed,0.5368127365503327
Observed,0.503732410606466
Observed,0.5047218518170975
Observed,0.5297166494418774
Observed,0.6133051928928451
Observed,0.5141300288411252
Observed,0.5082556467082657
Observed,0.5801447004037268
Observed,0.5709365042738045
Observed,0.5350290840547054
Observed,0.5093390302399191
Observed,0.5299763496443324
Observed,0.4705744169326269
Observed,0.5488365252802668
Observed,0.5455262502089989
Observed,0.5614677953417067
Observed,0.6127279814179332
Observed,0.5055203511304499
Observed,0.548565119488936
Observed,0.5406898947000491
Observed,0.560817745517988
Observed,0.5063853047360507
Observed,0.5718753750981111
Observed,0.5142407833220171
Observed,0.5572776392862613
Observed,0.5211771328573678
Observed,0.5631176167916375
Observed,0.6027309792065996
Observed,0.4976497247977929
Observed,0.5365363720037104
Observed,0.5367153322025386
Observed,0.5337980446560378
Observed,0.539354957920484
Observed,0.559734260635543
Observed,0.5487151947777138
Observed,0.54903314856359
Observed,0.49967590817168767
Observed,0.5859227565521683
Observed,0.5025757294898441
Observed,0.516792012306087
Observed,0.5465620674741757
Observed,0.44998741273387255
Observed,0.522574600410661
Observed,0.568104407251965
Observed,0.4768917165937574
Observed,0.5560463372028543
Observed,0.4937226021839488
Observed,0.48977233035163625
Observed,0.5189717546043685
Observed,0.5307828946597238
Observed,0.5035379735826477
Observed,0.5546347186374336
Observed,0.5820609908894815
Observed,0.5402999203894436
Observed,0.6010956975512965
Observed,0.5329104289253229
Observed,0.5451640251722742
Observed,0.5684435262012488
Observed,0.5221698291566386
Observed,0.5252418560128467
Observed,0.45775501255915063
Observed,0.4789418613045859
Observed,0.5417410319788171
Observed,0.5246288890399611
Observed,0.5094667360315497
Observed,0.5961730780013264
Observed,0.555479233024234
Observed,0.5818156184979354
Observed,0.5543073507244417
Observed,0.5976895172099523
Observed,0.6083102825789782
Observed,0.5515896517629718
Observed,0.542259044868291
Observed,0.47905449910363124
Observed,0.5498619348412459
Observed,0.49473584850072816
Observed,0.5090552506885583
Observed,0.5559952643499462
Observed,0.5161883884927961
Observed,0.5246274866414753
Observed,0.568325961995973
Observed,0.5378575572118169
Observed,0.5591931899070015
Observed,0.5232070600186928
Observed,0.5234715142309883
Observed,0.5933331563644826
Observed,0.5776273024731803
Observed,0.5353012283266089
Observed,0.5097754376175316
Observed,0.5552759491492092
Observed,0.5831099844593706
Observed,0.5070202748673704
Observed,0.5881006637121244
Observed,0.579297203926882
Observed,0.5341011137021794
Observed,0.4937363121243652
Observed,0.4849190466935479
Observed,0.5115460425022764
Observed,0.5975286917838261
Observed,0.5045705341272295
Observed,0.5211997075032077
Observed,0.5343626129199
Observed,0.5416090385119798
Observed,0.5358840889316226
Observed,0.5536296839966478
Observed,0.47939872000724937
Observed,0.4833781143859223
Observed,0.5746287489409811
Observed,0.5250835652190282
Observed,0.5269792394933372
Observed,0.5059980411907268
Observed,0.5403042161513221
Observed,0.503916131810719
Observed,0.5772947337784367
Observed,0.548271339756765
Observed,0.5337751427041493
Observed,0.5575189745030877
Observed,0.5721881286751471
Observed,0.511862312930118
Observed,0.48770171999302503
Observed,0.5509957949390958
Observed,0.5421475718399373
Observed,0.5663774648701216
Observed,0.5708359702619045
Observed,0.5544746746850715
Observed,0.4740051297678006
Observed,0.48891837173753727
Observed,0.5386593791874424
Observed,0.5158476935002246
Observed,0.6465519414057709
Observed,0.5079662220615705
Observed,0.5524232853820308
Observed,0.4995129242101014
Observed,0.5233756288497752
Observed,0.5653889717236368
Observed,0.5067090263420824
Observed,0.5166942737830886
Observed,0.5225576558211189
Observed,0.544999815837436
Observed,0.4917286696070609
Observed,0.5187544964081398
Observed,0.5270676925411993
Observed,0.5675738490683979
Observed,0.484845304034355
Observed,0.5497408648066289
Observed,0.521437197680412
Observed,0.5139783610939417
Observed,0.5476121630484989
Observed,0.5094102773769766
Observed,0.4906308884443387
Observed,0.541655792575847
Observed,0.5252522576535309
Observed,0.5319622710528011
Observed,0.5695203423049946
Observed,0.5067373991767166
Observed,0.5902144535685331
Observed,0.565321285966078
Observed,0.5921381376633876
Observed,0.5534005561088066
Observed,0.5835886437548718
Observed,0.5066086548115352
Observed,0.6326610782086934
Observed,0.5659442697238466
Observed,0.5276551584223814
Observed,0.5679194684765827
Observed,0.5853878608266159
Observed,0.576452552474507
Observed,0.5508924578979197
Observed,0.5257025471690276
Observed,0.5704642719603646
Observed,0.5715886317339551
Observed,0.5133080798242353
Observed,0.4462807414899645
Observed,0.5202501624674124
Observed,0.5127885656731856
Observed,0.5566050369699038
Observed,0.5261433934095867
Observed,0.5271712932694697
Observed,0.5216413554355629
Observed,0.5762253103836951
Observed,0.5350224114007499
Observed,0.5363051165559723
Observed,0.5616427481932673
Observed,0.5262141796181448
Observed,0.5418056921220872
Observed,0.5104002870192408
Observed,0.5914302366765489
Observed,0.5381424286527989
Observed,0.5114178694616855
Observed,0.5021633372430279
Observed,0.4988650934443488
Observed,0.5356338130187077
Observed,0.5095550158832213
Observed,0.5391645965745677
Observed,0.4945701751730537
Observed,0.5915671835940898
Observed,0.5609397207815572
Observed,0.540824646089119
Observed,0.49245134988322986
Observed,0.5926951147008694
Observed,0.5200583633886595
Observed,0.5508306053248191
Observed,0.4665800210534111
Observed,0.49757496983430755
Observed,0.49514219677280485
Observed,0.5950854033025437
Observed,0.5571823936729075
Observed,0.5284066097564413
Observed,0.5696103649234877
Observed,0.519569826005197
Observed,0.4877960557036898
Observed,0.5834075085741344
Observed,0.5243208135457496
Observed,0.5026337377464409
Observed,0.5376993778244299
Observed,0.5214960944645621
Observed,0.5287605064250713
Observed,0.6079740443708533
Observed,0.5206319105921572
Observed,0.5237443685998923
Observed,0.4693597222178582
Observed,0.5875737129535624
Observed,0.5076558091703567
Observed,0.5486967277485487
Observed,0.5513427475925714
Observed,0.525074573362196
Observed,0.4517058792021349
Observed,0.5718441042894403
Observed,0.5817441900039547
Observed,0.4793418200352192
Observed,0.5491493970855165
Observed,0.5055355002707228
Observed,0.49625337089806726
Observed,0.5895731483175533
Observed,0.48532421547101057
Observed,0.5323703319805533
Observed,0.5140671711823996
Observed,0.5727962458867027
Observed,0.566815931429133
Observed,0.5331537780875606
Observed,0.5946833501601756
Observed,0.5206177260711503
Observed,0.4688948494794502
Observed,0.5628332722866168
Observed,0.5571261281608813
Observed,0.523482438514614
Observed,0.5259162718592453
Observed,0.5447631524298359
Observed,0.5889391391667573
Observed,0.5241685861665367
Observed,0.542714656056009
Observed,0.45690653747804677
Observed,0.5073997405729248
Observed,0.4946386642254229
Observed,0.5396244307119095
Observed,0.5581781049653065
Observed,0.4850807909022215
Observed,0.5646902011317958
Observed,0.5493486130420049
Observed,0.46265322980550244
Observed,0.5923695246202194
Observed,0.5144892910950403
Observed,0.5821935638944269
Observed,0.6004192857132171
Observed,0.6096893137897132
Observed,0.5403774544768525
Observed,0.5959697308555305
Observed,0.5291050339995458
Observed,0.5074254827160225
Observed,0.48338719683211107
Observed,0.5386881233357755
Observed,0.5527640438886804
Observed,0.5879567109441424
Observed,0.5956544812163692
Observed,0.5060083736389733
Observed,0.4827074174877933
Observed,0.5242769754001667
Observed,0.5484915422695967
Observed,0.5203462467747042
Observed,0.520705544655371
Observed,0.563332470372576
Observed,0.45322398498569155
Observed,0.5494722406753786
Observed,0.535824163852168
Observed,0.5433062107594167
Observed,0.5119978141265189
Observed,0.48140876513302233
Observed,0.5581221046707874
Observed,0.5192335070285519
Observed,0.5327404765125678
Observed,0.5609243767963765
Observed,0.5451525313774952
Observed,0.5031368989176149
Observed,0.5718462134837895
Observed,0.5261756726021899
Observed,0.5085822110021674
Observed,0.5552529435161057
Observed,0.5151890391355408
Observed,0.5724712300036556
Observed,0.5368383566862136
Observed,0.5214931617842996
Observed,0.55207128894374
Observed,0.5854997489688656
Observed,0.49642711464390565
Observed,0.5890776300265268
Observed,0.49894318306330027
Observed,0.5379710637833733
Observed,0.5132464598038553
Observed,0.46485935628910424
Observed,0.6036258906029386
Observed,0.564334633458762
Observed,0.5194575453215411
Observed,0.5282090008913877
Observed,0.5696678456902923
Observed,0.533477198114893
Observed,0.5320402126467868
Observed,0.5254471336949771
Observed,0.5430192125142287
Observed,0.5821860796653351
Observed,0.5688075993467145
Observed,0.5906398256776408
Observed,0.5689961688093716
Observed,0.5474601659532492
Observed,0.5689065511520298
Observed,0.5302095726880578
Observed,0.5503442424139432
Observed,0.5070152514952969
Observed,0.5449672356282063
Observed,0.5038970818196107
Observed,0.5263314856251424
Observed,0.4462015699130743
Observed,0.5325281019298956
Observed,0.5153290286937251
Observed,0.5193678720754306
Observed,0.522392470769175
Observed,0.5445117345589785
Observed,0.5734744128272986
Observed,0.5273491306601397
Observed,0.5256744908961031
Observed,0.5439199553674301
Observed,0.5446559056377962
Observed,0.5288435749657581
Observed,0.4936734599827685
Observed,0.543272519018499
Observed,0.5128326889837928
Observed,0.5251753509564087
Observed,0.5406667609164414
Observed,0.5383741674266265
Observed,0.5630707096601483
Observed,0.5699631881085596
Observed,0.49028481643218114
Observed,0.5298381141501897
Observed,0.465087820203139
Observed,0.5438893942349992
Observed,0.48490827183489554
Observed,0.6028414508610667
Observed,0.5458621221588681
Observed,0.4939250906078063
Observed,0.48055311677095675
Observed,0.5502540955982582
Observed,0.5356780465741343
Observed,0.5274430248074597
Observed,0.533667144421279
Observed,0.5344923587536029
Observed,0.5295583722396209
Observed,0.5094118847373896
Observed,0.526852245199414
Observed,0.5384709378950912
Observed,0.5074130738714304
Observed,0.5306330928421311
Observed,0.5354203767567407
Observed,0.5497032668408028
Observed,0.5235724776438032
Observed,0.5712452862539492
Observed,0.5385649231961726
Observed,0.5535326058976836
Observed,0.5292484955193043
Observed,0.5514001337502343
Observed,0.5162232190212181
Observed,0.4954162116975507
Observed,0.5247084143487349
Observed,0.5786438339089667
Observed,0.5507473649835058
Observed,0.5454749556270952
Observed,0.5805268708478718
Observed,0.5318424825667717
Observed,0.47392679160785867
Observed,0.5338976673767849
Observed,0.5028557545517116
Observed,0.482393315407336
Observed,0.47171547439322936
Observed,0.4762219907191428
Observed,0.5457935324341184
Observed,0.5144969224354773
Observed,0.5692567481111039
Observed,0.5563060825590975
Observed,0.5643192335927798
Observed,0.4842932490206905
Observed,0.5357526388295679
Observed,0.4633807598911794
Observed,0.5883571074581838
Observed,0.5468508736151458
Observed,0.5473437594282287
Observed,0.5499230762766236
Observed,0.5924828125464177
Observed,0.49889936556438963
Observed,0.5757579332970175
Observed,0.591140527877446
Observed,0.5711717218606811
Observed,0.5119386074475161
Observed,0.5352741230564015
Observed,0.5321515511642434
Observed,0.5497850703235457
Observed,0.5602596163303794
Observed,0.6700231033351478
Observed,0.586722826815943
Observed,0.6195788456221081
Observed,0.5111954241402777
Observed,0.5781684779610917
Observed,0.5552199324271416
Observed,0.554577327136869
Observed,0.5012307204482099
Observed,0.5105170368496332
Observed,0.5126488143074442
Observed,0.5811614942231008
Observed,0.5127125946467311
Observed,0.5615820023503473
Observed,0.5224226272881586
Observed,0.47051432259927933
Observed,0.6039026046970046
Observed,0.5745525417774001
Observed,0.4856546151405315
Observed,0.5365061143127988
Observed,0.5125160569519555
Observed,0.6014321961475044
Observed,0.48932797746955087
Observed,0.5147422285131246
Observed,0.5769360090173512
Observed,0.49864896919890866
Observed,0.5291840492430252
Observed,0.5411641795621553
Observed,0.5354736443739677
Observed,0.5912187302765438
Observed,0.5406055564517627
Observed,0.5278082514775875
Observed,0.5543155062953223
Observed,0.5730906257956695
Observed,0.5038246138291868
Observed,0.5172055999408114
Observed,0.5694134592291171
Observed,0.5439282512998604
Observed,0.5555488971092795
Observed,0.5014486474985318
Observed,0.4835334716879721
Observed,0.5230676151567815
Observed,0.5725052811878331
Observed,0.5752833735188365
Observed,0.534795062492752
Observed,0.5587741059027007
Observed,0.5402362707812126
Observed,0.5351181074050871
Observed,0.5825298282095632
Observed,0.5196456692974726
Observed,0.5325537157437209
Observed,0.5715205677724234
Observed,0.5592759283640325
Observed,0.5537513461411425
Observed,0.523382593909149
Observed,0.5837175264665344
Observed,0.4856405352803727
Observed,0.5938871846702032
Observed,0.47488337685310406
Observed,0.543316366356901
Observed,0.5228494243501103
Observed,0.5695088127094182
Observed,0.5673111617715787
Observed,0.5754520414781348
Observed,0.5355155680111838
Observed,0.5545591270911527
Observed,0.5173706334069192
Observed,0.5947562068614305
Observed,0.5340336903196927
Observed,0.47556433850805
Observed,0.5935149349578208
Observed,0.564402172635773
Observed,0.5361877571818732
Observed,0.5407614056359855
Observed,0.5663448723571777
Observed,0.5491449209678929
Observed,0.5674306794910358
Observed,0.5849406293761158
Observed,0.5801156265508585
Observed,0.5234060153974817
Observed,0.5448431971857781
Observed,0.4375338509329312
Observed,0.5925856430340543
Observed,0.5606142047691413
Observed,0.5278126725326854
Observed,0.567289049933674
Observed,0.5693753563096074
Observed,0.6081878297735855
Observed,0.5926407776373842
Observed,0.5691213063060409
Observed,0.48555466924369867
Observed,0.5315941449066471
Observed,0.5307083641358659
Observed,0.5333398202026731
Observed,0.5620442357124873
Observed,0.4978142148797437
Observed,0.4905521841052477
Observed,0.5490319636792513
Observed,0.5576187031287408
Observed,0.5621383890858584
Observed,0.46396123920573573
Observed,0.5256345274128379
Observed,0.5313762633695625
Observed,0.49852708949407765
Observed,0.5982971851143464
Observed,0.5409155950008246
Observed,0.5102329619236398
Observed,0.5505047400372616
Observed,0.5055949924006728
Observed,0.48071804750524494
Observed,0.5758625514130153
Observed,0.5427738733308222
Observed,0.5356632237980108
Observed,0.5379263381118055
Observed,0.5067066377219254
Observed,0.5894345098033583
Observed,0.53915775116966
Observed,0.5891827550468165
Observed,0.5106889307197847
Observed,0.5495651556085166
Observed,0.5808374420766719
Observed,0.567588673438562
Observed,0.5448974406431837
Observed,0.6049972522764014
Observed,0.522208308146542
Observed,0.4741566080419194
Observed,0.44548177184128235
Observed,0.5783736775495611
Observed,0.579260271658609
Observed,0.509006527786833
Observed,0.5760775530827857
Observed,0.47811054292315414
Observed,0.567689935160264
Observed,0.5370820702802416
Observed,0.5172756008644899
Observed,0.5547980493489955
Observed,0.5063974974941893
Observed,0.5784322612904966
Observed,0.5520108016860726
Observed,0.5684283800996384
Observed,0.5854610692793194
Observed,0.6083083237739441
Observed,0.5431844893501795
Observed,0.4962555635774972
Observed,0.5298983486550173
Observed,0.518357919996074
Observed,0.5940298211545272
Observed,0.5311701589629473
Observed,0.5478253588611475
Observed,0.5769041755511103
Observed,0.5309124988289662
Observed,0.5417139718557757
Observed,0.5273924176441219
Observed,0.516813009441785
Observed,0.5162234915010292
Observed,0.5912390333002129
Observed,0.5793317624106628
Observed,0.5783547368086731
Observed,0.5821951897968612
Observed,0.564175510472309
Observed,0.5025763025868467
Observed,0.5220357159267683
Observed,0.5121574148040882
Observed,0.5445372954965946
Observed,0.5538409626608258
Observed,0.6571117198385013
Observed,0.5730222850630893
Observed,0.5583361178116599
Observed,0.6074898762266432
Observed,0.5246909056409561
Observed,0.5948798424486967
Observed,0.5004963891347979
Observed,0.6073405587963626
Observed,0.5792319685489318
Observed,0.5221167903446983
Observed,0.5706710352451119
Observed,0.493721599233236
Observed,0.5274784277999396
Observed,0.5862996034777392
Observed,0.5403506802536979
Observed,0.553750513593188
Observed,0.5619746473565854
Observed,0.5131373976128557
Observed,0.4765078705106501
Observed,0.5464924174330642
Observed,0.5490601598428305
Observed,0.5005330740436046
Observed,0.5399845920661139
Observed,0.5338546012591634
Observed,0.4897321615016484
Observed,0.5099823633488554
Observed,0.4978534750843817
Observed,0.5234124060326609
Observed,0.5408714631570625
Observed,0.4755518157248942
Observed,0.6244177980074694
Observed,0.43744844105535674
Observed,0.6307080632801615
Observed,0.5189697767916723
Observed,0.5322951707870996
Observed,0.5427428900932553
Observed,0.5855368647366165
Observed,0.5344973565029303
Observed,0.5172016726833547
Observed,0.5482133943373511
Observed,0.5516920328104995
Observed,0.5678347321112862
Observed,0.49031524624979694
Observed,0.5075847153836387
Observed,0.5532323665894372
Observed,0.5039498120526235
Observed,0.5522716917698095
Observed,0.6075054810192193
Observed,0.5521739389421672
Observed,0.5453572360093032
Observed,0.49449599819061996
Observed,0.5368778975762278
Observed,0.5390960918001011
Observed,0.5694135119763861
Observed,0.5187200436594334
Observed,0.5338781046950437
Observed,0.532963562023866
Observed,0.586854381922257
Observed,0.4882004792623815
Observed,0.5573187085137594
Observed,0.4624206899300125
Observed,0.5041706386060334
Observed,0.49967182869104293
Observed,0.4996367099286505
Observed,0.49645036413367244
Observed,0.5682736975181863
Observed,0.48626521459194894
Observed,0.5401223852542223
Observed,0.5618765486850075
Observed,0.5467870590661564
Observed,0.6322766673734674
Observed,0.5377419446397043
Observed,0.5436529923209856
Observed,0.5739100279604907
Observed,0.5470016787474141
Observed,0.5831195502373188
Observed,0.5652007016272971
Observed,0.5288478287475948
Observed,0.497230572419158
Observed,0.5275740837083296
Observed,0.6396493838981181
Observed,0.5433725554255326
Observed,0.5255596086622161
Observed,0.5494097846254027
Observed,0.5478043782909594
Observed,0.5524699447739578
Observed,0.5227047189621453
Observed,0.5088125520675938
Observed,0.5469189826337568
Observed,0.5764092908201995
Observed,0.5084750862987579
Observed,0.5826553377451138
Observed,0.48925937549073106
Observed,0.566728622319026
Observed,0.5426529282750322
Observed,0.5527060813180983
Observed,0.47119116188024807
Observed,0.5208995745055007
Observed,0.5025389736736408
Observed,0.5217633636137612
Observed,0.5153065769533156
Observed,0.5083999832502116
Observed,0.5429349676366402
Observed,0.5133279541028487
Observed,0.46863213593601427
Observed,0.5403957561089677
Observed,0.5453119509447266
Observed,0.5157194914451038
Observed,0.452820650069531
Observed,0.5115027154196006
Observed,0.5319750831727914
Observed,0.535280273821074
Observed,0.5120764064531915
Observed,0.5455815143951094
Observed,0.56280755857591
Observed,0.516876457036183
Observed,0.5753258559917063
Observed,0.49678543580331036
Observed,0.4730008250257799
Observed,0.5430318416239425
Observed,0.5392360296441363
Observed,0.5755867947289066
Observed,0.5920613081316812
Observed,0.5945584528542915
Observed,0.5242670926261495
Observed,0.5640940511962301
Observed,0.525021189761314
Observed,0.5879722443980374
Observed,0.5234789557937684
Observed,0.5580699330477431
Observed,0.5407525444969918
Observed,0.47955900480291436
Observed,0.5446663344803376
Observed,0.524360226178525
Observed,0.5681014289030608
Observed,0.5313058112257725
Observed,0.5568924142397216
Observed,0.4619924897809836
Observed,0.584164241967271
Observed,0.5423158787459043
Observed,0.5196492536101084
Observed,0.5150734790980349
Observed,0.5400801514552058
Observed,0.5640057760406758
Observed,0.4592430478684214
Observed,0.5677245224626959
Observed,0.5613323957759522
Observed,0.5900968190490461
Observed,0.6107589787503078
Observed,0.5050440508313978
Observed,0.5517922221409907
Observed,0.538818117061824
Observed,0.5397542422234761
Observed,0.556001710521355
Observed,0.51831536812586
Observed,0.5054790079369966
Observed,0.5935190504299876
Observed,0.5830178586953134
Observed,0.5743101067476514
Observed,0.5989356669576663
Observed,0.5438244138424309
Observed,0.5624540541762605
Observed,0.5887658923413907
Observed,0.6165385640914386
Observed,0.5482654377996455
Observed,0.5633712409919639
Observed,0.5036652079088194
Observed,0.5180715649345862
Observed,0.5366628723898126
Observed,0.5266227078099328
Observed,0.5078007308305291
Observed,0.49874483894138744
Observed,0.5147071497987652
Observed,0.5250375060040156
Observed,0.5009180062715853
Observed,0.5188264587534094
Observed,0.5291023367376011
Observed,0.517573766477613
Observed,0.507543489025953
Observed,0.5237017698329816
Observed,0.5976447078649425
Observed,0.5918398727735311
Observed,0.48521917771414896
Observed,0.516302918218499
Observed,0.5510341304305971
Observed,0.5510133388571199
Observed,0.5341225790878646
Observed,0.4886278051656412
Observed,0.49049486867814435
Observed,0.5453828200127837
Observed,0.5852397734926837
Observed,0.5481027027900156
Observed,0.5266185319186828
Observed,0.5617613982254439
Observed,0.5689285460927975
Observed,0.5728262298267535
Observed,0.544979514951063
Observed,0.5643570211090907
Observed,0.5476330140557386
Observed,0.5661856148664837
Observed,0.5401511123379749
Observed,0.6107922290807923
Observed,0.544035976010901
Observed,0.45438176166652045
Observed,0.5421128665167869
Observed,0.5617486915782328
Observed,0.5495685112601797
Observed,0.6324341815306594
Observed,0.5386450568821282
Observed,0.5660987229149153
Observed,0.5186076723934927
Observed,0.5907429349100835
Observed,0.5551045841640334
Observed,0.4879533041618921
Observed,0.4591585242101141
Observed,0.4954023584733918
Observed,0.5330344607130377
Observed,0.5549754312976054
Observed,0.5889055068663079
Observed,0.5412001598069592
Observed,0.5106790292298162
Observed,0.584795046169497
Observed,0.5363603527027687
Observed,0.5620575619431583
Observed,0.5793983429541619
Observed,0.49115337706661616
Observed,0.5809202424537732
Observed,0.5031964592414727
Observed,0.536941312526548
Observed,0.541777578286077
Observed,0.5195887893131087
Observed,0.5026835834736025
Observed,0.6163233413116187
Observed,0.5388194981905848
Observed,0.5797695704730285
Observed,0.5677501259829628
Observed,0.526633265330769
Observed,0.4983849125351101
Observed,0.5555799111023507
Observed,0.5099241485839461
Observed,0.5257701560226365
Observed,0.553387783743899
Observed,0.5113435127977669
Observed,0.6029454277172421
Observed,0.5068479406105577
Observed,0.58434047857954
Observed,0.594446347940835
Observed,0.5196616081546971
Observed,0.5206851723940848
Observed,0.48907897244618365
Observed,0.536714593796485
Observed,0.5692281336840906
Observed,0.583066908220462
Observed,0.5513186143868049
Observed,0.6196287902073032
Observed,0.5869513595680385
Observed,0.5447317087600108
Observed,0.5617452962235481
Observed,0.6006390382909386
Observed,0.5879010728073155
Observed,0.506923386675952
Observed,0.6141187244289277
Observed,0.5825483601076539
Observed,0.5557207460900919
Observed,0.55883241959262
Observed,0.5509361639664675
Observed,0.506803315950753
Observed,0.47733081198385374
Observed,0.5282705078450385
Observed,0.520030438720556
Observed,0.5287609494487536
Observed,0.512619656500501
Observed,0.5473629835208498
Observed,0.6060617999984701
Observed,0.5209350800715968
Observed,0.5652797323032395
Observed,0.5187208994435761
Observed,0.526640012443073
Observed,0.5972066785893131
Observed,0.5451867871253078
Observed,0.6029672587033281
Observed,0.5034487714682852
Observed,0.5758196390724284
Observed,0.5154262029049492
Observed,0.5680797143172203
Observed,0.5306205990557704
Observed,0.5173334104001682
Observed,0.5369825751958123
Observed,0.612235647775935
Observed,0.5264821294580394
Observed,0.5963625920128099
Observed,0.5342307133927947
Observed,0.5842281738086844
Observed,0.5238959951195445
Observed,0.6236958886543562
Observed,0.5053052724883003
Observed,0.5668921337581766
Observed,0.5863401299474461
Observed,0.519745375456107
Observed,0.6120286713899425
Observed,0.5341199271088929
Observed,0.5493686055042644
Observed,0.5521813388753694
Observed,0.529378025688902
Observed,0.4866506752725365
Observed,0.5470279876569676
Observed,0.5976393001892985
Observed,0.5864974715020705
Observed,0.5065326229412263
Observed,0.5587596665628121
Observed,0.5529259290713444
Observed,0.5731547718423756
Observed,0.5916203057818834
Observed,0.4916723226466916
Observed,0.5385690483608028
Observed,0.5707527276259721
Observed,0.5486387112147966
Observed,0.5694233605921535
Observed,0.5461954057749463
Observed,0.490676876797986
Observed,0.49092040267121695
Observed,0.5387020163283402
Observed,0.4963088418229593
Observed,0.5599359823257886
Observed,0.5848080382363896
Observed,0.547080034241328
Observed,0.5421296989597433
Observed,0.5461739943973264
Observed,0.5435800586019575
Observed,0.4790207056843848
Observed,0.5639180278775716
Observed,0.5957374430030358
Observed,0.44481236107317185
Observed,0.5004981651960309
Observed,0.5688737497102716
Observed,0.5457499335023352
Observed,0.5223006887986693
Observed,0.5565001728318272
Observed,0.5103303796163409
Observed,0.5174146315109667
Observed,0.5066401677478082
Observed,0.5492378975841514
Observed,0.5200967400186168
Observed,0.5405625221176832
Observed,0.5516961012966437
Observed,0.4939800682550082
Observed,0.5403325516415529
Observed,0.560171818064646
Observed,0.5859161103972031
Observed,0.569691196369054
Observed,0.5132304689008551
Observed,0.560150005476251
Observed,0.5847414110121487
Observed,0.5252821637756883
Observed,0.498737868813854
Observed,0.5119873466957761
Observed,0.5043005895587747
Observed,0.5636468690203477
Observed,0.5891854853552726
Observed,0.51492619642027
Shuffled,0.004946612800127315
Shuffled,0.005920571700203575
Shuffled,0.0019082631247995252
Shuffled,0.007177320533555576
Shuffled,0.002640608453087806
Shuffled,0.00025588985969166034
Shuffled,0.0013307462742912224
Shuffled,0.0010563671455427193
Shuffled,0.001338415101032192
Shuffled,0.0035049207951579064
Shuffled,0.0011372560754306094
Shuffled,0.001006244706571513
Shuffled,0.002921356569155986
Shuffled,0.002164860128739704
Shuffled,0.0013807649001514044
Shuffled,0.009482061357404703
Shuffled,0.004152456276664024
Shuffled,0.008326988265219964
Shuffled,0.0013911481656491143
Shuffled,0.009713382765192097
Shuffled,0.0009475464100333897
Shuffled,0.003515068759483264
Shuffled,0.002789252712945778
Shuffled,0.0035860386568606906
Shuffled,0.0017124164227514116
Shuffled,0.004117589168424807
Shuffled,0.01471535803394769
Shuffled,0.0011863344293736866
Shuffled,0.0026586738322261216
Shuffled,0.004191809696680315
Shuffled,0.006734608904443717
Shuffled,0.00541560458247875
Shuffled,0.009994055725869366
Shuffled,0.002915972552158197
Shuffled,0.009610260335834175
Shuffled,0.010002680237072709
Shuffled,0.005894098053459695
Shuffled,0.0009406051169491836
Shuffled,0.0013001068363854562
Shuffled,0.003955550338152258
Shuffled,0.0003881011592684336
Shuffled,0.006249755401404877
Shuffled,0.01150598229639313
Shuffled,0.0036630232650997907
Shuffled,0.0036164482024598765
Shuffled,0.0009183843622714016
Shuffled,0.0017449291661927324
Shuffled,0.006248582691604582
Shuffled,0.0008977132691186662
Shuffled,0.002391972772483597
Shuffled,0.005655890870007757
Shuffled,0.013224526946724546
Shuffled,0.013087377041046205
Shuffled,0.00023474063773601395
Shuffled,0.0018857670786409375
Shuffled,0.001437509729836195
Shuffled,0.0024833316559152163
Shuffled,0.006211363739480308
Shuffled,0.007339184484716738
Shuffled,0.00041221491770515595
Shuffled,0.002817031023191474
Shuffled,0.00549469533223082
Shuffled,0.000778063377329441
Shuffled,0.0019600747572994515
Shuffled,0.003455476231471716
Shuffled,0.001460875040387305
Shuffled,0.0062776179678875055
Shuffled,0.0030817660988270434
Shuffled,0.0028994405215420904
Shuffled,0.005665152084480984
Shuffled,0.006077866739766097
Shuffled,0.00044250389935834855
Shuffled,0.005569207968131734
Shuffled,0.004572306623087913
Shuffled,0.0031549922720880974
Shuffled,0.0020436003509529677
Shuffled,0.002364769736465794
Shuffled,0.0010360435316097427
Shuffled,0.002240685072161075
Shuffled,0.0003494620432330786
Shuffled,0.003036828751858428
Shuffled,0.0008406445860247302
Shuffled,0.001715795880536053
Shuffled,0.0012026821185015246
Shuffled,0.004188572572766502
Shuffled,0.010748942813017498
Shuffled,0.006014698427443538
Shuffled,0.007236772923956081
Shuffled,0.0038462574574153474
Shuffled,0.005008858687284373
Shuffled,0.006171835782241286
Shuffled,0.0048301140836263246
Shuffled,0.00472204410664151
Shuffled,0.0029138673128145665
Shuffled,0.0014752793994657343
Shuffled,0.004734555392335749
Shuffled,0.004432218142083444
Shuffled,0.005930103624854743
Shuffled,0.0017879639607283615
Shuffled,0.006646255658486366
Shuffled,0.0037468345700722716
Shuffled,0.004952963265546284
Shuffled,0.008626638335200998
Shuffled,0.00800011254292346
Shuffled,0.0018668401105798316
Shuffled,0.0023747801272148983
Shuffled,0.004780627552710082
Shuffled,0.004848707025697785
Shuffled,0.005370168327216013
Shuffled,0.00376220051743803
Shuffled,0.00753762754326584
Shuffled,0.0020342749070915156
Shuffled,0.0027956639379590476
Shuffled,0.004864927986617473
Shuffled,0.0007223456687146523
Shuffled,0.004928964846231426
Shuffled,0.0009148133902117939
Shuffled,0.008820713372702654
Shuffled,0.0035966581920668372
Shuffled,0.013251296641447946
Shuffled,0.009227725568388218
Shuffled,0.0038357609839045903
Shuffled,0.0012237387335794492
Shuffled,0.01083261358314147
Shuffled,0.00370673317115619
Shuffled,0.003104078258910209
Shuffled,0.0024856798585183026
Shuffled,0.0012568052181020917
Shuffled,0.00037966240257750195
Shuffled,0.001998400416920565
Shuffled,0.0027354097329598814
Shuffled,0.004157258577859646
Shuffled,0.0043112623299728925
Shuffled,0.003638775233534508
Shuffled,0.00721895477354112
Shuffled,0.0036202890629051243
Shuffled,0.004928212361832718
Shuffled,0.004832350430475946
Shuffled,0.0049671803777814605
Shuffled,0.0023107878930536396
Shuffled,0.0032432757696336245
Shuffled,0.0025789599708100075
Shuffled,0.004591666645149983
Shuffled,0.0031047726792101937
Shuffled,0.009082119724009463
Shuffled,0.00046241379261174886
Shuffled,0.002742599438703419
Shuffled,0.005805208188266214
Shuffled,0.0003574689163693967
Shuffled,0.0017810414880765624
Shuffled,0.014737642791656597
Shuffled,0.0007815693449764738
Shuffled,0.0017650902661984769
Shuffled,0.004874860355063904
Shuffled,0.0019770438366950582
Shuffled,0.005113662943734082
Shuffled,0.0038525445945196135
Shuffled,0.0027250518572607962
Shuffled,0.018992143857783722
Shuffled,0.013960001728364313
Shuffled,0.01596207777976963
Shuffled,0.00855415058568762
Shuffled,0.00464209548144312
Shuffled,0.0021317089863137906
Shuffled,0.0018515792670479592
Shuffled,0.006031719596811758
Shuffled,0.008528298473325452
Shuffled,0.003421640393969555
Shuffled,0.0033607377640907654
Shuffled,0.005687510814867375
Shuffled,0.002957103204743433
Shuffled,0.0016399743887264007
Shuffled,0.0016351880963214882
Shuffled,0.002857111717917915
Shuffled,0.0032781745975945242
Shuffled,0.0018906342117723518
Shuffled,0.003983636679759761
Shuffled,0.0032896888597332696
Shuffled,0.0008165906951166368
Shuffled,0.006289206534872943
Shuffled,0.0022281245539620964
Shuffled,0.00424770517179951
Shuffled,0.003135666284550004
Shuffled,0.0019288205206498266
Shuffled,0.004129809921401467
Shuffled,0.003415745457667374
Shuffled,0.0027354097329598814
Shuffled,0.0015606616577464316
Shuffled,0.0028868417393954904
Shuffled,0.003500704904801144
Shuffled,0.0024750754882732484
Shuffled,0.004207586972706123
Shuffled,0.0036060718967596828
Shuffled,0.0013194857129700255
Shuffled,0.0036845086470039257
Shuffled,0.012497777256101988
Shuffled,0.005529328147462542
Shuffled,0.004269309346207145
Shuffled,0.003347455035657476
Shuffled,0.003775314174750105
Shuffled,0.005708282489955613
Shuffled,0.006082708575740253
Shuffled,0.0035067300349536923
Shuffled,0.0024555297213912086
Shuffled,0.00041998668687873164
Shuffled,0.005111842757850704
Shuffled,0.004301593301287987
Shuffled,0.006907741405022011
Shuffled,0.006908354662384569
Shuffled,0.004663745552283077
Shuffled,0.008870855620031565
Shuffled,0.003594469535019379
Shuffled,0.0006322352455017111
Shuffled,0.00247751208833899
Shuffled,0.003920027746036336
Shuffled,0.0071234868288979625
Shuffled,0.0056968973566530745
Shuffled,0.004514819590498015
Shuffled,0.000981136621887313
Shuffled,0.002602746132672862
Shuffled,0.003373371177904927
Shuffled,0.005964091708819591
Shuffled,0.004175504285258258
Shuffled,0.0059232122106504526
Shuffled,0.0009908331319812835
Shuffled,0.005493869661926332
Shuffled,0.0025238090239697863
Shuffled,0.005746669524574977
Shuffled,0.010222401400963976
Shuffled,0.006205231702396119
Shuffled,0.008425163307747896
Shuffled,0.0048481902772852525
Shuffled,0.004472856868003111
Shuffled,0.011556590077493767
Shuffled,0.004480240530172652
Shuffled,0.007474013621710962
Shuffled,0.0010878677733658082
Shuffled,0.000669349146280418
Shuffled,0.004810055368392352
Shuffled,0.005611516011511469
Shuffled,0.0018589539908696329
Shuffled,0.0012927606568206573
Shuffled,0.0012455057528911184
Shuffled,0.0020841751524706964
Shuffled,0.002095885282117821
Shuffled,0.00410004320887683
Shuffled,0.0046594414564385955
Shuffled,0.009659253385134015
Shuffled,0.005165259290632773
Shuffled,0.0006658936382186453
Shuffled,0.0022712372466330844
Shuffled,0.005655870080564895
Shuffled,0.004636674655641965
Shuffled,0.0015133907196026586
Shuffled,0.011411522042351102
Shuffled,0.0013693776465966978
Shuffled,0.005647481310744856
Shuffled,0.0012384094328692363
Shuffled,0.00804379169209296
Shuffled,0.0008848686851293808
Shuffled,0.0036500794960131477
Shuffled,0.005998065587815793
Shuffled,0.0015560775703768737
Shuffled,0.007758442660761478
Shuffled,0.0012505296520144427
Shuffled,0.009716079415500511
Shuffled,0.0006293345565621111
Shuffled,0.0064414337348268624
Shuffled,0.000525300419045055
Shuffled,0.0009590281473494389
Shuffled,0.0035918380531487493
Shuffled,0.00424534728701445
Shuffled,0.006642625527640583
Shuffled,0.0007436986903203158
Shuffled,0.00709565299726031
Shuffled,0.0015918299889849385
Shuffled,0.0013250858368481222
Shuffled,0.0026755882264554443
Shuffled,0.004906441702739239
Shuffled,0.012021448704427895
Shuffled,0.010384479128047186
Shuffled,0.0011502346185241485
Shuffled,0.0040500934786919796
Shuffled,0.00740297658102454
Shuffled,0.005291035737258781
Shuffled,0.002150144221333
Shuffled,0.0017282926322355896
Shuffled,0.008557441886445388
Shuffled,0.010436729429601749
Shuffled,0.007375267925994772
Shuffled,0.004674578866836421
Shuffled,0.00873106205669355
Shuffled,0.0040281020952414315
Shuffled,0.0023416978464246563
Shuffled,0.005073959375179737
Shuffled,0.0019747269920168398
Shuffled,0.0029071018791643755
Shuffled,0.001637594877276105
Shuffled,0.005661174763918919
Shuffled,0.005718468822409478
Shuffled,0.012364797250876192
Shuffled,0.00511288616796679
Shuffled,0.0022647981248897775
Shuffled,0.006781370184468616
Shuffled,0.0025691334035212454
Shuffled,0.00591410690707217
Shuffled,0.0019703053401347315
Shuffled,0.0062572166889798
Shuffled,0.004487743103448266
Shuffled,0.002783179922669965
Shuffled,0.0037507446678458345
Shuffled,0.005066472597947014
Shuffled,0.007255455444915626
Shuffled,0.002150541418060231
Shuffled,0.013992641236752812
Shuffled,0.0017641943606737376
Shuffled,0.009618421063716576
Shuffled,0.002244262222157678
Shuffled,0.0007044606614355353
Shuffled,0.004365071316050656
Shuffled,0.0013126061463564764
Shuffled,0.0027625343159061455
Shuffled,0.006554516795553911
Shuffled,0.0074932281549602575
Shuffled,0.0009377871104119528
Shuffled,0.004632263849245588
Shuffled,0.0037489396992193003
Shuffled,7.490363035583814e-05
Shuffled,0.0063828252043985345
Shuffled,0.0004782719953678738
Shuffled,0.007302512084298218
Shuffled,0.0050308601806829945
Shuffled,0.00994571404367739
Shuffled,0.002734407976265063
Shuffled,0.0036658558499852167
Shuffled,0.0007852810391440201
Shuffled,0.005099382080327258
Shuffled,0.0035413982179962056
Shuffled,0.009632862979959272
Shuffled,0.0041067117845141055
Shuffled,0.0004967692683152114
Shuffled,0.010596018558815173
Shuffled,0.0022701996069559027
Shuffled,0.006181358084788924
Shuffled,0.007693508273633604
Shuffled,0.003771541389397337
Shuffled,0.003947305011525126
Shuffled,0.0007369022921539514
Shuffled,0.0015621077357683144
Shuffled,0.0018133406151731035
Shuffled,0.0023389412116237296
Shuffled,0.002094680552796435
Shuffled,0.00163733850339845
Shuffled,0.0025352696178907452
Shuffled,0.00956857853556875
Shuffled,0.003688969835823036
Shuffled,0.005890184794695663
Shuffled,0.003276496972309112
Shuffled,0.0036683332089418874
Shuffled,0.007612951305662835
Shuffled,0.0022711226962913444
Shuffled,0.002314169227901147
Shuffled,1.2535644234645815e-05
Shuffled,0.004096317930714605
Shuffled,0.0030884812032212494
Shuffled,0.0009046495899489859
Shuffled,0.0036506965043338613
Shuffled,0.0027513900700147365
Shuffled,0.004975224837870329
Shuffled,0.0017082564840662506
Shuffled,0.0013386942949764058
Shuffled,0.0034924911369826617
Shuffled,0.0011159339385797828
Shuffled,0.005790766987993301
Shuffled,0.00031214371010440667
Shuffled,0.005143483100972901
Shuffled,0.0013943624532132548
Shuffled,0.002550898763333087
Shuffled,0.0038033738511043247
Shuffled,0.0028477162048071436
Shuffled,0.004732458594831013
Shuffled,0.0054583348881882265
Shuffled,0.0027892527129458056
Shuffled,0.0024159446900203496
Shuffled,0.005819423626769266
Shuffled,0.0028957421977076903
Shuffled,0.008584616304363857
Shuffled,0.0017336827070947858
Shuffled,0.0026647481505661375
Shuffled,0.010487728267952773
Shuffled,0.014122267579299408
Shuffled,0.003791960057174776
Shuffled,0.004138479009859641
Shuffled,0.0005072356093374919
Shuffled,0.0012642657491613585
Shuffled,0.0036537848870356326
Shuffled,0.005608469749420697
Shuffled,0.003916629052087867
Shuffled,0.001965893316214079
Shuffled,0.0019770438366950582
Shuffled,0.0052733203952317065
Shuffled,0.009093651738620423
Shuffled,0.0010201774051254164
Shuffled,0.0024086377054363672
Shuffled,0.008996253047348524
Shuffled,0.004391034927108156
Shuffled,0.003034310462646378
Shuffled,0.0013001068363854285
Shuffled,0.004466309856860473
Shuffled,0.0016313744272891395
Shuffled,0.0018758106905879535
Shuffled,0.0036429605014388633
Shuffled,0.001196146209160226
Shuffled,0.0012151904838041128
Shuffled,0.008521091916177531
Shuffled,0.003406763327253204
Shuffled,0.006414436608675966
Shuffled,0.0012258687382996625
Shuffled,0.001526941804102122
Shuffled,0.0023921012225135707
Shuffled,0.0055985182493144825
Shuffled,0.0005810741524433782
Shuffled,0.004000678846331707
Shuffled,0.010113797453817103
Shuffled,0.0025505559367930697
Shuffled,0.0038552896895527045
Shuffled,0.0031415308918428253
Shuffled,0.0025893316482479833
Shuffled,0.001841288119793838
Shuffled,0.0006160472659540173
Shuffled,0.003952462615994551
Shuffled,0.006811699353291095
Shuffled,0.0031854573679980236
Shuffled,0.008091836883105247
Shuffled,0.008151500997684302
Shuffled,0.009827279095909275
Shuffled,0.0007818813130031077
Shuffled,0.003086669384201657
Shuffled,0.005111260932334161
Shuffled,0.0004519469515230634
Shuffled,0.0016039754333923018
Shuffled,0.0015102753830900373
Shuffled,0.002188176142745052
Shuffled,0.009055588188255026
Shuffled,0.001942920672559273
Shuffled,0.002825879741986864
Shuffled,0.003569220483143759
Shuffled,0.003827032005127684
Shuffled,0.003243112416176447
Shuffled,0.003910239886191019
Shuffled,0.0021049013523770643
Shuffled,0.0010835450554213533
Shuffled,0.006709831212896644
Shuffled,0.003915880077493827
Shuffled,0.0022827055266667895
Shuffled,0.0018353743292683633
Shuffled,0.002533470709640079
Shuffled,0.012275550608689345
Shuffled,0.001592611245421205
Shuffled,0.00341552802008252
Shuffled,0.005081540157146958
Shuffled,0.0031683208785867334
Shuffled,0.004079603813792271
Shuffled,0.001493887899379459
Shuffled,0.004674578866836421
Shuffled,0.000657320627437008
Shuffled,0.001654725599711443
Shuffled,0.014156840756840927
Shuffled,0.003538200065274638
Shuffled,0.002942626400084858
Shuffled,0.008000422984502431
Shuffled,0.002114874903961561
Shuffled,0.00311826862100803
Shuffled,0.008371122552438881
Shuffled,0.0015628457768522008
Shuffled,0.0011204870089233376
Shuffled,0.0024607988590968077
Shuffled,0.00154442926241527
Shuffled,0.005535312971593764
Shuffled,0.004457794626136075
Shuffled,0.005803673643471313
Shuffled,0.003758863492999115
Shuffled,0.0033406305908997014
Shuffled,0.002408524539585205
Shuffled,0.003963968361338804
Shuffled,0.005297816699607383
Shuffled,0.003049158609239877
Shuffled,0.001548229665949058
Shuffled,0.008298726069615403
Shuffled,0.0026507157359230704
Shuffled,0.003713835387799014
Shuffled,0.004448758806996245
Shuffled,0.0006773775738027898
Shuffled,0.000624480103198044
Shuffled,0.001811294812690184
Shuffled,0.00467989095107163
Shuffled,0.021677771950226743
Shuffled,0.005138705017196155
Shuffled,0.0033599499559398005
Shuffled,0.008834466640309374
Shuffled,0.004332927408941228
Shuffled,0.0021233012850716826
Shuffled,0.00283977250250661
Shuffled,0.0012098675696310124
Shuffled,0.004042800414610692
Shuffled,0.0005282890676220342
Shuffled,0.005559684164381379
Shuffled,0.0016813867604338062
Shuffled,0.002035513770688835
Shuffled,0.0038065241125238847
Shuffled,0.008213499896015608
Shuffled,0.011364912372215874
Shuffled,0.00029793327208099685
Shuffled,0.002948817555671418
Shuffled,0.006571924075308905
Shuffled,0.0037987306125747133
Shuffled,0.0015513935279677926
Shuffled,0.018262142222450928
Shuffled,0.00016299118185009176
Shuffled,0.006276692137433093
Shuffled,0.00481912635099957
Shuffled,0.005982422219198563
Shuffled,0.0012718920483330842
Shuffled,0.005091571110196813
Shuffled,0.002364830001909096
Shuffled,0.000519507578681716
Shuffled,0.002226790234646281
Shuffled,0.010824064731532274
Shuffled,0.005272543845307287
Shuffled,0.0016914791629323023
Shuffled,0.0009840672368168768
Shuffled,0.002297958065151512
Shuffled,0.009117343256068944
Shuffled,0.0029613371417829826
Shuffled,0.004377763747696745
Shuffled,0.0010268018896404385
Shuffled,0.0015881038947533066
Shuffled,0.006875256598473323
Shuffled,0.008624133185475447
Shuffled,0.0014458276906821055
Shuffled,0.000576218055190092
Shuffled,0.0009518294366378244
Shuffled,0.006125003073328389
Shuffled,0.003592655293919972
Shuffled,0.005662964977144497
Shuffled,0.004610023792921025
Shuffled,0.00427746233091264
Shuffled,0.004784173683681198
Shuffled,0.005208720778281606
Shuffled,0.003817692121838717
Shuffled,0.008921821630517801
Shuffled,0.00818733481530834
Shuffled,0.002694606084144513
Shuffled,0.006165090980172927
Shuffled,0.004730043703354975
Shuffled,0.005557178818097697
Shuffled,0.002524417628990222
Shuffled,0.004428883209855405
Shuffled,0.002252072308346398
Shuffled,0.004836803945019175
Shuffled,0.007522939089294162
Shuffled,0.0051591443183974794
Shuffled,0.0005576666605353608
Shuffled,0.002054860506136319
Shuffled,0.0005282890676220342
Shuffled,0.001486757928863519
Shuffled,0.0016083219684059624
Shuffled,0.00498539141383586
Shuffled,0.003219474492922203
Shuffled,0.00285420343057749
Shuffled,0.0012180519469831563
Shuffled,0.0007286361560140675
Shuffled,0.0022949494342499877
Shuffled,0.008495760812710307
Shuffled,0.0033164593633883688
Shuffled,0.007332613586168407
Shuffled,0.0046470813398196975
Shuffled,0.007006537785396172
Shuffled,0.011875763804648887
Shuffled,0.0021744001340382735
Shuffled,0.004780288792537196
Shuffled,0.006899833063027494
Shuffled,0.00359811989169051
Shuffled,0.004393268160969299
Shuffled,0.0012899438007047126
Shuffled,0.008659548556363361
Shuffled,0.0006107601124791251
Shuffled,0.0025542134988149057
Shuffled,0.008621904543953396
Shuffled,0.0056845744659643205
Shuffled,0.000576218055190092
Shuffled,0.0023294288109915184
Shuffled,0.004320523078748861
Shuffled,0.001961103087921384
Shuffled,0.0028023814317623963
Shuffled,0.00802542452586072
Shuffled,0.005224307003106443
Shuffled,0.0034333160901808824
Shuffled,0.007147194835221804
Shuffled,0.00278018555811102
Shuffled,0.0029967923074088187
Shuffled,0.0018750639469548025
Shuffled,0.005693991329505238
Shuffled,0.004125255751823376
Shuffled,0.00427507402300939
Shuffled,0.008341922163541404
Shuffled,0.004016356422667261
Shuffled,0.003524180399868043
Shuffled,0.00046822740507698746
Shuffled,0.002260003066713284
Shuffled,0.005085264777137333
Shuffled,0.0016667115870138138
Shuffled,0.002165342051614144
Shuffled,0.0024759127713889217
Shuffled,0.0017369330664427085
Shuffled,0.000610629507687116
Shuffled,0.0019290074623460607
Shuffled,0.0039822867958270725
Shuffled,0.003777284430724087
Shuffled,0.004342249365989509
Shuffled,0.002254036645973345
Shuffled,0.002956793692840659
Shuffled,0.002896709494278088
Shuffled,0.0010553560922063887
Shuffled,0.0013126061463564764
Shuffled,0.0019896559820896387
Shuffled,0.0031758044756309833
Shuffled,0.003341605098911543
Shuffled,0.003381831784783601
Shuffled,0.0008007829572176384
Shuffled,0.004858280271969162
Shuffled,0.0025912330761668767
Shuffled,0.00027652075473511006
Shuffled,0.0053139902685304385
Shuffled,0.005022823189591047
Shuffled,0.0020573575482623063
Shuffled,0.0009166666730336115
Shuffled,0.007616679477264049
Shuffled,0.008225123109462468
Shuffled,0.003794997453383242
Shuffled,0.003717014350261616
Shuffled,0.008339290878182415
Shuffled,0.006930719583409517
Shuffled,0.004615644804463803
Shuffled,0.001378291726291836
Shuffled,0.002211542595788707
Shuffled,0.009444587352965939
Shuffled,0.0031037314408731698
Shuffled,0.0012387161619272502
Shuffled,0.004644731388025458
Shuffled,0.0046608461432549875
Shuffled,0.0019791542726160516
Shuffled,0.00629412983715491
Shuffled,0.011835259860477176
Shuffled,0.003034310462646378
Shuffled,0.007904797846525452
Shuffled,0.011754008002728106
Shuffled,0.009381276307486697
Shuffled,0.002915763670811866
Shuffled,0.002762880218450753
Shuffled,0.0033357001596613645
Shuffled,0.001618301667035471
Shuffled,0.002953211434562536
Shuffled,0.008553154805923946
Shuffled,0.004149702536910355
Shuffled,0.001976291549571657
Shuffled,0.0035163884379636745
Shuffled,0.005571364434272086
Shuffled,0.003474188234860315
Shuffled,0.0026744191833147635
Shuffled,0.002588891660580711
Shuffled,0.005290060447313866
Shuffled,0.0026238773804358184
Shuffled,0.0028013986361985765
Shuffled,0.000797143611204143
Shuffled,0.002440840421714774
Shuffled,0.0013688233919496584
Shuffled,0.008577595319299053
Shuffled,0.0018401974609636718
Shuffled,0.003015425437371183
Shuffled,0.004673850016905817
Shuffled,0.002299283350648801
Shuffled,0.0016859435014022484
Shuffled,0.0009322808922623826
Shuffled,0.0027499304333241104
Shuffled,0.007802961409892423
Shuffled,0.002439828879661432
Shuffled,0.006617412972436482
Shuffled,0.0009311014491343861
Shuffled,0.0036522089005264213
Shuffled,0.004128508127112296
Shuffled,0.004978952825162364
Shuffled,0.0029474048138667386
Shuffled,0.011202889127693821
Shuffled,0.0018227848241406386
Shuffled,0.005513504385970369
Shuffled,0.0020034294070498115
Shuffled,0.008371938077636643
Shuffled,0.010813827331433962
Shuffled,0.0015324399161814883
Shuffled,0.0026296408239104563
Shuffled,0.004024986826047322
Shuffled,0.006540007315971569
Shuffled,0.00500296776525519
Shuffled,0.0007179194363985675
Shuffled,0.0020475717327412546
Shuffled,0.007455342088875078
Shuffled,0.0023693800658468323
Shuffled,0.008615951256293636
Shuffled,0.004088489825607
Shuffled,0.0034283478192947414
Shuffled,0.009210110529736859
Shuffled,0.0010396153695413912
Shuffled,0.004956377085635566
Shuffled,0.003165888564538255
Shuffled,0.00513833288092902
Shuffled,0.0004715981958619553
Shuffled,0.0042326776510462905
Shuffled,0.009737776725691594
Shuffled,0.002586306944151462
Shuffled,0.002305476929565009
Shuffled,0.0017693833839220463
Shuffled,0.0015300688736842871
Shuffled,0.009256963134332719
Shuffled,0.011703188050802976
Shuffled,0.004683636061664831
Shuffled,0.0028906455052878366
Shuffled,0.0048166555236435205
Shuffled,0.0006505606955199417
Shuffled,0.0025358450525783394
Shuffled,0.005830965065980492
Shuffled,0.001929950801431185
Shuffled,0.006862502186972569
Shuffled,0.0034257375787334343
Shuffled,0.008033582777198983
Shuffled,0.010723620100087372
Shuffled,0.011364013097512282
Shuffled,0.0023303529034545967
Shuffled,0.008061251311474366
Shuffled,0.0014752793994657343
Shuffled,0.00807945624799511
Shuffled,0.0024086377054363672
Shuffled,0.002763034824109084
Shuffled,0.0070274709238546396
Shuffled,0.004352564136447579
Shuffled,0.0030515424169617056
Shuffled,0.0027669281939780577
Shuffled,0.0018566480633136206
Shuffled,0.013454604588511138
Shuffled,0.0032082899911681506
Shuffled,0.005995518849989417
Shuffled,0.0027475728986069703
Shuffled,0.006539243299186509
Shuffled,0.008208256157522464
Shuffled,0.0013362897993069722
Shuffled,0.0019214820054845316
Shuffled,0.0049761531646363155
Shuffled,0.0008134267913879611
Shuffled,0.008157969270210702
Shuffled,0.0038361837524530373
Shuffled,0.0007334277478660556
Shuffled,0.0015929954676295877
Shuffled,0.007415331334712755
Shuffled,0.004268869755593568
Shuffled,0.00017903765340765432
Shuffled,0.0010563671455427193
Shuffled,0.011175109472471828
Shuffled,0.0021487293916300776
Shuffled,0.0038901494039698115
Shuffled,0.0027619196949750235
Shuffled,0.008947933661073854
Shuffled,0.002211917593332141
Shuffled,0.0020143532342200288
Shuffled,0.0006667477909855779
Shuffled,0.004455872130216504
Shuffled,0.009118303215795848
Shuffled,0.00370307875295256
Shuffled,0.005255377089844443
Shuffled,0.002766276961166797
Shuffled,0.006187261438801689
Shuffled,0.005789766790179146
Shuffled,0.008519059891770181
Shuffled,0.006563083307909445
Shuffled,0.0036505053898197304
Shuffled,0.0048042995595560245
Shuffled,0.007082745399250273
Shuffled,0.0012509535181397802
Shuffled,0.0042848762066057255
Shuffled,0.005023436583843299
Shuffled,0.003561487212085601
Shuffled,0.007326268093741123
Shuffled,0.005720288469364121
Shuffled,0.005301298683998451
Shuffled,0.0025034105709227095
Shuffled,0.007274530521575062
Shuffled,0.003753008095722987
Shuffled,0.0019550449809323245
Shuffled,0.006933345338315577
Shuffled,0.005037534541559058
Shuffled,0.018428904556350545
Shuffled,0.007810485254655691
Shuffled,0.0024502191947934626
Shuffled,0.002790090900702147
Shuffled,0.003692297951681328
Shuffled,0.006209127494086197
Shuffled,0.0031432375300900206
Shuffled,0.0037730175405185917
Shuffled,0.002766276961166797
Shuffled,0.0005343786361100278
Shuffled,0.002095885282117821
Shuffled,0.005501088816494887
Shuffled,0.001974374341661256
Shuffled,0.002068900851603328
Shuffled,0.003823652095965524
Shuffled,0.006863310511513343
Shuffled,0.010474327687631124
Shuffled,0.011565839945242268
Shuffled,0.0007048979208607031
Shuffled,0.0015111791832641275
Shuffled,0.0027956597638179592
Shuffled,0.00546030465196512
Shuffled,0.002300030160419936
Shuffled,0.0035381017515453694
Shuffled,0.00487970004997848
Shuffled,0.005182547981813279
Shuffled,0.007164158047503449
Shuffled,0.006273169628139064
Shuffled,0.0018349449507224502
Shuffled,0.004211714583915033
Shuffled,0.0006921040355405417
Shuffled,0.0018776324655984666
Shuffled,0.004153749586705335
Shuffled,0.002592156637159282
Shuffled,0.0013628722945387417
Shuffled,0.01162702192225934
Shuffled,0.004118103435183984
Shuffled,0.004255603060558916
Shuffled,0.00034099781688562425
Shuffled,0.0028228464930659947
Shuffled,0.0029635323950834014
Shuffled,0.006650011765238634
Shuffled,0.0009148133902117939
Shuffled,0.001591854840196888
Shuffled,0.004115778674494086
Shuffled,0.0046696999652327265
Shuffled,0.000264222751318155
Shuffled,0.004495735172488052
Shuffled,0.0028872368096216905
Shuffled,0.000861872834420796
Shuffled,0.0027230600473983346
Shuffled,0.0018505447880131365
Shuffled,0.001913870828523706
Shuffled,0.004668127615669843
Shuffled,0.008458363812724135
Shuffled,0.0018896462245397427
Shuffled,0.0030984851054771945
Shuffled,0.0037156623631896535
Shuffled,0.004490979501674153
Shuffled,0.004064723321958313
Shuffled,0.0032777386446402046
Shuffled,0.004251193256470026
Shuffled,0.0019134727184873523
Shuffled,0.005461276318541819
Shuffled,0.0023778816329487473
Shuffled,0.0017642528758283482
Shuffled,0.0019959829388030426
Shuffled,0.006709325888317463
Shuffled,0.002729910377202549
Shuffled,0.0014786213668246118
Shuffled,0.000595503583960294
Shuffled,0.0025488453856946647
Shuffled,0.001276671167107668
Shuffled,0.004913718613042267
Shuffled,0.0023713419671811675
Shuffled,0.010568940967254553
Shuffled,0.005492139336156554
Shuffled,0.004145624693882022
Shuffled,0.0065225515268815815
Shuffled,0.005038247368010312
Shuffled,0.0060660933196496625
Shuffled,0.001132020216867563
Shuffled,0.005288377853185949
Shuffled,0.0025511293000561874
Shuffled,0.006486630181598341
Shuffled,0.02777622505230215
Shuffled,0.004188837830006009
Shuffled,0.006128639403036151
Shuffled,0.00347627856042218
Shuffled,0.00767158699592671
Shuffled,0.004774487493802548
Shuffled,0.002729822557737821
Shuffled,0.010206471164877218
Shuffled,0.0031206638350036453
Shuffled,0.006172312011740899
Shuffled,0.00254413036966325
Shuffled,0.0023704920315754385
Shuffled,0.008120589000656764
Shuffled,0.0020586382760628685
Shuffled,0.0035446706249505633
Shuffled,0.006946029461871062
Shuffled,0.004462641541897877
Shuffled,0.01059930042525109
Shuffled,0.004329547035843373
Shuffled,0.003389094045053692
Shuffled,0.0037506317252189725
Shuffled,0.0008433248283649109
Shuffled,0.005585734223479466
Shuffled,0.0005453106413836062
Shuffled,0.00666403208868252
Shuffled,0.0040512833810852356
Shuffled,0.004745641300646031
Shuffled,0.009650676760929233
Shuffled,0.0021977281204096366
Shuffled,0.006693644261111437
Shuffled,0.0023643358622885136
Shuffled,0.00283017388686288
Shuffled,0.004253376736269604
Shuffled,0.008015603914460795
Shuffled,0.004313116488956659
Shuffled,0.004494475313467777
Shuffled,0.0005572446732895753
Shuffled,0.0015098488148681255
Shuffled,0.008898640670371105
Shuffled,0.0032158959079301996
Shuffled,0.004560604867699658
Shuffled,0.0013395314089410248
Shuffled,0.008677368490741688
Shuffled,0.0008031098686268334
Shuffled,0.005620797988109577
Shuffled,0.007251129880218976
Shuffled,0.00788033374138225
Shuffled,0.0014036818243164106
Shuffled,0.00787729668733686
Shuffled,0.0013047525958389816
Shuffled,0.0038727703568987304
Shuffled,0.0025181719369137823
Shuffled,0.007615080460591533
Shuffled,0.005551608583276274
Shuffled,0.0033027614347119205
Shuffled,0.002825999832999082
Shuffled,0.004212847895300104
Shuffled,0.002695202053261875
Shuffled,0.00297366168398569
Shuffled,0.0009671055247066906
Shuffled,0.004917345161362191
Shuffled,0.00466116210849446
Shuffled,0.003100897577978462
Shuffled,0.0007822538993628447
Shuffled,0.0005114825958114633
Shuffled,0.002703130835847084
Shuffled,0.005831388256415576
Shuffled,0.004916858028086862
Shuffled,0.0037633369021754237
Shuffled,0.0012887135469769884
Shuffled,0.0026777323234941364
Shuffled,0.0027445392109269884
Shuffled,0.0012495116053811706
Shuffled,0.0053159455959777835
Shuffled,0.011810394341540936
Shuffled,0.0013699333865054009
Shuffled,0.00884008321145996
Shuffled,0.007013966321692183
Shuffled,0.0034907010639433633
Shuffled,0.010991941506022895
Shuffled,0.0065237395634961115
Shuffled,0.002674763816108122
Shuffled,0.01006679479070069
Shuffled,0.0017644634676853566
Shuffled,0.002545813143726733
Shuffled,0.00187742280515113
Shuffled,0.002265918509165299
Shuffled,0.0068730490722937465
Shuffled,0.0002534627983083737
Shuffled,0.005804460734239597
Shuffled,0.0046927069126631304
Shuffled,0.0024722906081471596
Shuffled,0.006399011349744216
Shuffled,0.004655276628794003
Shuffled,0.010650073930978027
Shuffled,0.003101687873109632
Shuffled,0.00800258504753476
Shuffled,0.006860221661156213
Shuffled,0.003237556703840544
Shuffled,0.0026129042189414198
Shuffled,0.00046862399904668006
Shuffled,0.01048328677991725
Shuffled,0.008613487180117313
Shuffled,0.004727232367062267
Shuffled,0.002915822453230771
Shuffled,0.009228575784504783
Shuffled,0.0021103450813947378
Shuffled,0.0007659659578087008
Shuffled,0.007268430570391143
Shuffled,0.0031279865624506686
Shuffled,0.007910263249281568
Shuffled,0.003680174775945594
Shuffled,0.005774246650655845
Shuffled,0.0024845090761753674
Shuffled,0.0029396594621202143
Shuffled,0.002181735780694999
