neuron_id,session_name,group_name,experiment_name,group,neuron_type,width_basepost,mean_firing_rate,cv_isi_burst
1069,hamilton_01,chronic_saline,HAMILTON,SAL,SIR,31.043712171287893,1.762948517176924,0.9354405859667604
1070,hamilton_01,chronic_saline,HAMILTON,SAL,SIR,32.71172718074294,5.95043769121596,0.8295703560641289
1071,hamilton_01,chronic_saline,HAMILTON,SAL,FF,47.19102518708712,9.444791697576658,0.6503707485630601
1072,hamilton_01,chronic_saline,HAMILTON,SAL,FF,61.01998929603658,9.497278748985693,0.7665325175493309
1074,hamilton_01,chronic_saline,HAMILTON,SAL,SIR,48.56139048425379,3.230634058500055,0.744523670104607
1075,hamilton_01,chronic_saline,HAMILTON,SAL,SR,45.53801670136889,4.831330682934524,0.6653431521743454
1076,hamilton_01,chronic_saline,HAMILTON,SAL,SIR,55.84665374280624,2.0931717249711914,0.820416237882713
1077,hamilton_01,chronic_saline,HAMILTON,SAL,SR,,,
1078,hamilton_01,chronic_saline,HAMILTON,SAL,SR,77.13020646373786,2.736619964055828,0.8040454211736818
1079,hamilton_01,chronic_saline,HAMILTON,SAL,SIR,48.97367434923086,3.824250702115576,0.715278923297411
1080,hamilton_01,chronic_saline,HAMILTON,SAL,SR,,,
1081,hamilton_01,chronic_saline,HAMILTON,SAL,SR,43.5897424583585,6.055029733916969,0.5124268275629028
1082,hamilton_01,chronic_saline,HAMILTON,SAL,SIR,45.589342294985386,3.460131082673331,0.8528711736647018
1084,hamilton_01,chronic_saline,HAMILTON,SAL,SIR,38.14567928405828,1.8214534718277733,0.8364701003986172
1085,hamilton_01,chronic_saline,HAMILTON,SAL,SR,65.75660282245286,1.396951583958944,0.5657885526696022
1086,hamilton_01,chronic_saline,HAMILTON,SAL,SIR,,1.5070894002069783,1.000887620420174
1087,hamilton_01,chronic_saline,HAMILTON,SAL,SIR,57.93710996534352,0.9527011111320612,1.0506205936317914
1088,hamilton_02,citalopram_continuation,HAMILTON,CIT,SIR,57.1032912552601,0.9403138765610186,0.9372310105409702
1089,hamilton_02,citalopram_continuation,HAMILTON,CIT,SR,,,0.3935459091072775
1093,hamilton_02,citalopram_continuation,HAMILTON,CIT,SIR,30.46123648441372,2.2416128020246147,0.779020150824688
1094,hamilton_02,citalopram_continuation,HAMILTON,CIT,SIR,52.77523402856056,0.968057557936516,0.8746362898388502
1095,hamilton_02,citalopram_continuation,HAMILTON,CIT,SR,69.16536473215936,1.7599548644940937,0.8155416343312218
1096,hamilton_02,citalopram_continuation,HAMILTON,CIT,SIR,72.34420490893757,,1.3844276035700966
1098,hamilton_02,citalopram_continuation,HAMILTON,CIT,SIR,33.29364232704984,0.9288512818792743,0.8660313920210936
1099,hamilton_02,citalopram_continuation,HAMILTON,CIT,SIR,,1.0700146235331909,1.002437433785203
1100,hamilton_02,citalopram_continuation,HAMILTON,CIT,SR,49.65141494446863,1.9721776648327416,0.5389844042423905
1102,hamilton_02,citalopram_continuation,HAMILTON,CIT,SIR,77.008631761945,1.0604405503344354,0.9577985853380804
1103,hamilton_02,citalopram_continuation,HAMILTON,CIT,SR,,,
1104,hamilton_02,citalopram_continuation,HAMILTON,CIT,SR,75.02668039854154,,
1105,hamilton_02,citalopram_continuation,HAMILTON,CIT,SIR,30.14432527733329,1.0843138341578076,0.9568026782270932
1106,hamilton_02,citalopram_continuation,HAMILTON,CIT,SR,74.03603413537266,0.9171511056860628,0.3918257257979971
1107,hamilton_02,citalopram_continuation,HAMILTON,CIT,SR,61.532198841574456,1.848889889225928,0.423017663587326
1108,hamilton_02,citalopram_continuation,HAMILTON,CIT,SR,,,
1109,hamilton_02,citalopram_continuation,HAMILTON,CIT,SR,,,
1110,hamilton_02,citalopram_continuation,HAMILTON,CIT,SIR,,0.6848462208940302,0.9338144009802378
1111,hamilton_02,citalopram_continuation,HAMILTON,CIT,SR,53.26667507046449,1.557159605474432,0.4718301139174745
1114,hamilton_12,citalopram_discontinuation,HAMILTON,DIS,FF,70.71648568054621,12.608173992061706,0.5843545447850504
1116,hamilton_12,citalopram_discontinuation,HAMILTON,DIS,SR,86.54650868647255,7.777172280364164,0.791083946734529
1118,hamilton_12,citalopram_discontinuation,HAMILTON,DIS,SR,94.73692797120812,,0.9835210267455988
1119,hamilton_12,citalopram_discontinuation,HAMILTON,DIS,SIR,71.93243093319091,0.7655154095692207,0.8910314933995589
1121,hamilton_12,citalopram_discontinuation,HAMILTON,DIS,SR,70.29599762578948,3.179586384512855,0.8449304671262783
1123,hamilton_12,citalopram_discontinuation,HAMILTON,DIS,FF,22.6145285986384,7.287191865198807,0.6872998912098607
1124,hamilton_12,citalopram_discontinuation,HAMILTON,DIS,SIR,49.233773954673154,2.863639779736637,0.8142345716633288
1127,hamilton_12,citalopram_discontinuation,HAMILTON,DIS,SR,61.981490402876005,3.4603471097702587,0.3563713567521691
1128,hamilton_12,citalopram_discontinuation,HAMILTON,DIS,SIR,,,0.9190489639843468
1129,hamilton_12,citalopram_discontinuation,HAMILTON,DIS,SR,58.7466992616709,3.780848357798536,0.3487626041568439
1131,hamilton_12,citalopram_discontinuation,HAMILTON,DIS,SIR,21.801262648147656,1.1706429208235951,0.9845319574642688
1133,hamilton_12,citalopram_discontinuation,HAMILTON,DIS,SIR,24.47815008631881,,1.19319593723987
1134,hamilton_12,citalopram_discontinuation,HAMILTON,DIS,SIR,40.2657207501741,,0.9249498737790036
1136,hamilton_12,citalopram_discontinuation,HAMILTON,DIS,SR,83.08290189967425,1.0458404227444449,0.904304080647276
1137,hamilton_12,citalopram_discontinuation,HAMILTON,DIS,SIR,29.191854670553735,0.6782395756362073,1.0246649762272146
1138,hamilton_12,citalopram_discontinuation,HAMILTON,DIS,SIR,47.10041887612866,1.6995663139964237,0.9343065784664544
1139,hamilton_12,citalopram_discontinuation,HAMILTON,DIS,SIR,42.609527718839246,1.4521679114118555,0.9169156065020856
1140,hamilton_12,citalopram_discontinuation,HAMILTON,DIS,SIR,51.44499823700147,0.5300860653625594,1.03633601929225
1141,hamilton_12,citalopram_discontinuation,HAMILTON,DIS,SIR,,0.7752425219786707,0.9544089508674842
1142,hamilton_12,citalopram_discontinuation,HAMILTON,DIS,SR,,1.2738484852618297,0.5831017549192556
1143,hamilton_13,chronic_saline,HAMILTON,SAL,SR,57.86398959278685,3.8688846767143934,0.5023788542120055
1144,hamilton_13,chronic_saline,HAMILTON,SAL,FF,30.454058813828997,23.076401122805343,0.3390732015421717
1145,hamilton_13,chronic_saline,HAMILTON,SAL,SIR,21.172512152049396,6.081507456995828,0.7960575082949276
1146,hamilton_13,chronic_saline,HAMILTON,SAL,FF,37.39858377079605,19.627924795257677,0.4631122292641947
1147,hamilton_13,chronic_saline,HAMILTON,SAL,SIR,47.18343003062694,,
1148,hamilton_13,chronic_saline,HAMILTON,SAL,SR,69.2764838571054,3.8836732053865446,0.5258957444942846
1149,hamilton_13,chronic_saline,HAMILTON,SAL,FF,35.2959159971862,19.77863233230748,0.4556841984505746
1150,hamilton_13,chronic_saline,HAMILTON,SAL,FF,36.54624937383184,8.026996458636985,0.6187529693142797
1151,hamilton_13,chronic_saline,HAMILTON,SAL,SR,67.28575960768626,3.4812666955417084,0.2799548054027821
1152,hamilton_13,chronic_saline,HAMILTON,SAL,SR,83.58078071042198,1.992884319175986,0.444791125070702
1153,hamilton_13,chronic_saline,HAMILTON,SAL,SR,91.35080742692108,2.509928135004574,0.8647004108207773
1154,hamilton_13,chronic_saline,HAMILTON,SAL,SR,60.06690530403884,2.524134090511544,0.4188644251129974
1155,hamilton_13,chronic_saline,HAMILTON,SAL,SR,64.72313598848459,,
1156,hamilton_13,chronic_saline,HAMILTON,SAL,SR,61.55004667066103,,
1157,hamilton_13,chronic_saline,HAMILTON,SAL,SR,70.82431967927329,3.988068279057544,0.8606322854106627
1158,hamilton_13,chronic_saline,HAMILTON,SAL,SR,66.0366423690769,,
1159,hamilton_13,chronic_saline,HAMILTON,SAL,SIR,34.88515162220227,0.5204135619512915,1.2930430142396805
1161,hamilton_13,chronic_saline,HAMILTON,SAL,SR,72.33789554131451,,
1162,hamilton_13,chronic_saline,HAMILTON,SAL,,,,
1164,hamilton_13,chronic_saline,HAMILTON,SAL,SR,75.41856391911335,,
1165,hamilton_14,citalopram_continuation,HAMILTON,CIT,SIR,,,1.282974513126661
1166,hamilton_14,citalopram_continuation,HAMILTON,CIT,SR,49.06479503551239,3.1188096456486702,0.5415511867601162
1167,hamilton_14,citalopram_continuation,HAMILTON,CIT,SIR,,0.9034678666429644,0.9994753732435344
1168,hamilton_14,citalopram_continuation,HAMILTON,CIT,SIR,63.58994836085458,1.439994498585325,0.8985968156355935
1170,hamilton_14,citalopram_continuation,HAMILTON,CIT,SIR,,0.5712421470072631,1.140578466873889
1171,hamilton_14,citalopram_continuation,HAMILTON,CIT,SIR,,,0.9168112119200792
1172,hamilton_14,citalopram_continuation,HAMILTON,CIT,SIR,68.64226005467336,,0.8672682005598693
1173,hamilton_14,citalopram_continuation,HAMILTON,CIT,SR,67.57020180584067,1.2498859224761,0.4607488080030798
1174,hamilton_14,citalopram_continuation,HAMILTON,CIT,SIR,43.67130737064085,,1.0552048781721997
1175,hamilton_14,citalopram_continuation,HAMILTON,CIT,SR,64.6272653680274,4.134854505723071,0.6493859527599115
1176,hamilton_05,citalopram_discontinuation,HAMILTON,DIS,SR,64.28735969227185,1.0115403116937922,0.6662812149771495
1177,hamilton_05,citalopram_discontinuation,HAMILTON,DIS,SIR,28.39203871293114,4.605111673958015,0.7338249095817397
1178,hamilton_05,citalopram_discontinuation,HAMILTON,DIS,SR,51.15717408713684,5.222082210165214,0.4907253616690885
1179,hamilton_05,citalopram_discontinuation,HAMILTON,DIS,SIR,26.55286029183644,4.828741743913492,0.5728245916203754
1180,hamilton_05,citalopram_discontinuation,HAMILTON,DIS,SIR,39.53444498458779,0.8494004485003868,0.8932141416534494
1181,hamilton_05,citalopram_discontinuation,HAMILTON,DIS,SIR,77.16135346135266,0.9781061677644992,1.204952382839537
1182,hamilton_05,citalopram_discontinuation,HAMILTON,DIS,SR,47.76442949555656,1.7102898668490858,0.6021986628267928
1183,hamilton_05,citalopram_discontinuation,HAMILTON,DIS,SR,63.85340158404469,1.6988434621550828,0.466007699498176
1184,hamilton_17,citalopram_discontinuation,HAMILTON,DIS,SR,58.351002463012776,2.293048905976166,0.5227455584888125
1185,hamilton_17,citalopram_discontinuation,HAMILTON,DIS,SIR,,8.74360675519531,1.276428214080202
1186,hamilton_17,citalopram_discontinuation,HAMILTON,DIS,SR,63.4320853488739,5.233572557161805,0.837354838132038
1187,hamilton_17,citalopram_discontinuation,HAMILTON,DIS,SIR,74.73072293402404,0.7490789733532198,1.0804186642338964
1188,hamilton_17,citalopram_discontinuation,HAMILTON,DIS,SIR,,1.3928962292309193,0.8497452335129727
1189,hamilton_17,citalopram_discontinuation,HAMILTON,DIS,SIR,,1.161283876883244,0.8873991852105776
1190,hamilton_17,citalopram_discontinuation,HAMILTON,DIS,SIR,50.22754139276219,1.0809331717550603,0.8666102264019238
1191,hamilton_17,citalopram_discontinuation,HAMILTON,DIS,SIR,51.573248971764286,1.750775706989817,0.8847581874765257
1192,hamilton_17,citalopram_discontinuation,HAMILTON,DIS,SIR,49.38868458611071,1.9124149039435887,0.9190434378739138
1193,hamilton_17,citalopram_discontinuation,HAMILTON,DIS,SR,60.13649208045291,5.49824933999593,0.8000404262684733
1194,hamilton_17,citalopram_discontinuation,HAMILTON,DIS,SIR,61.96117437446745,0.8764523250319114,0.8818157403958918
1195,hamilton_17,citalopram_discontinuation,HAMILTON,DIS,SIR,42.27399879388807,1.0818900619382066,0.9408153085257678
1196,hamilton_17,citalopram_discontinuation,HAMILTON,DIS,SIR,50.350681388653726,4.083093365098938,0.8310853672228464
1197,hamilton_17,citalopram_discontinuation,HAMILTON,DIS,SIR,54.9225895574204,2.9308155364046726,0.9061427974464183
1198,hamilton_17,citalopram_discontinuation,HAMILTON,DIS,SIR,56.86155473568385,0.9638476799383122,0.8681296300319499
1199,hamilton_17,citalopram_discontinuation,HAMILTON,DIS,SIR,,2.010791246355399,0.6693343691234281
1200,hamilton_17,citalopram_discontinuation,HAMILTON,DIS,SIR,,1.0853453974243443,0.9357492978598692
1201,hamilton_17,citalopram_discontinuation,HAMILTON,DIS,SR,69.39785118460478,1.371193285834171,0.8038206350053267
1202,hamilton_17,citalopram_discontinuation,HAMILTON,DIS,SIR,53.37291644962389,2.9114441448003894,0.7368905283880562
1203,hamilton_17,citalopram_discontinuation,HAMILTON,DIS,SIR,65.20873032941594,0.5477351152982467,1.0505701499760065
1204,hamilton_17,citalopram_discontinuation,HAMILTON,DIS,SR,71.79783940394884,6.182839865654531,0.731051573939264
1205,hamilton_17,citalopram_discontinuation,HAMILTON,DIS,SR,60.72333969890988,4.268312456893271,0.7273400891844625
1208,hamilton_17,citalopram_discontinuation,HAMILTON,DIS,SIR,54.19370281111605,0.926890977387974,0.9005982047248741
1209,hamilton_17,citalopram_discontinuation,HAMILTON,DIS,SIR,59.44321302837574,1.0035015046582063,0.8770578858572531
1210,hamilton_17,citalopram_discontinuation,HAMILTON,DIS,SIR,55.46897650676752,1.4337008204042003,0.8769432855186612
1211,hamilton_17,citalopram_discontinuation,HAMILTON,DIS,SR,74.16951506806251,4.65431314041569,0.8162582822338726
1212,hamilton_17,citalopram_discontinuation,HAMILTON,DIS,SIR,58.01568311026389,0.7190160265676421,1.002602752381378
1213,hamilton_17,citalopram_discontinuation,HAMILTON,DIS,SR,64.44236364890568,,
1214,hamilton_17,citalopram_discontinuation,HAMILTON,DIS,SR,70.80699249910543,2.4292100757365027,0.8673242401802745
1215,hamilton_17,citalopram_discontinuation,HAMILTON,DIS,SIR,51.44112361944056,3.2699369499517914,0.8158932803746013
1216,hamilton_17,citalopram_discontinuation,HAMILTON,DIS,SIR,68.66443100733403,0.8859008873773885,0.956561860102174
1218,hamilton_17,citalopram_discontinuation,HAMILTON,DIS,SR,,,
1219,hamilton_17,citalopram_discontinuation,HAMILTON,DIS,SR,64.56657033529493,3.566017550713523,0.3606930430827386
1220,hamilton_18,citalopram_discontinuation,HAMILTON,DIS,SIR,44.20760729638397,2.0762095057086345,1.004390538106501
1221,hamilton_18,citalopram_discontinuation,HAMILTON,DIS,SR,53.21516346335403,4.941180699395129,0.5342345577839123
1222,hamilton_18,citalopram_discontinuation,HAMILTON,DIS,SR,49.4396649306307,3.801519921544408,0.6161597073028487
1223,hamilton_18,citalopram_discontinuation,HAMILTON,DIS,FF,,14.427142538878352,0.5268391020329324
1224,hamilton_18,citalopram_discontinuation,HAMILTON,DIS,SR,74.84792887653578,0.9781492329679764,0.817951639775453
1226,hamilton_18,citalopram_discontinuation,HAMILTON,DIS,SIR,53.244527575668656,2.426553154260838,0.7241933317401767
1227,hamilton_18,citalopram_discontinuation,HAMILTON,DIS,FF,68.47170882599798,9.69053339613077,0.7487507764625377
1229,hamilton_18,citalopram_discontinuation,HAMILTON,DIS,FF,62.48302573061872,9.994422441783634,0.6523139142361681
1230,hamilton_18,citalopram_discontinuation,HAMILTON,DIS,FF,26.09771481819618,11.35487757564576,0.7375452684147854
1231,hamilton_18,citalopram_discontinuation,HAMILTON,DIS,SR,72.46958504040913,7.698606875720682,0.7535098264179181
1232,hamilton_18,citalopram_discontinuation,HAMILTON,DIS,SR,66.34713289671672,4.724073359115828,0.7745922734344823
1233,hamilton_18,citalopram_discontinuation,HAMILTON,DIS,SR,70.22120740165403,2.662706320964709,0.5745454321775355
1234,hamilton_18,citalopram_discontinuation,HAMILTON,DIS,SR,66.1221540404992,5.122129980335056,0.7197337604646522
1235,hamilton_18,citalopram_discontinuation,HAMILTON,DIS,SR,76.59824070364601,2.227181524882945,0.8750635006789756
1236,hamilton_18,citalopram_discontinuation,HAMILTON,DIS,SIR,29.949170157262145,3.974491782961476,0.5952623347178643
1237,hamilton_18,citalopram_discontinuation,HAMILTON,DIS,SR,81.31622578582306,6.21265453272663,0.8203447859051373
1238,hamilton_18,citalopram_discontinuation,HAMILTON,DIS,FF,41.79589286723993,9.645634477983858,0.5568701736904664
1239,hamilton_18,citalopram_discontinuation,HAMILTON,DIS,SIR,,1.235436926383284,0.9931337222416184
1240,hamilton_18,citalopram_discontinuation,HAMILTON,DIS,SIR,38.922125306121245,2.8373253716275366,0.9203608746247224
1241,hamilton_18,citalopram_discontinuation,HAMILTON,DIS,SR,71.7960131735235,5.54370571353673,0.8274060635619473
1242,hamilton_18,citalopram_discontinuation,HAMILTON,DIS,SR,87.40638863819774,2.4698787374656037,0.643779341964059
1244,hamilton_18,citalopram_discontinuation,HAMILTON,DIS,SIR,59.63467757148263,1.914788128428764,0.7977522929059322
1245,hamilton_18,citalopram_discontinuation,HAMILTON,DIS,SIR,23.868134534096868,0.8770133888187497,0.9917321841787642
1246,hamilton_18,citalopram_discontinuation,HAMILTON,DIS,SR,88.71078823609511,,0.8527483759679493
1247,hamilton_23,citalopram_continuation,HAMILTON,CIT,SR,68.72419797783667,,0.5453961308524738
1249,hamilton_23,citalopram_continuation,HAMILTON,CIT,SR,67.33644469035036,,
1250,hamilton_23,citalopram_continuation,HAMILTON,CIT,SIR,60.44416219597264,1.4948899902433384,0.9848478696057036
1251,hamilton_23,citalopram_continuation,HAMILTON,CIT,SIR,,0.5060244586110727,1.0057653107562403
1254,hamilton_23,citalopram_continuation,HAMILTON,CIT,SR,,,
1255,hamilton_23,citalopram_continuation,HAMILTON,CIT,SR,70.7901708419472,0.511994413974556,0.5036670492028643
1258,hamilton_23,citalopram_continuation,HAMILTON,CIT,SIR,,,1.057610915744066
1260,hamilton_23,citalopram_continuation,HAMILTON,CIT,FF,,,0.1364877689954706
1261,hamilton_23,citalopram_continuation,HAMILTON,CIT,SR,50.24644682208671,3.766122762645145,0.2187249001752738
1263,hamilton_23,citalopram_continuation,HAMILTON,CIT,SIR,48.24326152319583,0.5844884967427568,0.8496775393662221
1264,hamilton_23,citalopram_continuation,HAMILTON,CIT,SR,59.673468302108944,3.0999445841434587,0.6305569863121749
1265,hamilton_23,citalopram_continuation,HAMILTON,CIT,SIR,57.12474199318331,1.370948195922866,0.7267237776618599
1266,hamilton_23,citalopram_continuation,HAMILTON,CIT,SIR,54.93749234922132,1.4135058743171989,0.9620442396057716
1267,hamilton_23,citalopram_continuation,HAMILTON,CIT,SR,38.893365162362045,1.581831980837234,0.4410816057884112
1269,hamilton_23,citalopram_continuation,HAMILTON,CIT,SR,45.32809445062392,3.669564163507699,0.2518371460167101
1270,hamilton_23,citalopram_continuation,HAMILTON,CIT,SR,71.56378035111166,2.795124245244044,0.672175200800256
1271,hamilton_23,citalopram_continuation,HAMILTON,CIT,SIR,27.75146715302961,,0.805863407329398
1272,hamilton_23,citalopram_continuation,HAMILTON,CIT,SIR,44.27037310561238,3.010297262949871,0.7070644698720641
1273,hamilton_23,citalopram_continuation,HAMILTON,CIT,SIR,43.75899984450638,0.9589292869561664,1.2070680470886008
1274,hamilton_23,citalopram_continuation,HAMILTON,CIT,SR,62.73017996756573,1.2522145646467375,0.676051458042674
1276,hamilton_23,citalopram_continuation,HAMILTON,CIT,SR,52.40269257247357,0.7696198078149392,0.4635397724102279
1277,hamilton_23,citalopram_continuation,HAMILTON,CIT,SIR,66.59789347325369,1.5758726845330455,0.9013998323982938
1278,hamilton_23,citalopram_continuation,HAMILTON,CIT,SR,,,0.6941186293319448
1279,hamilton_23,citalopram_continuation,HAMILTON,CIT,SR,40.448278307311455,,0.2211151442838374
1280,hamilton_23,citalopram_continuation,HAMILTON,CIT,SIR,45.71743206532392,1.7331101248801244,0.6198531542504034
1281,hamilton_23,citalopram_continuation,HAMILTON,CIT,SIR,24.79136116488021,0.5544671570620634,1.0884053320977525
1282,hamilton_23,citalopram_continuation,HAMILTON,CIT,SIR,,,1.1128404675824626
1283,hamilton_23,citalopram_continuation,HAMILTON,CIT,SIR,49.43469214531106,5.263530376810682,0.836190191231337
1284,hamilton_23,citalopram_continuation,HAMILTON,CIT,SR,51.34715285385698,2.7231431452251105,0.2294407309562527
1285,hamilton_23,citalopram_continuation,HAMILTON,CIT,SR,46.98497075104317,2.6011391687058047,0.2742806331388944
1286,hamilton_23,citalopram_continuation,HAMILTON,CIT,SR,,,
1287,hamilton_23,citalopram_continuation,HAMILTON,CIT,SIR,59.357282917691776,2.89831732957553,0.7960969059858656
1288,hamilton_23,citalopram_continuation,HAMILTON,CIT,SR,67.3530051939795,,0.7831368748875753
1289,hamilton_23,citalopram_continuation,HAMILTON,CIT,SR,100.69182863524114,3.9690108503070416,0.8689828705841058
1291,hamilton_23,citalopram_continuation,HAMILTON,CIT,SIR,84.61831153474338,0.6187845303867403,0.9969157236858416
1292,hamilton_23,citalopram_continuation,HAMILTON,CIT,SR,62.59413017143194,0.7437806042802114,0.5824352206843038
1293,hamilton_23,citalopram_continuation,HAMILTON,CIT,SR,58.99493621645982,,0.7898094302176517
1294,hamilton_23,citalopram_continuation,HAMILTON,CIT,SIR,51.71752200228536,1.6177376031144166,0.8681073543119173
1296,hamilton_23,citalopram_continuation,HAMILTON,CIT,SIR,69.0355794747322,,1.1374061293456927
1299,hamilton_23,citalopram_continuation,HAMILTON,CIT,SIR,76.08504743781549,1.2619919607779273,1.0000357298904916
1301,hamilton_23,citalopram_continuation,HAMILTON,CIT,SR,65.86260035306813,0.987136334704226,0.5545431185878698
1302,hamilton_23,citalopram_continuation,HAMILTON,CIT,SIR,73.2052526195533,0.908590019721059,0.9470603189639248
1303,hamilton_23,citalopram_continuation,HAMILTON,CIT,SIR,65.63897974859904,2.409987751420087,0.8612956706072941
1304,hamilton_23,citalopram_continuation,HAMILTON,CIT,SR,,,0.5333420770096062
1305,hamilton_23,citalopram_continuation,HAMILTON,CIT,SIR,83.7539576605165,0.5280283304800252,1.0280451624858924
1306,hamilton_23,citalopram_continuation,HAMILTON,CIT,SIR,,,0.9287929538867188
1310,hamilton_23,citalopram_continuation,HAMILTON,CIT,SR,,,0.7374777278443752
1311,hamilton_23,citalopram_continuation,HAMILTON,CIT,SIR,62.051593986970914,,1.020973885948326
1312,hamilton_23,citalopram_continuation,HAMILTON,CIT,SR,65.72882066552523,2.413316142180072,0.4549490495521099
1314,hamilton_23,citalopram_continuation,HAMILTON,CIT,SIR,62.0162072337599,1.3644612424784075,0.8810933449862524
1315,hamilton_23,citalopram_continuation,HAMILTON,CIT,SR,56.1216169389605,1.955140389941888,0.3646434318130858
1316,hamilton_23,citalopram_continuation,HAMILTON,CIT,SR,72.81606442560798,2.648167565347092,0.4680991015568729
1317,hamilton_23,citalopram_continuation,HAMILTON,CIT,SR,55.76113870423177,0.9271161782037336,0.583667693624121
1318,hamilton_23,citalopram_continuation,HAMILTON,CIT,SIR,45.76988448159111,2.5147016651177165,0.7880010074970685
1319,hamilton_23,citalopram_continuation,HAMILTON,CIT,SIR,66.41389363468,3.0347473324715133,0.9137259704158132
1320,hamilton_23,citalopram_continuation,HAMILTON,CIT,SR,66.82717086772362,0.5266999862850232,0.4600909544383709
1321,hamilton_23,citalopram_continuation,HAMILTON,CIT,SR,63.716694714679846,1.0599415204678355,0.420933334046346
1322,hamilton_23,citalopram_continuation,HAMILTON,CIT,SR,68.84249337486665,0.5568220332333651,0.5744195047591811
1323,hamilton_23,citalopram_continuation,HAMILTON,CIT,SR,69.51122408285855,,0.8248383421615383
1325,hamilton_23,citalopram_continuation,HAMILTON,CIT,SR,64.78400778407115,,0.6754347999795849
1326,hamilton_23,citalopram_continuation,HAMILTON,CIT,SR,90.01234070485063,,0.8807361969295427
1327,hamilton_23,citalopram_continuation,HAMILTON,CIT,SIR,,1.0279696391853164,0.7493010532309148
1328,hamilton_23,citalopram_continuation,HAMILTON,CIT,SR,,0.7977784760761849,0.5198523166559654
1329,hamilton_23,citalopram_continuation,HAMILTON,CIT,SR,71.02524881795154,0.5857250385787219,0.6012276127685893
1330,hamilton_23,citalopram_continuation,HAMILTON,CIT,FF,84.90332519707887,15.64542652447809,0.5688901471454569
1331,hamilton_23,citalopram_continuation,HAMILTON,CIT,SR,51.32748754512048,2.070983920795284,0.6333474356048996
1332,hamilton_23,citalopram_continuation,HAMILTON,CIT,SR,61.85262897120055,1.6047453272701555,0.6572613659636198
1333,hamilton_23,citalopram_continuation,HAMILTON,CIT,SIR,66.36511275589984,1.3079462832529578,0.93944208404555
1334,hamilton_23,citalopram_continuation,HAMILTON,CIT,SR,68.62304696105485,0.5033768194974624,0.5884275815029317
1335,hamilton_23,citalopram_continuation,HAMILTON,CIT,SIR,68.05196706160035,,1.2796542611526265
1336,hamilton_23,citalopram_continuation,HAMILTON,CIT,SR,58.67856692018211,1.050431582493289,0.6548752671159497
1337,hamilton_23,citalopram_continuation,HAMILTON,CIT,SIR,68.36726649933442,,1.0547868713223214
1338,hamilton_23,citalopram_continuation,HAMILTON,CIT,FF,56.3865117757228,8.301447347572175,0.6554506385316896
1339,hamilton_23,citalopram_continuation,HAMILTON,CIT,SIR,45.37408053960533,2.352721774178364,0.8686537557326399
1340,hamilton_23,citalopram_continuation,HAMILTON,CIT,SIR,,,0.9063690866802996
1341,hamilton_23,citalopram_continuation,HAMILTON,CIT,SR,63.19685589101209,1.7202012406091338,0.4745441013644775
1342,hamilton_23,citalopram_continuation,HAMILTON,CIT,SIR,50.58381377211202,0.5797244907939665,0.9814085753020226
1343,hamilton_23,citalopram_continuation,HAMILTON,CIT,SIR,69.52791597397842,0.8312305048166362,0.9749431195436452
1344,hamilton_23,citalopram_continuation,HAMILTON,CIT,SR,,1.643412480422562,0.5562857093249621
1345,hamilton_23,citalopram_continuation,HAMILTON,CIT,SIR,55.13259126748508,1.8278490991471288,0.8144742296454839
1346,hamilton_23,citalopram_continuation,HAMILTON,CIT,SIR,67.43530077452175,,1.121751670027796
1347,hamilton_23,citalopram_continuation,HAMILTON,CIT,SIR,53.040901838233,0.6673100854033329,0.8582296812954568
1348,hamilton_23,citalopram_continuation,HAMILTON,CIT,SR,53.0118778001544,,0.5269625945069422
1349,hamilton_23,citalopram_continuation,HAMILTON,CIT,SR,78.49374579838559,0.970057742572389,0.8281959450281942
1350,hamilton_07,chronic_saline,HAMILTON,SAL,SIR,39.91366390432188,1.419785628375732,0.8080466488009553
1351,hamilton_07,chronic_saline,HAMILTON,SAL,SR,,,
1352,hamilton_07,chronic_saline,HAMILTON,SAL,SR,,,
1353,hamilton_07,chronic_saline,HAMILTON,SAL,SIR,55.27891216043983,0.5296129896729751,0.8726657841498185
1354,hamilton_07,chronic_saline,HAMILTON,SAL,SIR,47.78056220354293,1.5762641665001191,0.9078102678208488
1355,hamilton_07,chronic_saline,HAMILTON,SAL,SR,,3.194279437806828,0.2977911778841019
1356,hamilton_07,chronic_saline,HAMILTON,SAL,SR,44.83712022460148,3.320826852954544,0.5606002569345461
1357,hamilton_07,chronic_saline,HAMILTON,SAL,SR,69.36800760342896,4.621833675459028,0.8419960704249312
1358,hamilton_07,chronic_saline,HAMILTON,SAL,SR,86.77629901523528,,0.97585085266915
1360,hamilton_07,chronic_saline,HAMILTON,SAL,SIR,,,1.057528120360698
1361,hamilton_07,chronic_saline,HAMILTON,SAL,SR,79.85603502457721,3.6036447271751655,0.4298167141542238
1362,hamilton_07,chronic_saline,HAMILTON,SAL,SR,,6.969715318960338,0.725221828703486
1363,hamilton_07,chronic_saline,HAMILTON,SAL,SR,57.42929718906714,5.354431061639717,0.4133344238025352
1364,hamilton_07,chronic_saline,HAMILTON,SAL,SR,68.87918512015702,2.768316818006417,0.3185944713516215
1365,hamilton_07,chronic_saline,HAMILTON,SAL,SIR,,,0.8038883163404683
1366,hamilton_07,chronic_saline,HAMILTON,SAL,SR,57.34812753530403,3.864719744427881,0.3631773710146592
1367,hamilton_07,chronic_saline,HAMILTON,SAL,SR,76.93907691096217,1.3889408675092274,0.8923276103892037
1368,hamilton_07,chronic_saline,HAMILTON,SAL,SIR,56.85920599939823,1.3897461470067325,0.8293495224279418
1369,hamilton_07,chronic_saline,HAMILTON,SAL,FF,64.45871425122596,9.256911211252865,0.6493926566306225
1370,hamilton_07,chronic_saline,HAMILTON,SAL,SIR,38.16842880947277,0.7835720558264038,0.8598927705899387
1371,hamilton_07,chronic_saline,HAMILTON,SAL,SR,40.33305197950631,3.657838573075944,0.4834955671122661
1372,hamilton_07,chronic_saline,HAMILTON,SAL,SIR,11.093685222583105,,0.9004825194685386
1373,hamilton_07,chronic_saline,HAMILTON,SAL,SR,75.87898395175566,8.013617599241503,0.7855008676244113
1375,hamilton_07,chronic_saline,HAMILTON,SAL,SR,,,
1378,hamilton_07,chronic_saline,HAMILTON,SAL,SR,58.81980699056308,4.058988955771746,0.2605740388631537
1379,hamilton_07,chronic_saline,HAMILTON,SAL,SR,46.01275346782782,6.594259170974079,0.663296497590937
1380,hamilton_07,chronic_saline,HAMILTON,SAL,SIR,34.61471956843434,3.187962657643456,0.8827001822187706
1383,hamilton_07,chronic_saline,HAMILTON,SAL,FF,57.876105056456254,14.452206258292314,0.5159381057119372
1384,hamilton_07,chronic_saline,HAMILTON,SAL,FF,39.958035680455225,20.53745912544101,0.4287676483600745
1385,hamilton_07,chronic_saline,HAMILTON,SAL,SR,58.13996161316331,4.801887231291504,0.5713033205633119
1386,hamilton_07,chronic_saline,HAMILTON,SAL,FF,39.1190084169204,7.393137965768286,0.620244839608031
1387,hamilton_07,chronic_saline,HAMILTON,SAL,SIR,30.47948592045647,2.8757523258833766,0.7764722753608521
1389,hamilton_07,chronic_saline,HAMILTON,SAL,SR,62.30450558664006,1.5780323639301888,0.7196970001794385
1390,hamilton_07,chronic_saline,HAMILTON,SAL,SR,,0.5068537895768352,0.6294713383172157
1391,hamilton_07,chronic_saline,HAMILTON,SAL,SR,71.3179934346592,4.505098043194799,0.763869022082977
1392,hamilton_07,chronic_saline,HAMILTON,SAL,SIR,42.205815476311074,2.472536759166944,0.666244337713517
1393,hamilton_07,chronic_saline,HAMILTON,SAL,SR,52.799429785489565,4.065177896904451,0.2318329047775303
1394,hamilton_07,chronic_saline,HAMILTON,SAL,SR,63.92828153559938,1.71349472876452,0.507523718060352
1395,hamilton_07,chronic_saline,HAMILTON,SAL,SR,76.95924185271272,2.24280490932742,0.8824777911087108
1396,hamilton_07,chronic_saline,HAMILTON,SAL,SR,,5.311365963062246,0.2390759214000608
1397,hamilton_07,chronic_saline,HAMILTON,SAL,SR,,2.6489009622695763,0.345939369753168
1398,hamilton_07,chronic_saline,HAMILTON,SAL,FF,77.03961830236042,11.488376487863246,0.7500136170936239
1399,hamilton_07,chronic_saline,HAMILTON,SAL,SR,,7.085905300714566,0.7797253628026386
1401,hamilton_07,chronic_saline,HAMILTON,SAL,SIR,27.265819240361964,4.719007740581352,0.5429247580255164
1402,hamilton_07,chronic_saline,HAMILTON,SAL,SR,73.60738041719787,,
1403,hamilton_07,chronic_saline,HAMILTON,SAL,SIR,,0.596214481786754,0.7667586716885044
1404,hamilton_07,chronic_saline,HAMILTON,SAL,SR,,,
1405,hamilton_07,chronic_saline,HAMILTON,SAL,SR,65.09733149369501,7.89408937816048,0.7167972857295872
1406,hamilton_07,chronic_saline,HAMILTON,SAL,SR,49.99746487849393,4.848953274847469,0.718205190478508
1407,hamilton_07,chronic_saline,HAMILTON,SAL,SIR,34.150619993309164,2.252283914610409,0.5384150141439428
1408,hamilton_07,chronic_saline,HAMILTON,SAL,SIR,,1.804490798799282,0.6538716548677213
1409,hamilton_07,chronic_saline,HAMILTON,SAL,,,,
1410,hamilton_07,chronic_saline,HAMILTON,SAL,SIR,69.34068416376226,1.9997749440860848,0.8945678567460391
1411,hamilton_07,chronic_saline,HAMILTON,SAL,SIR,44.22065201561932,,1.153074500033096
1412,hamilton_07,chronic_saline,HAMILTON,SAL,SR,61.52774317522304,4.226642190801183,0.235035224373741
1413,hamilton_07,chronic_saline,HAMILTON,SAL,SR,60.75165632399066,3.456261110738622,0.2751559224533014
1414,hamilton_08,citalopram_continuation,HAMILTON,CIT,SR,64.31924184261939,0.845626290176066,0.6656481134259363
1416,hamilton_08,citalopram_continuation,HAMILTON,CIT,SR,62.43128702436914,1.9934915177242376,0.5582213487667742
1417,hamilton_08,citalopram_continuation,HAMILTON,CIT,SIR,62.03318850848848,0.732783124944788,0.8212124712730128
1419,hamilton_08,citalopram_continuation,HAMILTON,CIT,FF,,,0.6077716075639656
1421,hamilton_08,citalopram_continuation,HAMILTON,CIT,SIR,,,1.4332740392144252
1422,hamilton_08,citalopram_continuation,HAMILTON,CIT,SIR,,,1.0992783245192108
1423,hamilton_08,citalopram_continuation,HAMILTON,CIT,SR,84.4659726220925,,0.8961495638956951
1424,hamilton_08,citalopram_continuation,HAMILTON,CIT,SR,,,0.6110876180861491
1426,hamilton_08,citalopram_continuation,HAMILTON,CIT,SIR,69.03831941319012,0.5959345937929106,0.8137061223904767
1429,hamilton_08,citalopram_continuation,HAMILTON,CIT,SR,,,0.4543798070468137
1430,hamilton_08,citalopram_continuation,HAMILTON,CIT,SIR,,0.941472928585208,0.9510888147998324
1434,hamilton_08,citalopram_continuation,HAMILTON,CIT,SIR,49.94542608672924,0.9476277718112311,0.7073322045025903
1435,hamilton_08,citalopram_continuation,HAMILTON,CIT,SR,53.961868176004685,2.9126035061340403,0.3886956886211653
1437,hamilton_08,citalopram_continuation,HAMILTON,CIT,SR,54.23823610014685,3.504142764887707,0.7017054712477616
1438,hamilton_08,citalopram_continuation,HAMILTON,CIT,SIR,47.650547908199655,0.5070163259256983,0.5780583093327326
1439,hamilton_08,citalopram_continuation,HAMILTON,CIT,SIR,49.90888366762496,1.3673121248030418,0.6480635645123436
1440,hamilton_08,citalopram_continuation,HAMILTON,CIT,SIR,32.674468213978656,1.0981129615077052,0.9853664724968254
1441,hamilton_08,citalopram_continuation,HAMILTON,CIT,SIR,62.86538196410123,0.8476806891098599,0.9022194257785856
1442,hamilton_08,citalopram_continuation,HAMILTON,CIT,SR,63.65436899456401,0.7722689261048938,0.6761940087630802
1443,hamilton_08,citalopram_continuation,HAMILTON,CIT,SR,61.422669168916286,1.0448932583486965,0.7163001799834736
1445,hamilton_08,citalopram_continuation,HAMILTON,CIT,SR,69.37458619718592,0.8040380007071155,0.632462652969541
1446,hamilton_08,citalopram_continuation,HAMILTON,CIT,SIR,54.11139467759765,1.3708053048930324,0.9770731430460162
1447,hamilton_08,citalopram_continuation,HAMILTON,CIT,SR,60.39702821825938,4.244021818884473,0.656850364282686
1448,hamilton_08,citalopram_continuation,HAMILTON,CIT,SIR,46.417976367915486,1.5730612781854345,0.9330300310711708
1449,hamilton_08,citalopram_continuation,HAMILTON,CIT,SR,61.37368527513698,,0.7039002112104574
1452,hamilton_08,citalopram_continuation,HAMILTON,CIT,SIR,34.86484166770353,1.356024141266185,0.7792853199012071
1455,hamilton_08,citalopram_continuation,HAMILTON,CIT,SIR,42.42505568580572,0.621138047111724,1.0571942237266627
1456,hamilton_08,citalopram_continuation,HAMILTON,CIT,,,,
1458,hamilton_08,citalopram_continuation,HAMILTON,CIT,SIR,18.18255323137035,1.177004891109217,0.938517705202114
1459,hamilton_08,citalopram_continuation,HAMILTON,CIT,SIR,18.51138213599356,1.364607016622866,0.855826537528569
1460,hamilton_08,citalopram_continuation,HAMILTON,CIT,SIR,29.465852231385117,0.6273656914615557,0.8073944725352918
1461,hamilton_08,citalopram_continuation,HAMILTON,CIT,FF,30.15841173575322,7.013365494524962,0.5238832567771633
1463,hamilton_08,citalopram_continuation,HAMILTON,CIT,SIR,37.89043663227622,1.398161806187982,0.8757899773158418
1465,hamilton_08,citalopram_continuation,HAMILTON,CIT,SIR,63.692981164877466,2.0695405599154144,0.8662348534883706
1466,hamilton_08,citalopram_continuation,HAMILTON,CIT,FF,,,0.7457136402919551
1467,hamilton_08,citalopram_continuation,HAMILTON,CIT,SIR,58.62500112962772,0.7715300727225571,0.903297351934888
1468,hamilton_08,citalopram_continuation,HAMILTON,CIT,SIR,,,0.947790686377452
1469,hamilton_08,citalopram_continuation,HAMILTON,CIT,SIR,58.218181447776175,0.586184909916341,0.9836875696714936
1470,hamilton_08,citalopram_continuation,HAMILTON,CIT,SR,70.38900587732812,1.433068045846548,0.6590408312933955
1471,hamilton_08,citalopram_continuation,HAMILTON,CIT,SR,58.42382717052911,3.934973234743617,0.3348741661386104
1472,hamilton_08,citalopram_continuation,HAMILTON,CIT,SR,,,0.4998014305775783
1473,hamilton_08,citalopram_continuation,HAMILTON,CIT,SIR,,,0.8406867522086912
1474,hamilton_08,citalopram_continuation,HAMILTON,CIT,SR,73.38817712094908,1.4563013043286084,0.4792352487200115
1475,hamilton_08,citalopram_continuation,HAMILTON,CIT,SR,74.31756139126489,0.6482102512834751,0.5439479382261321
1476,hamilton_08,citalopram_continuation,HAMILTON,CIT,SIR,,0.9325047855627548,0.7414618850597171
1477,hamilton_08,citalopram_continuation,HAMILTON,CIT,SR,66.35141942147459,,0.7494225145720821
1478,hamilton_08,citalopram_continuation,HAMILTON,CIT,SR,,,
1479,hamilton_08,citalopram_continuation,HAMILTON,CIT,SIR,69.03309660092961,1.142074892323749,0.8597208907929416
1480,hamilton_08,citalopram_continuation,HAMILTON,CIT,SIR,56.54396909612464,0.9625556191209034,0.8018679583907586
1481,hamilton_08,citalopram_continuation,HAMILTON,CIT,SIR,71.84427907900121,1.3862323801255862,0.8739007672601893
1482,hamilton_08,citalopram_continuation,HAMILTON,CIT,SR,61.68266575917514,1.3202375037783096,0.5880751036385174
1483,hamilton_08,citalopram_continuation,HAMILTON,CIT,SIR,67.59798489944941,2.981586135281753,0.923387026
1484,hamilton_08,citalopram_continuation,HAMILTON,CIT,SIR,52.17845261924978,1.235486708222157,0.9449522337380916
1485,hamilton_08,citalopram_continuation,HAMILTON,CIT,SIR,77.16786103043992,0.6901664067891908,1.0926118361860988
1486,hamilton_08,citalopram_continuation,HAMILTON,CIT,SR,61.95367887734025,1.375219351415352,0.6920731649534915
1487,hamilton_08,citalopram_continuation,HAMILTON,CIT,SIR,43.646569705409945,1.4051634059130875,0.9550221474805722
1488,hamilton_08,citalopram_continuation,HAMILTON,CIT,SIR,67.38104272049594,1.2255430403907217,0.9758123520269724
1489,hamilton_08,citalopram_continuation,HAMILTON,CIT,SIR,,0.9063183217604858,0.7756669943713812
1490,hamilton_08,citalopram_continuation,HAMILTON,CIT,SR,66.04885380809819,0.8384679792572327,0.6903592875869315
1491,hamilton_08,citalopram_continuation,HAMILTON,CIT,SIR,65.40600348460961,1.228967113466659,1.0418994144267746
1492,hamilton_08,citalopram_continuation,HAMILTON,CIT,SIR,22.354560211440685,,1.7138240330467167
1493,hamilton_19,chronic_saline,HAMILTON,SAL,SR,,4.392851737320083,0.26274095127571
1494,hamilton_19,chronic_saline,HAMILTON,SAL,SR,72.48245021881704,7.598271440545897,0.5640089387162681
1495,hamilton_19,chronic_saline,HAMILTON,SAL,SR,78.47060540500516,2.982216502198749,0.3721237672211281
1496,hamilton_19,chronic_saline,HAMILTON,SAL,SR,77.45227149516887,2.781342885961596,0.4061588479054194
1497,hamilton_19,chronic_saline,HAMILTON,SAL,SR,58.81473106946564,5.144969572979966,0.2905397368014057
1498,hamilton_19,chronic_saline,HAMILTON,SAL,SIR,61.98572051328517,0.6085391253738004,0.8261467415133916
1499,hamilton_19,chronic_saline,HAMILTON,SAL,SR,59.88270533122241,2.084083775021871,0.4329573448711484
1500,hamilton_19,chronic_saline,HAMILTON,SAL,SR,68.81117829619498,3.5354014246088004,0.8623149967381436
1501,hamilton_19,chronic_saline,HAMILTON,SAL,SR,72.7006683859714,0.9763576494568228,0.7966076868309453
1502,hamilton_19,chronic_saline,HAMILTON,SAL,SR,63.44153029059365,4.624536049122551,0.5698165740482144
1503,hamilton_19,chronic_saline,HAMILTON,SAL,SIR,69.55688490261659,,1.1015527561607006
1504,hamilton_19,chronic_saline,HAMILTON,SAL,FF,61.824380452644135,9.004895422201447,0.2407074425556085
1505,hamilton_19,chronic_saline,HAMILTON,SAL,SR,48.58948065272469,2.28835089697976,0.310563871859613
1507,hamilton_19,chronic_saline,HAMILTON,SAL,SR,79.40801107448524,2.020890217823966,0.6639386822917108
1509,hamilton_19,chronic_saline,HAMILTON,SAL,SR,54.06560077632236,4.698044383096441,0.6492137821646148
1510,hamilton_19,chronic_saline,HAMILTON,SAL,FF,49.92928113060586,11.832574939726827,0.6980141320035966
1511,hamilton_19,chronic_saline,HAMILTON,SAL,SR,50.86392490250074,4.506502803055214,0.6386039968159247
1512,hamilton_19,chronic_saline,HAMILTON,SAL,SR,39.03223166320112,5.14520732846804,0.4342306421785405
1513,hamilton_19,chronic_saline,HAMILTON,SAL,SR,69.00960763702048,2.924906487585554,0.2636900617413638
1514,hamilton_19,chronic_saline,HAMILTON,SAL,SR,50.37301694213431,2.809697750533616,0.6326660846352694
1515,hamilton_19,chronic_saline,HAMILTON,SAL,SR,66.07958652095053,2.174246174607311,0.676869887461101
1516,hamilton_19,chronic_saline,HAMILTON,SAL,SIR,27.44078914372868,1.33926858774352,0.7665432792338724
1517,hamilton_19,chronic_saline,HAMILTON,SAL,SIR,29.48774302913705,1.5770373336578538,0.9078145847107326
1519,hamilton_19,chronic_saline,HAMILTON,SAL,SIR,23.13976002667769,3.5739486634348387,0.6608478890458317
1521,hamilton_19,chronic_saline,HAMILTON,SAL,SIR,30.655398993032577,0.6594058624951102,0.9067011361055632
1522,hamilton_19,chronic_saline,HAMILTON,SAL,SIR,20.978759092573,0.6070167805782638,0.9747019575936238
1523,hamilton_19,chronic_saline,HAMILTON,SAL,SR,40.24933692960127,4.703434833799509,0.5772710389928977
1524,hamilton_19,chronic_saline,HAMILTON,SAL,SIR,,0.5453801754306208,1.0147249778693472
1525,hamilton_19,chronic_saline,HAMILTON,SAL,SIR,23.32949428970917,1.2502741188058637,0.859170893966499
1526,hamilton_19,chronic_saline,HAMILTON,SAL,FF,25.25796293104676,10.54728837811212,0.4719579980714234
1527,hamilton_19,chronic_saline,HAMILTON,SAL,SIR,21.377662932238135,,0.8825564770081893
1528,hamilton_19,chronic_saline,HAMILTON,SAL,SR,,0.7767090836127323,0.5102680768217149
1529,hamilton_19,chronic_saline,HAMILTON,SAL,SR,58.74174393546352,1.867209511627535,0.5569525952320945
1530,hamilton_19,chronic_saline,HAMILTON,SAL,SR,71.86609733631562,0.85517648239886,0.6527193884308102
1531,hamilton_19,chronic_saline,HAMILTON,SAL,SR,72.114590738999,1.699785064771677,0.6205197119497998
1532,hamilton_19,chronic_saline,HAMILTON,SAL,SR,61.70918516193532,4.356617601976138,0.2001540356486431
1533,hamilton_19,chronic_saline,HAMILTON,SAL,FF,21.47843906465701,17.62250015557136,0.1598738951842582
1534,hamilton_19,chronic_saline,HAMILTON,SAL,SR,35.03265603677804,,0.4107602226841087
1535,hamilton_19,chronic_saline,HAMILTON,SAL,SIR,24.0265178038798,3.1283744900565047,0.7838822190547707
1536,hamilton_19,chronic_saline,HAMILTON,SAL,FF,42.40583247358711,7.65322568864938,0.7531853455196774
1537,hamilton_19,chronic_saline,HAMILTON,SAL,SIR,35.52774547622913,2.5525861985471936,0.6698637347506224
1538,hamilton_19,chronic_saline,HAMILTON,SAL,SIR,39.70546166458018,2.2907964683102224,0.872108515858351
1540,hamilton_19,chronic_saline,HAMILTON,SAL,SR,68.42442613299738,3.3298096900196623,0.275462226871457
1541,hamilton_19,chronic_saline,HAMILTON,SAL,SR,58.57660526691657,4.273869888629764,0.4036425920700275
1542,hamilton_19,chronic_saline,HAMILTON,SAL,SIR,75.30799645448911,0.94153185623238,0.989037497151168
1543,hamilton_19,chronic_saline,HAMILTON,SAL,SIR,26.005858134977203,,0.8696712532916263
1544,hamilton_19,chronic_saline,HAMILTON,SAL,SIR,23.675336491831985,0.6379396910718009,1.143121237948784
1545,hamilton_19,chronic_saline,HAMILTON,SAL,FF,14.679412437158064,,
1547,hamilton_19,chronic_saline,HAMILTON,SAL,SR,56.808352179569965,1.3067644240372092,0.6900635104549663
1548,hamilton_19,chronic_saline,HAMILTON,SAL,SIR,48.7048366506817,1.588079760494086,0.9420833709745944
1549,hamilton_19,chronic_saline,HAMILTON,SAL,,,,
1550,hamilton_19,chronic_saline,HAMILTON,SAL,FF,43.33785151281363,22.999485552506577,0.5151417250817408
1551,hamilton_19,chronic_saline,HAMILTON,SAL,FF,48.96215084016848,15.540573413268508,0.5930984147702545
1552,hamilton_19,chronic_saline,HAMILTON,SAL,SIR,58.56917169515887,,1.0780605486486463
1553,hamilton_19,chronic_saline,HAMILTON,SAL,SIR,,,1.029874446594858
1554,hamilton_20,citalopram_continuation,HAMILTON,CIT,SR,59.00293029019727,1.7387582591017263,0.6600104837393626
1556,hamilton_20,citalopram_continuation,HAMILTON,CIT,SR,69.17556819797363,2.887454667211501,0.8306805014516322
1557,hamilton_20,citalopram_continuation,HAMILTON,CIT,SR,54.72412104947628,4.014599263907436,0.4206852806405168
1558,hamilton_20,citalopram_continuation,HAMILTON,CIT,SIR,39.3425887315139,1.3186358329224397,0.9005002281032162
1559,hamilton_20,citalopram_continuation,HAMILTON,CIT,SR,55.12733498425712,2.4127046675480983,0.2774545670442698
1560,hamilton_20,citalopram_continuation,HAMILTON,CIT,SR,39.55161505007865,6.388083756573138,0.3560359412231946
1562,hamilton_20,citalopram_continuation,HAMILTON,CIT,SR,55.01662518841962,2.858497651372911,0.2324293450504577
1563,hamilton_20,citalopram_continuation,HAMILTON,CIT,SIR,50.57055613917615,1.513143725047606,0.9098095250256608
1564,hamilton_20,citalopram_continuation,HAMILTON,CIT,SR,63.37315738045163,1.8641538745788884,0.662866949590258
1565,hamilton_20,citalopram_continuation,HAMILTON,CIT,SR,24.68479394014872,4.803834239651678,0.4431140733882
1567,hamilton_20,citalopram_continuation,HAMILTON,CIT,SIR,35.11868942896734,0.5445776711823351,0.9879223134609054
1568,hamilton_20,citalopram_continuation,HAMILTON,CIT,SIR,38.65416489873732,1.225284014543602,0.91731481726131
1569,hamilton_20,citalopram_continuation,HAMILTON,CIT,SIR,57.12922533835192,3.3553660977045183,0.7979080682358566
1570,hamilton_20,citalopram_continuation,HAMILTON,CIT,SR,49.93135624560245,2.2316975441182865,0.3607365357380739
1571,hamilton_20,citalopram_continuation,HAMILTON,CIT,SR,,,
1572,hamilton_20,citalopram_continuation,HAMILTON,CIT,SR,60.33585058931584,5.243033810444449,0.7761329167814335
1573,hamilton_20,citalopram_continuation,HAMILTON,CIT,SR,64.7971599915555,5.411094050014483,0.798325977621921
1574,hamilton_20,citalopram_continuation,HAMILTON,CIT,SR,69.36495160435996,1.4271353359233103,0.8120455935787178
1575,hamilton_20,citalopram_continuation,HAMILTON,CIT,SR,66.903715030326,2.023972621248163,0.7149625102212933
1576,hamilton_20,citalopram_continuation,HAMILTON,CIT,SR,,,
1577,hamilton_20,citalopram_continuation,HAMILTON,CIT,SR,64.45094648957524,2.1727863388928905,0.3476335818975929
1578,hamilton_20,citalopram_continuation,HAMILTON,CIT,SIR,23.013642646675947,2.294662232468782,0.7320801749612249
1579,hamilton_20,citalopram_continuation,HAMILTON,CIT,SIR,55.04949727382308,0.617725693717305,0.836229455444961
1580,hamilton_20,citalopram_continuation,HAMILTON,CIT,SIR,27.289129637062928,0.5414042026226428,1.0596515066854169
1581,hamilton_20,citalopram_continuation,HAMILTON,CIT,SR,32.17279112269337,3.938330471760473,0.4110652487321905
1582,hamilton_20,citalopram_continuation,HAMILTON,CIT,SR,61.26485012319816,1.492122872693164,0.2391249429883369
1584,hamilton_20,citalopram_continuation,HAMILTON,CIT,SIR,47.58771830398689,1.3412982701147196,0.8628154858802252
1585,hamilton_20,citalopram_continuation,HAMILTON,CIT,SR,50.6172090666696,0.773054575205937,0.465188262706623
1586,hamilton_20,citalopram_continuation,HAMILTON,CIT,SIR,40.14326450980343,0.8483395167858111,1.2700446109783532
1587,hamilton_20,citalopram_continuation,HAMILTON,CIT,SIR,50.097557057499216,1.243821116070301,0.7298832210738342
1588,hamilton_20,citalopram_continuation,HAMILTON,CIT,SR,59.70789868665517,1.954005130268703,0.4516049649161791
1589,hamilton_20,citalopram_continuation,HAMILTON,CIT,SIR,52.86565101334429,1.05194898377108,0.9415305964942052
1590,hamilton_20,citalopram_continuation,HAMILTON,CIT,SR,60.6733152693667,1.362962422207155,0.2411230500549128
1592,hamilton_20,citalopram_continuation,HAMILTON,CIT,SIR,68.8997209846369,0.6530496271888606,1.1326396671457168
1593,hamilton_20,citalopram_continuation,HAMILTON,CIT,SR,70.90021452967528,1.0167755867339845,0.749539888205674
1594,hamilton_20,citalopram_continuation,HAMILTON,CIT,SIR,59.98911057436615,1.392070131292913,0.9029317914592596
1595,hamilton_20,citalopram_continuation,HAMILTON,CIT,SIR,57.49525324242859,0.8130363500942128,0.9694333264367168
1596,hamilton_20,citalopram_continuation,HAMILTON,CIT,SR,59.53682076192726,0.5544742025101503,0.6030424992314714
1597,hamilton_20,citalopram_continuation,HAMILTON,CIT,SR,38.65132743114663,,0.2925841619743303
1598,hamilton_20,citalopram_continuation,HAMILTON,CIT,SR,51.917566740300174,0.7404978336871872,0.3527946912952452
1599,hamilton_20,citalopram_continuation,HAMILTON,CIT,SR,,0.6506781475998269,0.5570011764553541
1600,hamilton_20,citalopram_continuation,HAMILTON,CIT,SIR,65.33316207288163,1.7964756414234555,0.9984908757973764
1601,hamilton_20,citalopram_continuation,HAMILTON,CIT,,,,
1602,hamilton_20,citalopram_continuation,HAMILTON,CIT,SR,60.405582922327824,5.0539640403029225,0.8251214291286273
1603,hamilton_20,citalopram_continuation,HAMILTON,CIT,SR,70.18755718957442,2.943794932763872,0.4263990849843705
1604,hamilton_20,citalopram_continuation,HAMILTON,CIT,SIR,54.76302491456602,2.5261402952713343,0.8621896042999141
1605,hamilton_20,citalopram_continuation,HAMILTON,CIT,SIR,64.73806767175148,1.6108587296931307,0.909054967737502
1606,hamilton_20,citalopram_continuation,HAMILTON,CIT,SIR,53.98634598264928,1.1463002754601694,0.9469900303001744
1608,hamilton_20,citalopram_continuation,HAMILTON,CIT,SR,,,0.6115508047964204
1609,hamilton_20,citalopram_continuation,HAMILTON,CIT,SR,55.46231557349989,2.82906074952154,0.2198551357024541
1610,hamilton_20,citalopram_continuation,HAMILTON,CIT,SIR,56.21720479302888,4.805728155845193,0.8730449480572695
1611,hamilton_20,citalopram_continuation,HAMILTON,CIT,SR,61.79707768776686,2.12184796117355,0.4876948843985294
2004,hamilton_25,citalopram_discontinuation,HAMILTON,DIS,SIR,42.55757219780818,,0.9767767597864112
2005,hamilton_25,citalopram_discontinuation,HAMILTON,DIS,SR,53.95818281415205,2.7492322475195854,0.4352259040431697
2006,hamilton_25,citalopram_discontinuation,HAMILTON,DIS,SIR,,,1.003977431008866
2009,hamilton_25,citalopram_discontinuation,HAMILTON,DIS,SR,63.98766828016366,2.1582492876289567,0.4873828814492273
2010,hamilton_25,citalopram_discontinuation,HAMILTON,DIS,SR,52.42593562749087,3.3341815895650866,0.4469309913909569
2014,hamilton_25,citalopram_discontinuation,HAMILTON,DIS,SR,56.92479565779957,1.8115355151230716,0.6446137566835717
2016,hamilton_25,citalopram_discontinuation,HAMILTON,DIS,FF,34.33354312763035,9.1894746840147,0.5187094355309023
2017,hamilton_25,citalopram_discontinuation,HAMILTON,DIS,SIR,34.18454256935843,2.335371460971767,0.6799540916229525
2018,hamilton_25,citalopram_discontinuation,HAMILTON,DIS,SIR,29.523466510744854,1.2784036798541814,0.7593614915404503
2019,hamilton_25,citalopram_discontinuation,HAMILTON,DIS,SIR,,,0.9338187421071444
2020,hamilton_25,citalopram_discontinuation,HAMILTON,DIS,FF,55.40471670229096,9.390781743046558,0.8572923156725281
2021,hamilton_25,citalopram_discontinuation,HAMILTON,DIS,SIR,,,1.213925790196814
2022,hamilton_25,citalopram_discontinuation,HAMILTON,DIS,FF,66.2434900525001,17.21129473558048,0.753928698266279
2023,hamilton_25,citalopram_discontinuation,HAMILTON,DIS,SIR,24.270296779317302,4.773168783253631,0.8012026060843699
2024,hamilton_25,citalopram_discontinuation,HAMILTON,DIS,SIR,,0.7334132554892627,1.0019477489612432
2026,hamilton_25,citalopram_discontinuation,HAMILTON,DIS,SIR,23.572010892244748,2.5240443627657547,0.905621939130564
2029,hamilton_25,citalopram_discontinuation,HAMILTON,DIS,SIR,,,1.023923494751444
2031,hamilton_25,citalopram_discontinuation,HAMILTON,DIS,SIR,32.80894644628529,3.235435205354648,0.7663215493747513
2034,hamilton_25,citalopram_discontinuation,HAMILTON,DIS,SIR,20.623310278662828,3.9825778900979647,0.8693047441946629
2035,hamilton_25,citalopram_discontinuation,HAMILTON,DIS,SIR,26.64393751276492,3.190356758358558,0.8265383271815494
2036,hamilton_25,citalopram_discontinuation,HAMILTON,DIS,SIR,23.0806229284795,5.358555984806884,0.7078652630339172
2037,hamilton_25,citalopram_discontinuation,HAMILTON,DIS,SR,59.31257001648018,4.157152130218574,0.3333219139415901
2038,hamilton_25,citalopram_discontinuation,HAMILTON,DIS,SR,55.44937811039898,2.8172930631109043,0.3599977619971869
2041,hamilton_26,citalopram_discontinuation,HAMILTON,DIS,SIR,16.492801518893742,2.6898246547591604,0.6971854851489645
2042,hamilton_26,citalopram_discontinuation,HAMILTON,DIS,,,,
2047,hamilton_26,citalopram_discontinuation,HAMILTON,DIS,SR,65.43961405477097,2.35337619961897,0.781029086466603
2048,hamilton_26,citalopram_discontinuation,HAMILTON,DIS,SR,49.029755551234445,5.19878940878024,0.6066420659810078
2049,hamilton_26,citalopram_discontinuation,HAMILTON,DIS,FF,56.976241079094535,11.115762987788145,0.678181764690418
2050,hamilton_26,citalopram_discontinuation,HAMILTON,DIS,SR,72.71099690970584,6.565172784395488,0.7832835915687788
2052,hamilton_26,citalopram_discontinuation,HAMILTON,DIS,SR,70.09758193816089,4.060918530091437,0.8176647563987895
2053,hamilton_26,citalopram_discontinuation,HAMILTON,DIS,SR,,5.270057148651634,0.2050845124769085
2055,hamilton_26,citalopram_discontinuation,HAMILTON,DIS,SR,71.49971229445805,1.7179867714922883,0.7658676268739824
2057,hamilton_26,citalopram_discontinuation,HAMILTON,DIS,SR,64.53313984298578,6.708840386031666,0.2728926725669229
2058,hamilton_26,citalopram_discontinuation,HAMILTON,DIS,SR,74.85853014523448,3.4216227550490474,0.7178953804808272
2059,hamilton_26,citalopram_discontinuation,HAMILTON,DIS,SR,56.30554305691686,4.648805381713357,0.591574711101231
2060,hamilton_26,citalopram_discontinuation,HAMILTON,DIS,SR,51.05906425712709,5.052011893214174,0.2856849047653403
2061,hamilton_26,citalopram_discontinuation,HAMILTON,DIS,SR,63.58598502509077,5.532684537620305,0.4114512969249624
2062,hamilton_26,citalopram_discontinuation,HAMILTON,DIS,SIR,31.56182978719187,4.81125850743816,0.666310812299969
2065,hamilton_26,citalopram_discontinuation,HAMILTON,DIS,SR,55.04238510600007,2.8715691568656307,0.4594206815336139
2066,hamilton_26,citalopram_discontinuation,HAMILTON,DIS,SR,70.9937258073555,2.663156876613765,0.5612144684105504
2067,hamilton_26,citalopram_discontinuation,HAMILTON,DIS,SIR,55.90232691931078,1.9325164083536015,0.7743529455321012
2069,hamilton_26,citalopram_discontinuation,HAMILTON,DIS,SIR,45.81840945268422,1.1786410699726708,0.8448783008236231
2071,hamilton_26,citalopram_discontinuation,HAMILTON,DIS,,,,
2072,hamilton_26,citalopram_discontinuation,HAMILTON,DIS,SIR,50.97041719680075,0.6759696527495321,1.0013400798176506
2073,hamilton_26,citalopram_discontinuation,HAMILTON,DIS,SIR,39.19995457950069,2.080277284649149,0.8235165907984237
2074,hamilton_26,citalopram_discontinuation,HAMILTON,DIS,SR,56.12420430183775,3.561373466550223,0.2168229809051705
2075,hamilton_26,citalopram_discontinuation,HAMILTON,DIS,SR,41.93945373515231,6.269119208847437,0.704142964168285
2076,hamilton_28,citalopram_discontinuation,HAMILTON,DIS,SR,62.00543986783663,3.6821566397874337,0.2256542671970558
2077,hamilton_28,citalopram_discontinuation,HAMILTON,DIS,FF,60.66822395839361,8.319502131113026,0.6147352908080679
2078,hamilton_28,citalopram_discontinuation,HAMILTON,DIS,SR,65.1844254318195,4.674029872341028,0.4927606260742427
2079,hamilton_28,citalopram_discontinuation,HAMILTON,DIS,SR,60.94565890575504,6.156526927719312,0.6305042344679628
2080,hamilton_28,citalopram_discontinuation,HAMILTON,DIS,SIR,,,0.9773134891221602
2081,hamilton_28,citalopram_discontinuation,HAMILTON,DIS,FF,48.25048636025903,7.81349107005539,0.6178845889540447
2082,hamilton_28,citalopram_discontinuation,HAMILTON,DIS,SR,46.13418796101158,6.760114399036842,0.6184470445975612
2083,hamilton_28,citalopram_discontinuation,HAMILTON,DIS,SIR,55.69155322912755,0.5843469391730287,1.0746840881823208
2084,hamilton_28,citalopram_discontinuation,HAMILTON,DIS,SIR,50.28605968791939,1.7202751883425746,0.934486610990411
2087,hamilton_28,citalopram_discontinuation,HAMILTON,DIS,SIR,53.43782866371882,2.078413939229488,0.910594474267389
2091,hamilton_28,citalopram_discontinuation,HAMILTON,DIS,SIR,50.898714354644966,0.7750693761895633,1.180052650920296
2099,hamilton_28,citalopram_discontinuation,HAMILTON,DIS,SIR,44.890450543298414,0.6853438544813454,0.8716619432466447
2101,hamilton_28,citalopram_discontinuation,HAMILTON,DIS,SIR,33.92820019021997,0.6441762288303132,0.8226911178960278
2102,hamilton_28,citalopram_discontinuation,HAMILTON,DIS,SR,67.38256012519787,3.833600221163726,0.7932587293233723
2103,hamilton_28,citalopram_discontinuation,HAMILTON,DIS,SIR,33.22767001113016,0.9076533964194792,0.7413694567176219
2104,hamilton_28,citalopram_discontinuation,HAMILTON,DIS,SIR,34.67921614853327,2.9307557345833017,0.8225071811702727
2105,hamilton_28,citalopram_discontinuation,HAMILTON,DIS,SR,,,
2106,hamilton_28,citalopram_discontinuation,HAMILTON,DIS,SIR,,0.5270471830206478,0.9794891443586046
2107,hamilton_28,citalopram_discontinuation,HAMILTON,DIS,SR,54.2125014414097,3.7689321979391113,0.2794903206980291
2108,hamilton_28,citalopram_discontinuation,HAMILTON,DIS,SIR,32.81782746629432,1.1464567903233935,0.8209667795459852
2111,hamilton_28,citalopram_discontinuation,HAMILTON,DIS,SIR,24.02419602155095,4.3703028582527885,0.6876309184963336
2112,hamilton_28,citalopram_discontinuation,HAMILTON,DIS,SIR,32.21274306023005,1.4985049007921645,0.817371810658312
2118,hamilton_28,citalopram_discontinuation,HAMILTON,DIS,SIR,46.768417138669946,,1.010757208373959
2119,hamilton_28,citalopram_discontinuation,HAMILTON,DIS,SR,82.47880223826513,,0.8414668474525389
2120,hamilton_28,citalopram_discontinuation,HAMILTON,DIS,SIR,52.62065918572157,0.5871977355358033,0.9249725338201414
2122,hamilton_28,citalopram_discontinuation,HAMILTON,DIS,SR,,,
2123,hamilton_28,citalopram_discontinuation,HAMILTON,DIS,SIR,57.413033810112296,,1.3308986139307213
2124,hamilton_28,citalopram_discontinuation,HAMILTON,DIS,FF,26.04401511550189,,
2125,hamilton_28,citalopram_discontinuation,HAMILTON,DIS,SIR,33.41497584463788,1.9140021436824024,0.8276022281431212
2126,hamilton_28,citalopram_discontinuation,HAMILTON,DIS,SR,51.85281153587155,4.716744442771855,0.6702205194581803
2127,hamilton_28,citalopram_discontinuation,HAMILTON,DIS,SIR,35.92117726326764,0.8013187417006294,0.9380523782042745
2128,hamilton_28,citalopram_discontinuation,HAMILTON,DIS,SIR,36.78976700053471,2.5955322453016643,0.6835122348089959
2130,hamilton_28,citalopram_discontinuation,HAMILTON,DIS,SR,38.7998882353005,4.3813232206306285,0.5028300914214332
2134,hamilton_29,citalopram_discontinuation,HAMILTON,DIS,SIR,,1.4136596482980353,0.9593491918790262
2135,hamilton_29,citalopram_discontinuation,HAMILTON,DIS,SR,50.87803103334471,4.440948100713901,0.3661418541249038
2136,hamilton_29,citalopram_discontinuation,HAMILTON,DIS,SIR,25.89430419945039,0.5401059789084285,0.9721294347026136
2137,hamilton_29,citalopram_discontinuation,HAMILTON,DIS,SR,70.18954239502568,2.276991728029812,0.6404260700167252
2138,hamilton_29,citalopram_discontinuation,HAMILTON,DIS,SIR,58.97728706076808,2.135183440808525,0.8138452419350997
2139,hamilton_29,citalopram_discontinuation,HAMILTON,DIS,SIR,45.020205833417634,0.9230740058563248,0.9512994321542596
2144,hamilton_29,citalopram_discontinuation,HAMILTON,DIS,SIR,37.93012216786266,1.9976110038720596,0.8495125181880279
2147,hamilton_29,citalopram_discontinuation,HAMILTON,DIS,SR,63.60394403902677,3.0272711772641268,0.7802701622377051
2152,hamilton_29,citalopram_discontinuation,HAMILTON,DIS,SIR,46.66988643338112,2.2265373277423315,0.8047856674425442
2155,hamilton_29,citalopram_discontinuation,HAMILTON,DIS,SIR,39.66557538653194,3.911306032547047,0.8189453361830765
2156,hamilton_29,citalopram_discontinuation,HAMILTON,DIS,SIR,49.79741425027217,,0.8852494364412413
2162,hamilton_29,citalopram_discontinuation,HAMILTON,DIS,SR,83.31178468896326,3.3621969016817115,0.272691837150517
2165,hamilton_29,citalopram_discontinuation,HAMILTON,DIS,SIR,32.53910399033316,2.1845278954008154,0.9107649376359396
2166,hamilton_29,citalopram_discontinuation,HAMILTON,DIS,SIR,22.52726388308477,0.5900368620259109,0.8215805824942763
2170,hamilton_29,citalopram_discontinuation,HAMILTON,DIS,SIR,,0.9505917833717992,0.999133432871674
2172,hamilton_29,citalopram_discontinuation,HAMILTON,DIS,SR,89.60805863123426,,0.9895927195762632
2173,hamilton_29,citalopram_discontinuation,HAMILTON,DIS,SIR,33.39201043666583,0.6307926817401951,0.9679159405727716
2174,hamilton_29,citalopram_discontinuation,HAMILTON,DIS,SIR,35.782125101419865,0.7442161117447244,0.9526000075962328
2176,hamilton_29,citalopram_discontinuation,HAMILTON,DIS,SR,66.8438872739408,3.2145232339319123,0.4504967684358749
2177,hamilton_29,citalopram_discontinuation,HAMILTON,DIS,SIR,55.14214442077056,3.189186374061864,0.7789531197751722
2178,hamilton_29,citalopram_discontinuation,HAMILTON,DIS,SIR,20.905271290975435,1.666436134101121,0.9223287500476944
2180,hamilton_29,citalopram_discontinuation,HAMILTON,DIS,SR,,1.7392015834934835,0.7564671019312645
2181,hamilton_29,citalopram_discontinuation,HAMILTON,DIS,SIR,51.6836361767412,0.680207254213768,0.9472430557806476
2182,hamilton_29,citalopram_discontinuation,HAMILTON,DIS,SR,50.08876587163553,,
2183,hamilton_29,citalopram_discontinuation,HAMILTON,DIS,FF,25.80150690658621,6.657413075478309,0.460639062255315
2184,hamilton_29,citalopram_discontinuation,HAMILTON,DIS,SIR,35.51204454604637,4.423717135818784,0.7734954467323579
2185,hamilton_29,citalopram_discontinuation,HAMILTON,DIS,SIR,40.56387780453784,2.155379995068282,0.8630919411153477
2186,hamilton_29,citalopram_discontinuation,HAMILTON,DIS,SR,56.10192810492944,3.559221201215167,0.5153658412423836
2187,hamilton_29,citalopram_discontinuation,HAMILTON,DIS,SIR,46.787616314970506,0.7744768352856146,0.9551982318847728
2188,hamilton_29,citalopram_discontinuation,HAMILTON,DIS,SIR,56.01211698111965,1.1051279958164606,0.7426299366278681
2189,hamilton_29,citalopram_discontinuation,HAMILTON,DIS,SIR,43.40429194939483,1.5453829347156771,0.9109220958217918
2190,hamilton_29,citalopram_discontinuation,HAMILTON,DIS,SR,84.34994467132688,,1.043101202117206
2191,hamilton_29,citalopram_discontinuation,HAMILTON,DIS,SR,60.40209363704864,4.820977831504619,0.5191072021032133
2192,hamilton_29,citalopram_discontinuation,HAMILTON,DIS,SIR,26.426375019899865,2.9582664769926845,0.818752086230181
2193,hamilton_30,citalopram_discontinuation,HAMILTON,DIS,SIR,42.35843083557157,1.3307882114326368,0.7571300812262589
2194,hamilton_30,citalopram_discontinuation,HAMILTON,DIS,SIR,,,0.979384923967132
2195,hamilton_30,citalopram_discontinuation,HAMILTON,DIS,SIR,,0.5094465245880835,1.0275004475713407
2198,hamilton_30,citalopram_discontinuation,HAMILTON,DIS,SIR,38.17600547865209,0.8997570467412306,0.9455254139576056
2200,hamilton_30,citalopram_discontinuation,HAMILTON,DIS,SIR,29.89440987672097,0.747609434476623,1.0571439955018185
2202,hamilton_30,citalopram_discontinuation,HAMILTON,DIS,SR,81.30731041159314,4.480737083246753,0.3591545039027036
2208,hamilton_30,citalopram_discontinuation,HAMILTON,DIS,SIR,59.39042761782164,2.5819000370812297,0.7766470787160267
2211,hamilton_30,citalopram_discontinuation,HAMILTON,DIS,SIR,47.98674725770312,2.115680450001852,0.8781770459242438
2212,hamilton_30,citalopram_discontinuation,HAMILTON,DIS,SR,63.39174927642321,1.9311397002367492,0.6988500586956914
2213,hamilton_30,citalopram_discontinuation,HAMILTON,DIS,SR,47.00779663762,4.465792199650279,0.4784545443518522
2214,hamilton_30,citalopram_discontinuation,HAMILTON,DIS,SR,53.11085956721036,2.8962816679571834,0.6936776316593349
2217,hamilton_30,citalopram_discontinuation,HAMILTON,DIS,SIR,54.35180127832714,2.1652057604435253,0.7873329444370822
2220,hamilton_30,citalopram_discontinuation,HAMILTON,DIS,SR,85.46637694859714,1.4383963711884378,0.7896843244099438
2222,hamilton_30,citalopram_discontinuation,HAMILTON,DIS,SR,81.84476242138581,1.6237800899193804,0.4201237298667034
2225,hamilton_30,citalopram_discontinuation,HAMILTON,DIS,SR,69.89547093140999,2.346965907649407,0.7661631138460954
2233,hamilton_30,citalopram_discontinuation,HAMILTON,DIS,SIR,41.46835495268897,2.937658641616653,0.7139480674235856
2235,hamilton_30,citalopram_discontinuation,HAMILTON,DIS,SIR,36.20114029770828,2.0010110292159875,0.8969571332741337
2236,hamilton_30,citalopram_discontinuation,HAMILTON,DIS,SIR,47.18612027430412,1.1574001566261496,0.9233310634345157
2237,hamilton_30,citalopram_discontinuation,HAMILTON,DIS,SIR,29.96874394201896,,0.9549154546498332
2239,hamilton_30,citalopram_discontinuation,HAMILTON,DIS,SIR,,,0.9047746143059924
2241,hamilton_30,citalopram_discontinuation,HAMILTON,DIS,SIR,42.81370152171935,2.5525428359829383,0.6636386903310624
2242,hamilton_30,citalopram_discontinuation,HAMILTON,DIS,SIR,26.193576669034968,3.731675044683625,0.5463146111727266
2243,hamilton_30,citalopram_discontinuation,HAMILTON,DIS,SR,56.03544410911789,1.977759169016611,0.695514201114712
2244,hamilton_30,citalopram_discontinuation,HAMILTON,DIS,SIR,32.32476850184122,0.8385474208419454,0.9495172439248644
2246,hamilton_30,citalopram_discontinuation,HAMILTON,DIS,SR,42.339617316744096,4.440637303852572,0.5903241933404475
2247,hamilton_30,citalopram_discontinuation,HAMILTON,DIS,SIR,32.011757214969094,0.9897296515390284,0.7916655495942588
2248,hamilton_30,citalopram_discontinuation,HAMILTON,DIS,SIR,31.370359777068188,2.4670055939005726,0.740664326214941
2249,hamilton_30,citalopram_discontinuation,HAMILTON,DIS,SR,53.52536242773249,3.804574038259928,0.5994101284990765
2250,hamilton_30,citalopram_discontinuation,HAMILTON,DIS,SIR,43.16282240465853,2.1528368892696905,0.8361696971129036
2251,hamilton_30,citalopram_discontinuation,HAMILTON,DIS,SIR,48.60654629002053,2.509583335216513,0.8403416782894934
2252,hamilton_30,citalopram_discontinuation,HAMILTON,DIS,SR,61.14117959273463,2.1681806015201968,0.7679718893419308
2253,hamilton_30,citalopram_discontinuation,HAMILTON,DIS,SIR,,0.8051547798237115,0.91677129611398
2254,hamilton_30,citalopram_discontinuation,HAMILTON,DIS,SIR,,2.461887232475417,0.7625015099260775
2257,hamilton_30,citalopram_discontinuation,HAMILTON,DIS,SIR,38.87523286081012,,0.9105282156834456
2260,hamilton_30,citalopram_discontinuation,HAMILTON,DIS,FF,24.42534002912842,6.285949547154424,0.5436621156643047
2266,hamilton_30,citalopram_discontinuation,HAMILTON,DIS,SIR,39.487775484366125,2.0696120643032563,0.9313797473264038
2270,hamilton_30,citalopram_discontinuation,HAMILTON,DIS,SIR,31.593790136718056,0.8161435444491865,0.9295943152488756
2271,hamilton_30,citalopram_discontinuation,HAMILTON,DIS,SIR,38.48480917011915,3.364298150843516,0.5836619403476461
2276,hamilton_30,citalopram_discontinuation,HAMILTON,DIS,SIR,34.67607133784509,,1.0359796021794674
2278,hamilton_30,citalopram_discontinuation,HAMILTON,DIS,SIR,32.09377208961689,3.1591048547597937,0.6781880893466139
2279,hamilton_30,citalopram_discontinuation,HAMILTON,DIS,SR,34.33808696132229,6.487539216316938,0.5615548291375015
2280,hamilton_30,citalopram_discontinuation,HAMILTON,DIS,SR,54.22572549638545,2.850101509551901,0.494572199710689
2281,hamilton_30,citalopram_discontinuation,HAMILTON,DIS,SIR,36.19860041136232,0.528867597405009,0.989046444325518
2282,hamilton_30,citalopram_discontinuation,HAMILTON,DIS,SR,48.41468255574122,5.04901706667122,0.4244339508933255
2283,hamilton_30,citalopram_discontinuation,HAMILTON,DIS,SR,66.86591834147208,2.9832463309069404,0.4791034581509528
2284,hamilton_30,citalopram_discontinuation,HAMILTON,DIS,SIR,22.07063849571824,2.850785731968533,0.8487779844506879
2285,hamilton_30,citalopram_discontinuation,HAMILTON,DIS,SR,56.64367857564841,4.203102898683923,0.2904960574907779
2286,hamilton_30,citalopram_discontinuation,HAMILTON,DIS,SR,,2.667145396322004,0.2590372438217359
2287,hamilton_30,citalopram_discontinuation,HAMILTON,DIS,SR,77.72313959657444,1.894032878114963,0.6684378810912288
2369,chronic_08,chronic_citalopram,CITWAY,CIT,SIR,31.593920404588573,3.235952834676088,0.6300216618831548
2370,chronic_08,chronic_citalopram,CITWAY,CIT,SIR,27.121062513381773,3.654259383958174,0.4570051099643328
2371,chronic_08,chronic_citalopram,CITWAY,CIT,SIR,38.9495845094727,1.1658531453313954,0.7134076938315392
2372,chronic_08,chronic_citalopram,CITWAY,CIT,SIR,,2.951484538850816,0.8109763565291279
2373,chronic_08,chronic_citalopram,CITWAY,CIT,FF,,8.70826069785744,0.3447355326124991
2374,chronic_08,chronic_citalopram,CITWAY,CIT,SIR,28.345969529116644,0.6774453567616723,0.7577157076571771
2375,chronic_08,chronic_citalopram,CITWAY,CIT,SIR,,2.5631824473266027,0.7796948311391398
2376,chronic_08,chronic_citalopram,CITWAY,CIT,SR,21.445489236169863,4.405648526252536,0.3451531576879159
2377,chronic_08,chronic_citalopram,CITWAY,CIT,SR,,2.3043188019806733,0.6397507182708682
2378,chronic_08,chronic_citalopram,CITWAY,CIT,SIR,49.6375837576208,,
2380,chronic_08,chronic_citalopram,CITWAY,CIT,SR,,6.256157966890344,0.5368559928001866
2381,chronic_08,chronic_citalopram,CITWAY,CIT,SIR,24.69981504143003,4.133978265083766,0.6292593586086078
2386,chronic_08,chronic_citalopram,CITWAY,CIT,SIR,24.52582931325304,2.7593612518701827,0.8604513535088529
2387,chronic_08,chronic_citalopram,CITWAY,CIT,FF,32.04339286445287,15.17753657458939,0.4696140108274146
2388,chronic_08,chronic_citalopram,CITWAY,CIT,SIR,44.673101043341376,0.5798769592505912,1.074033569682784
2389,chronic_08,chronic_citalopram,CITWAY,CIT,SR,45.664172709193394,3.2118028574684803,0.3717747294524677
2390,chronic_08,chronic_citalopram,CITWAY,CIT,SIR,39.02653124953902,1.469557549616798,1.17460078571301
2391,chronic_08,chronic_citalopram,CITWAY,CIT,SIR,16.967839966009436,0.5165283327268889,1.0090601926799068
2392,chronic_08,chronic_citalopram,CITWAY,CIT,SR,24.30215977716988,5.313110671684994,0.2164931764578549
2393,chronic_08,chronic_citalopram,CITWAY,CIT,SIR,22.451158009438046,0.8573132461430326,1.244637536972657
2395,chronic_08,chronic_citalopram,CITWAY,CIT,FF,31.86816878066915,14.002232780141934,0.4056940934329796
2396,chronic_08,chronic_citalopram,CITWAY,CIT,FF,,6.745884344991148,0.1468359722784731
2397,chronic_08,chronic_citalopram,CITWAY,CIT,SIR,29.41914094070694,0.974054465629966,1.3485761939116203
2398,chronic_08,chronic_citalopram,CITWAY,CIT,SIR,,0.8873344557981069,0.946704050201691
2399,chronic_08,chronic_citalopram,CITWAY,CIT,SIR,25.4642352838564,0.5455661385283299,0.9632727588162532
2401,chronic_08,chronic_citalopram,CITWAY,CIT,SIR,37.80707961703712,,1.0935241131294808
2402,chronic_08,chronic_citalopram,CITWAY,CIT,SIR,24.29845835105576,1.3974271037973949,1.2699526011872084
2404,chronic_08,chronic_citalopram,CITWAY,CIT,SIR,27.89148810800434,,0.9018317774674306
2510,chronic_09,chronic_saline_,CITWAY,SAL,SR,,6.399122403506469,0.4521027970004458
2512,chronic_09,chronic_saline_,CITWAY,SAL,SR,,4.017058516194898,0.6902451401324184
2513,chronic_09,chronic_saline_,CITWAY,SAL,SIR,,0.9418109791951104,1.044661612317043
2514,chronic_09,chronic_saline_,CITWAY,SAL,SIR,,,1.985513921329961
2515,chronic_09,chronic_saline_,CITWAY,SAL,FF,,23.578652509588807,0.3556792035987157
2516,chronic_09,chronic_saline_,CITWAY,SAL,SIR,24.365650079057417,0.5177414818615085,0.8320924333540243
2517,chronic_09,chronic_saline_,CITWAY,SAL,SIR,23.553053371835745,5.006187341455124,0.7667581193054323
2518,chronic_09,chronic_saline_,CITWAY,SAL,FF,49.63468452825032,23.53901907295117,0.329297556584455
2520,chronic_09,chronic_saline_,CITWAY,SAL,SIR,,,1.8354575132138888
2521,chronic_09,chronic_saline_,CITWAY,SAL,SR,,,
2635,chronic_01,chronic_citalopram,CITWAY,CIT,SIR,,2.0973675138543064,0.9058038524304522
2636,chronic_01,chronic_citalopram,CITWAY,CIT,FF,21.534443081959974,10.374884579224364,0.3659799244060285
2637,chronic_01,chronic_citalopram,CITWAY,CIT,SIR,65.60361310569951,1.2685730409027527,0.9461293404024236
2640,chronic_01,chronic_citalopram,CITWAY,CIT,SR,30.180870301346744,4.682520610951035,0.3556564940239853
2641,chronic_01,chronic_citalopram,CITWAY,CIT,FF,20.32823916340436,15.123615111601444,0.6843139557016968
2642,chronic_01,chronic_citalopram,CITWAY,CIT,SR,,,0.2165418792546318
2643,chronic_01,chronic_citalopram,CITWAY,CIT,FF,34.89117259089495,10.54244162324162,0.2572719762042841
2644,chronic_01,chronic_citalopram,CITWAY,CIT,FF,,10.450303326784564,0.4574821076453869
2645,chronic_01,chronic_citalopram,CITWAY,CIT,SIR,28.221113583061523,5.515826502502282,0.5350803286506025
2646,chronic_01,chronic_citalopram,CITWAY,CIT,FF,27.21363534239866,20.88025756141508,0.2031434639959932
2648,chronic_01,chronic_citalopram,CITWAY,CIT,SIR,27.949180072882328,1.104523903472452,1.2439386526240268
2652,chronic_01,chronic_citalopram,CITWAY,CIT,SR,,3.486305940215475,0.49703453022786
2653,chronic_01,chronic_citalopram,CITWAY,CIT,FF,,14.422225111861398,0.6562325752603919
2655,chronic_01,chronic_citalopram,CITWAY,CIT,SR,,5.152464210259683,0.5744340243358825
2657,chronic_01,chronic_citalopram,CITWAY,CIT,SIR,27.92107630915288,0.5741546614208375,1.0798634611423383
2658,chronic_01,chronic_citalopram,CITWAY,CIT,SR,37.67794737608726,6.091387038815476,0.3326161926329969
2659,chronic_01,chronic_citalopram,CITWAY,CIT,SIR,37.815469130194245,0.5236604283917312,1.0857169011410093
2660,chronic_01,chronic_citalopram,CITWAY,CIT,FF,,,0.1652034549835524
2662,chronic_01,chronic_citalopram,CITWAY,CIT,SIR,8.667198783156778,2.0761050861055725,0.8988773419019207
