neuron_id,cv_isi,cv_isi_burst,frac_bursts,is_burst,mean_firing_rate,median_burst_interval
1069,1.0114270954626403,0.9354405859667603,0.034108527131782945,0.0,1.7629485171769241,0.010824999999954343
1070,1.0058660620109345,0.8295703560641289,0.14232409381663114,1.0,5.95043769121596,0.009800000000019793
1071,0.7445345882824236,0.6503707485630601,0.06749057394218684,0.0,9.444791697576658,0.01039166666669189
1072,0.9732903321562899,0.7665325175493309,0.12363636363636364,1.0,9.497278748985691,0.009749999999939973
1074,0.7961804673929838,0.744523670104607,0.028577260665441927,0.0,3.230634058500055,0.011266666666642777
1075,0.7544723058071743,0.6653431521743454,0.0400410019860337,0.0,4.8313306829345235,0.010233333333331984
1076,0.8439599084218297,0.820416237882713,0.014998314796090328,0.0,2.0931717249711914,0.01084166666657893
1077,,,0.0,0.0,,
1078,0.877958365012351,0.8040454211736818,0.03297101449275362,0.0,2.7366199640558277,0.00958333333338146
1079,0.8228221847284324,0.715278923297411,0.037009260466936214,0.0,3.824250702115576,0.00911666666667088
1080,,,0.0,0.0,,
1081,0.5460989682037115,0.5124268275629028,0.0,0.0,6.055029733916969,0.012200000000007094
1082,0.9322747009013232,0.8528711736647018,0.04813484708063022,0.0,3.460131082673331,0.009416666666652418
1084,0.8802449044171969,0.8364701003986172,0.018867924528301886,0.0,1.8214534718277735,0.012216666666667209
1085,0.5657885526696022,0.5657885526696022,0.0,0.0,1.396951583958944,
1086,1.0661783634425026,1.000887620420174,0.02048494983277592,0.0,1.5070894002069783,0.010016666666672336
1087,1.0608424138144155,1.0506205936317914,0.0,0.0,0.9527011111320611,0.012900000000058753
1088,0.9372310105409702,0.9372310105409702,0.0,0.0,0.9403138765610186,
1089,1.0651930518962913,0.3935459091072775,0.0,0.0,0.4799965091162998,0.013099999999894862
1093,0.7804893799074485,0.779020150824688,0.0,0.0,2.2416128020246147,0.009833333333517658
1094,0.9066602489991983,0.8746362898388502,0.0,0.0,0.968057557936516,0.005400000000008731
1095,0.8155416343312218,0.8155416343312218,0.0,0.0,1.7599548644940937,
1096,1.3844276035700966,1.3844276035700966,0.0,0.0,0.2722988195924916,0.006366666666622223
1098,0.881525620191957,0.8660313920210936,0.0,0.0,0.9288512818792743,0.0077666666666118545
1099,1.0777487262280856,1.0024374337852027,0.0,0.0,1.0700146235331907,0.009116666666614037
1100,0.5389844042423905,0.5389844042423905,0.0,0.0,1.9721776648327418,0.004866666666657693
1102,0.9577985853380804,0.9577985853380804,0.0,0.0,1.0604405503344354,
1103,,,0.0,0.0,,
1104,,,0.0,0.0,,
1105,0.9762209202846932,0.9568026782270933,0.0,0.0,1.0843138341578076,0.01313333333337141
1106,0.3918257257979971,0.3918257257979971,0.0,0.0,0.9171511056860628,
1107,0.4342982505339321,0.423017663587326,0.0,0.0,1.848889889225928,0.004516666666631863
1108,,,0.0,0.0,,
1109,,,0.0,0.0,,
1110,0.9338144009802378,0.9338144009802378,0.0,0.0,0.6848462208940302,0.013633333333473274
1111,0.48249559810485204,0.4718301139174745,0.0,0.0,1.5571596054744319,0.007049999999992451
1114,0.8541410043369428,0.5843545447850504,0.14035567715458275,1.0,12.608173992061706,0.009866666666709989
1116,0.9873871481698262,0.791083946734529,0.15322829780661107,1.0,7.777172280364164,0.00960000000003447
1118,1.0402739178080895,0.9835210267455987,0.0,0.0,0.4369184433469702,0.010250000000000092
1119,0.9408063154890008,0.8910314933995589,0.0,0.0,0.7655154095692207,0.011749999999977945
1121,0.9274819917726047,0.8449304671262783,0.051151229722658294,0.0,3.179586384512855,0.00923333333332721
1123,0.8778966130767403,0.6872998912098607,0.10279940674823879,1.0,7.287191865198807,0.008900000000068076
1124,0.8868314305570941,0.8142345716633288,0.05862772468592291,0.0,2.8636397797366375,0.009933333333265182
1127,0.3563713567521691,0.3563713567521691,0.0,0.0,3.4603471097702587,0.006333333333344626
1128,0.9505329785964538,0.9190489639843467,0.0,0.0,0.30677549132672566,0.006499999999959982
1129,0.3487626041568439,0.3487626041568439,0.0,0.0,3.7808483577985363,
1131,1.0150176967498794,0.9845319574642688,0.024127906976744187,0.0,1.1706429208235951,0.009266666666690071
1133,1.19319593723987,1.19319593723987,0.0,0.0,0.29058921461276926,0.011533333333332507
1134,0.9249498737790035,0.9249498737790035,0.0,0.0,0.47725448510748975,0.0069333333333361225
1136,0.986120468926007,0.9043040806472759,0.023558758314855877,0.0,1.0458404227444447,0.010199999999940701
1137,1.0939076209186362,1.0246649762272146,0.0,0.0,0.6782395756362073,0.010800000000017462
1138,1.0226525407142044,0.9343065784664544,0.038926681783824635,0.0,1.6995663139964237,0.009933333333322025
1139,0.9704740822265615,0.9169156065020856,0.02128623188405797,0.0,1.4521679114118555,0.008650000000059777
1140,1.0543363617769748,1.03633601929225,0.0,0.0,0.5300860653625594,0.00894166666671481
1141,1.0173948696619346,0.9544089508674842,0.0,0.0,0.7752425219786707,0.0074083333333305745
1142,0.5838094469931332,0.5831017549192556,0.0,0.0,1.2738484852618297,0.00351666666665551
1143,0.6524547456176357,0.5023788542120055,0.058663819402074435,0.0,3.8688846767143943,0.005566666666709352
1144,0.38974156574330826,0.3390732015421717,0.04667614752558124,0.0,23.076401122805343,0.016358333333357677
1145,0.939763959204535,0.7960575082949276,0.1,1.0,6.081507456995828,0.0093833333333464
1146,0.5176757457564816,0.4631122292641947,0.04438626921923851,0.0,19.627924795257673,0.010600000000067666
1148,0.5974812097959497,0.5258957444942846,0.041237113402061855,0.0,3.8836732053865446,0.012266666666675974
1149,0.554446803928065,0.4556841984505746,0.07891096496440976,0.0,19.77863233230748,0.009558333333359315
1150,0.8056302857064508,0.6187529693142797,0.08935439058273013,0.0,8.026996458636985,0.010291666666617516
1151,0.2808533746566031,0.27995480540278217,0.0,0.0,3.4812666955417084,0.007300000000014961
1152,0.4486238096562046,0.44479112507070206,0.0,0.0,1.992884319175986,0.0072000000000116415
1153,0.9526612332126534,0.8647004108207773,0.042388059701492536,0.0,2.509928135004574,0.009083333333343546
1154,0.44074826600520634,0.4188644251129974,0.0,0.0,2.5241340905115437,0.011666666666769743
1156,,,0.0,0.0,,
1157,1.0497186485094663,0.8606322854106627,0.0,0.0,3.9880682790575435,0.011033333333216433
1158,,,0.0,0.0,,
1159,1.3229204691579994,1.2930430142396803,0.0,0.0,0.5204135619512915,0.006033333333334667
1165,1.282974513126661,1.282974513126661,0.0,0.0,0.23299868362613993,
1166,0.5415511867601162,0.5415511867601162,0.0,0.0,3.1188096456486702,0.015316666666706169
1167,1.016625572948879,0.9994753732435345,0.0,0.0,0.9034678666429643,0.00866666666661331
1168,0.9849969038207179,0.8985968156355935,0.018187830687830687,0.0,1.439994498585325,0.012066666666555648
1170,1.1445190969014145,1.140578466873889,0.0,0.0,0.5712421470072631,0.015533333333337396
1171,0.9168112119200791,0.9168112119200791,0.0,0.0,0.4245023904263764,
1172,0.8941015543275004,0.8672682005598693,0.0,0.0,0.40036452236512454,0.0034500000000008413
1173,0.4607488080030798,0.4607488080030798,0.0,0.0,1.2498859224760999,
1174,1.0552048781721997,1.0552048781721997,0.0,0.0,0.3994461014060501,0.0067333333333863266
1175,0.6629528884685508,0.6493859527599115,0.007207674358309567,0.0,4.134854505723071,0.010183333333344535
1176,0.676279145310249,0.6662812149771495,0.0,0.0,1.0115403116937922,0.013799999999946522
1177,0.7338249095817397,0.7338249095817397,0.0,0.0,4.605111673958015,0.006399999999985084
1178,0.5067558319825192,0.4907253616690885,0.0,0.0,5.222082210165214,0.00822499999998172
1179,0.5918906166773386,0.5728245916203754,0.0,0.0,4.828741743913492,0.014250000000004093
1180,0.8945421086190541,0.8932141416534494,0.0,0.0,0.8494004485003868,0.014891666666642323
1181,1.3090215741487061,1.204952382839537,0.36363636363636365,1.0,0.9781061677644991,0.0077166666666244055
1182,0.6291574887912098,0.6021986628267928,0.0,0.0,1.7102898668490858,0.012133333333395058
1183,0.466007699498176,0.466007699498176,0.0,0.0,1.6988434621550828,0.0009666666667271784
1184,0.5498951751579649,0.5227455584888125,0.0,0.0,2.293048905976166,0.006733333333315272
1185,1.8235942096269202,1.276428214080202,0.5,1.0,8.74360675519531,0.00033333333334439885
1186,1.0271514195010902,0.837354838132038,0.14829282407407407,1.0,5.233572557161805,0.010216666666622132
1187,1.1002907507228599,1.0804186642338964,0.0,0.0,0.7490789733532198,0.009833333333332916
1188,0.928561942575217,0.8497452335129727,0.0,0.0,1.3928962292309193,0.0022166666666407764
1189,0.9359613543300136,0.8873991852105776,0.0,0.0,1.1612838768832439,0.01001666666672918
1190,0.87997031116574,0.8666102264019238,0.0,0.0,1.0809331717550605,0.01023333333341725
1191,0.9464549723765732,0.8847581874765257,0.020454545454545454,0.0,1.7507757069898173,0.00896666666665169
1192,1.000131381926481,0.9190434378739138,0.03774928774928775,0.0,1.9124149039435887,0.010500000000092768
1193,0.9386488994492999,0.8000404262684733,0.06777493606138107,0.0,5.49824933999593,0.009925000000023942
1194,0.9119738850401156,0.8818157403958918,0.0,0.0,0.8764523250319114,0.010041666666722904
1195,0.9408153085257678,0.9408153085257678,0.0,0.0,1.0818900619382066,0.00551666666666506
1196,0.9758748838346983,0.8310853672228464,0.09950495049504951,0.5,4.083093365098938,0.009133333333465998
1197,1.0711694883820617,0.9061427974464185,0.11803405572755418,1.0,2.9308155364046726,0.009583333333353039
1198,0.9381696709947633,0.8681296300319499,0.0,0.0,0.9638476799383122,0.00896666666665169
1199,0.7756146215329913,0.6693343691234281,0.0,0.0,2.010791246355399,0.004133333333356859
1200,0.9865709189735242,0.9357492978598692,0.0,0.0,1.0853453974243445,0.009900000000016007
1201,0.8157878049686345,0.8038206350053267,0.0,0.0,1.3711932858341713,0.010741666666660876
1202,0.7484213158445221,0.7368905283880562,0.0,0.0,2.9114441448003894,0.009166666666715173
1203,1.0513616044595453,1.0505701499760063,0.0,0.0,0.5477351152982467,0.0072000000000116415
1204,0.9070462213293461,0.731051573939264,0.08641370455466954,0.0,6.182839865654531,0.009524999999996453
1205,0.8374312274716883,0.7273400891844625,0.03891580860084797,0.0,4.268312456893271,0.010783333333336032
1208,0.9307785783754751,0.9005982047248741,0.0,0.0,0.9268909773879741,0.008900000000039654
1209,0.8981119355982415,0.8770578858572531,0.0,0.0,1.0035015046582065,0.011566666666567471
1210,0.9263640939161093,0.8769432855186612,0.02105496453900709,0.0,1.4337008204042003,0.010300000000029286
1211,0.9765410181790691,0.8162582822338726,0.107981220657277,1.0,4.65431314041569,0.010066666666688207
1212,1.0478574706328168,1.0026027523813779,0.0,0.0,0.7190160265676421,0.01089999999999236
1213,,,0.0,0.0,,
1214,1.0596176903265095,0.8673242401802745,0.11010101010101009,1.0,2.4292100757365027,0.010066666666602941
1215,0.8844669172766877,0.8158932803746013,0.0353461738677772,0.0,3.2699369499517914,0.010799999999992593
1216,0.990268410317988,0.9565618601021739,0.0,0.0,0.8859008873773885,0.011283333333324208
1218,1.9994274057908281,,0.0,0.0,,0.0001333333332240727
1219,0.3787705321807965,0.36069304308273864,0.009302526825891312,0.0,3.566017550713523,0.011058333333352266
1220,1.0632510633463177,1.004390538106501,0.12280701754385964,1.0,2.0762095057086345,0.010533333333313522
1221,0.6044048563121331,0.5342345577839123,0.032539682539682535,0.0,4.941180699395129,0.010400000000004184
1222,0.6547607089797125,0.6161597073028487,0.008928571428571428,0.0,3.8015199215444078,0.011433333333300766
1223,0.5887262972904974,0.5268391020329324,0.030037970074726493,0.0,14.427142538878353,0.015016666666667788
1224,0.8308063345440999,0.817951639775453,0.0,0.0,0.9781492329679763,0.011000000000194632
1226,0.8025920511572887,0.7241933317401767,0.0313962078305836,0.0,2.426553154260838,0.010383333333322753
1227,0.9693325993389823,0.7487507764625377,0.1404617537313433,1.0,9.69053339613077,0.00973333333337223
1229,0.7416650931784268,0.6523139142361681,0.06946818136121444,0.0,9.994422441783634,0.014683333333351811
1230,0.9320139422524583,0.7375452684147854,0.1774628879892038,1.0,11.354877575645759,0.00986666666673841
1231,0.9664776456186677,0.7535098264179181,0.1567251461988304,1.0,7.698606875720682,0.00945000000001528
1232,0.9152122096404351,0.7745922734344823,0.06294014084507042,0.0,4.7240733591158275,0.009575000000012324
1233,0.5898334491172872,0.5745454321775355,0.008127138720715977,0.0,2.6627063209647095,0.01089999999999236
1234,0.7324880648293819,0.7197337604646522,0.0,0.0,5.122129980335056,0.016266666666524543
1235,0.9578688918276004,0.8750635006789756,0.025122549019607844,0.0,2.227181524882945,0.009699999999988052
1236,0.6203571674860552,0.5952623347178643,0.004415308975224139,0.0,3.9744917829614756,0.010574999999960255
1237,1.0001132003277706,0.8203447859051373,0.1323897621365976,1.0,6.21265453272663,0.009666666666689139
1238,0.583794848028045,0.5568701736904664,0.020225572697522204,0.0,9.645634477983858,0.015699999999995384
1239,1.0835337681627732,0.9931337222416184,0.03812636165577342,0.0,1.235436926383284,0.008000000000038199
1240,0.9965153512278924,0.9203608746247225,0.05757575757575757,0.0,2.8373253716275366,0.01016666666657784
1241,0.9745730218775275,0.8274060635619473,0.09954954954954956,0.5,5.54370571353673,0.010066666666659785
1242,0.7581464204237789,0.643779341964059,0.02548701298701299,0.0,2.4698787374656033,0.008100000000013097
1244,0.8245347001456944,0.7977522929059322,0.012326073805202661,0.0,1.9147881284287638,0.012483333333335622
1245,1.0019668090173606,0.9917321841787642,0.0,0.0,0.8770133888187497,0.006066666666669107
1246,0.9096203673498812,0.8527483759679493,0.0,0.0,0.30158331239004804,0.013133333333314567
1247,0.5453961308524738,0.5453961308524738,0.0,0.0,0.33895432295368555,0.0002333333333410792
1250,1.0330578877265943,0.9848478696057036,0.03125,0.0,1.4948899902433384,0.010083333333398059
1251,1.0152738984177,1.0057653107562405,0.0,0.0,0.5060244586110727,0.012066666666669335
1254,,,0.0,0.0,,
1255,0.5036670492028643,0.5036670492028643,0.0,0.0,0.511994413974556,
1258,1.057610915744066,1.057610915744066,0.0,0.0,0.23997734613852464,
1260,0.13648776899547066,0.13648776899547066,0.0,0.0,,
1261,0.2297998458598178,0.2187249001752738,0.0,0.0,3.7661227626451446,0.012183333333325663
1263,0.8550510963806766,0.8496775393662221,0.0,0.0,0.5844884967427568,0.009500000000002728
1264,0.6470229631615738,0.6305569863121749,0.010530983261279239,0.0,3.0999445841434587,0.010666666666679703
1265,0.7356965944603401,0.7267237776618599,0.0,0.0,1.370948195922866,0.012483333333335622
1266,0.9994493704398273,0.9620442396057716,0.020620748299319726,0.0,1.4135058743171989,0.011499999999969646
1267,0.4472345325535253,0.44108160578841127,0.0,0.0,1.5818319808372339,0.010966666666689662
1269,0.2518371460167101,0.2518371460167101,0.0,0.0,3.669564163507699,
1270,0.7254171132264311,0.672175200800256,0.019230769230769232,0.0,2.795124245244044,0.01068333333330429
1271,0.805863407329398,0.805863407329398,0.0,0.0,0.41642373760003903,
1272,0.7435180284624678,0.7070644698720641,0.01620097074642529,0.0,3.010297262949871,0.009500000000002728
1273,1.1232139636132048,1.2070680470886008,0.0136986301369863,0.0,0.9589292869561665,0.014849999999967167
1274,0.676051458042674,0.676051458042674,0.0,0.0,1.2522145646467377,0.013766666666668925
1276,0.4635397724102279,0.4635397724102279,0.0,0.0,0.7696198078149392,
1277,0.9411175376094654,0.9013998323982938,0.01464346349745331,0.0,1.5758726845330457,0.010266666666666424
1278,0.6941186293319448,0.6941186293319448,0.0,0.0,0.2060191941215858,
1279,0.22111514428383747,0.22111514428383747,0.0,0.0,,
1280,0.6423941137507093,0.6198531542504034,0.0,0.0,1.7331101248801244,0.007366666666655419
1281,1.1821587074617192,1.0884053320977523,0.0,0.0,0.5544671570620634,0.009066666666740275
1282,1.1128404675824626,1.1128404675824626,0.0,0.0,0.27694310203968603,
1283,0.9830360405147665,0.836190191231337,0.10214806290755657,1.0,5.263530376810682,0.01003333333324008
1284,0.22944073095625275,0.22944073095625275,0.0,0.0,2.7231431452251105,
1285,0.2902646828229573,0.27428063313889445,0.0,0.0,2.6011391687058047,0.0020666666666784295
1286,,,0.0,0.0,,
1287,0.8798925238041833,0.7960969059858656,0.03592943201376936,0.0,2.89831732957553,0.010191666666742094
1288,0.794671992620553,0.7831368748875753,0.0,0.0,0.3404950798460969,0.003199999999992542
1289,0.9292288377562,0.8689828705841058,0.047893891904288666,0.0,3.9690108503070416,0.012533333333522023
1291,1.0482314957663426,0.9969157236858415,0.0,0.0,0.6187845303867403,0.0010333333333250039
1292,0.5999107136138816,0.5824352206843038,0.0,0.0,0.7437806042802114,0.01311666666668998
1293,0.7898094302176517,0.7898094302176517,0.0,0.0,0.2345280927286666,
1294,0.8681073543119173,0.8681073543119173,0.0,0.0,1.6177376031144166,0.017900000000054206
1296,1.1648188091083456,1.1374061293456927,0.0,0.0,0.3511223142232529,0.01180833333333453
1299,1.0414448829474483,1.0000357298904916,0.034482758620689655,0.0,1.2619919607779273,0.00953333333336559
1301,0.5568618058603737,0.5545431185878698,0.0,0.0,0.9871363347042259,0.007550000000037471
1302,0.9805380800879362,0.9470603189639248,0.018575851393188854,0.0,0.908590019721059,0.009499999999889042
1303,0.9544907725072869,0.8612956706072941,0.04007919520547945,0.0,2.409987751420087,0.011200000000144428
1304,0.5333420770096062,0.5333420770096062,0.0,0.0,0.4953706645061803,
1305,1.0612557334910027,1.0280451624858924,0.0,0.0,0.5280283304800252,0.014733333333424525
1306,0.9287929538867188,0.9287929538867188,0.0,0.0,0.2887284536391472,0.003183333333339533
1310,0.7374777278443752,0.7374777278443752,0.0,0.0,0.43352131299154995,
1311,1.020973885948326,1.020973885948326,0.0,0.0,0.28856878417469634,
1312,0.4778091085181991,0.45494904955210996,0.0,0.0,2.413316142180072,0.011099999999942156
1314,0.9334764206122406,0.8810933449862524,0.005813953488372093,0.0,1.3644612424784075,0.012483333333364044
1315,0.3646434318130858,0.3646434318130858,0.0,0.0,1.9551403899418878,
1316,0.5353676212022672,0.46809910155687295,0.013606071825249907,0.0,2.6481675653470917,0.00816666666673882
1317,0.583667693624121,0.583667693624121,0.0,0.0,0.9271161782037335,0.010383333333322753
1318,0.8599733160091828,0.7880010074970685,0.032018442622950824,0.0,2.5147016651177165,0.010116666666647234
1319,0.9994673252134803,0.9137259704158132,0.057861845776141056,0.0,3.0347473324715133,0.010666666666566016
1320,0.4600909544383709,0.4600909544383709,0.0,0.0,0.5266999862850232,
1321,0.4232603047026422,0.42093333404634603,0.0,0.0,1.0599415204678357,0.007216666666636229
1322,0.5744195047591811,0.5744195047591811,0.0,0.0,0.5568220332333651,
1323,0.8248383421615383,0.8248383421615383,0.0,0.0,0.33133802644267785,0.01125000000001819
1325,0.6754347999795849,0.6754347999795849,0.0,0.0,0.39367917127384755,
1326,0.8807361969295427,0.8807361969295427,0.0,0.0,0.34356154217905094,
1327,0.7493010532309148,0.7493010532309148,0.0,0.0,1.0279696391853164,
1328,0.5198523166559654,0.5198523166559654,0.0,0.0,0.7977784760761849,
1329,0.6012276127685893,0.6012276127685893,0.0,0.0,0.5857250385787219,
1330,0.5841495539493666,0.5688901471454569,0.048653817309134546,0.0,15.64542652447809,0.017824999999959346
1331,0.6824936701494408,0.6333474356048996,0.012196935891715008,0.0,2.0709839207952836,0.008316666666701167
1332,0.7019328728016795,0.6572613659636198,0.0,0.0,1.6047453272701557,0.011191666666661604
1333,0.9487096866527867,0.93944208404555,0.0,0.0,1.3079462832529578,0.010858333333331416
1334,0.5884275815029317,0.5884275815029317,0.0,0.0,0.5033768194974624,0.007833333333337578
1335,1.2796542611526265,1.2796542611526265,0.0,0.0,,
1336,0.6548752671159497,0.6548752671159497,0.0,0.0,1.050431582493289,0.004433333333281553
1337,1.0862988249491794,1.0547868713223214,0.0,0.0,0.3362542620227719,0.006866666666610399
1338,0.7070086428418534,0.6554506385316896,0.026200391964723176,0.0,8.301447347572175,0.014883333333301607
1339,0.898815056103728,0.8686537557326399,0.015154994259471873,0.0,2.352721774178364,0.011400000000001853
1340,0.9469712891070017,0.9063690866802995,0.0,0.0,0.3213533043679717,0.009866666666539459
1341,0.47961299433717086,0.4745441013644775,0.0,0.0,1.7202012406091338,0.008499999999969532
1342,1.0816679514621508,0.9814085753020226,0.0,0.0,0.5797244907939665,0.009066666666683432
1343,0.9749431195436453,0.9749431195436453,0.0,0.0,0.8312305048166362,0.008350000000064028
1344,0.5562857093249621,0.5562857093249621,0.0,0.0,1.643412480422562,
1345,0.875564389318615,0.8144742296454839,0.04313543599257885,0.0,1.8278490991471288,0.012033333333192786
1346,1.1217516700277959,1.1217516700277959,0.0,0.0,0.28604459912041263,
1347,0.8939603211042649,0.8582296812954568,0.0,0.0,0.6673100854033329,0.010075000000028922
1348,0.5269625945069422,0.5269625945069422,0.0,0.0,,
1349,0.8697546147011996,0.8281959450281942,0.0,0.0,0.970057742572389,0.00980000000004111
1350,0.8167515186397925,0.8080466488009553,0.0,0.0,1.419785628375732,0.011833333333356677
1351,,,0.0,0.0,,
1352,,,0.0,0.0,,
1353,0.8726657841498185,0.8726657841498185,0.0,0.0,0.5296129896729751,0.01290000000000191
1354,0.9407075768707835,0.9078102678208488,0.024214352720450284,0.0,1.5762641665001191,0.012683333333338709
1355,0.2977911778841019,0.2977911778841019,0.0,0.0,3.194279437806828,
1356,0.5909351972416037,0.5606002569345461,0.012501953430223471,0.0,3.3208268529545437,0.011300000000119326
1357,0.9854687492994003,0.8419960704249312,0.09090909090909091,0.0,4.621833675459028,0.009866666666653146
1358,0.9986390621317978,0.9758508526691501,0.0,0.0,0.42958450549539573,0.011066666666692981
1360,1.0575281203606979,1.0575281203606979,0.0,0.0,0.2589779005524861,
1361,0.4747726968262332,0.42981671415422384,0.020427305888483585,0.0,3.6036447271751655,0.010583333333343603
1362,0.880301483014035,0.725221828703486,0.07296535052377115,0.0,6.969715318960338,0.008866666666563106
1363,0.4240851544849042,0.41333442380253527,0.0,0.0,5.354431061639717,0.009700000000009368
1364,0.31859447135162156,0.31859447135162156,0.0,0.0,2.768316818006417,3.333333324917476e-05
1365,0.8038883163404683,0.8038883163404683,0.0,0.0,0.40853567197309115,
1366,0.3712425601710786,0.3631773710146592,0.0,0.0,3.864719744427881,0.005899999999996908
1367,0.9658124493178613,0.8923276103892037,0.0,0.0,1.3889408675092274,0.009900000000001796
1368,0.9310494714241134,0.8293495224279418,0.0,0.0,1.3897461470067323,0.010266666666666424
1369,0.8238135386647889,0.6493926566306225,0.09582028611776264,0.0,9.256911211252863,0.010033333333467453
1370,0.9272971817275404,0.8598927705899387,0.0,0.0,0.7835720558264038,0.008066666666664446
1371,0.48349556711226616,0.48349556711226616,0.0,0.0,3.657838573075944,
1372,0.9004825194685386,0.9004825194685386,0.0,0.0,0.37905515959107217,
1373,0.9776533137063327,0.7855008676244113,0.12408476632776871,1.0,8.013617599241503,0.009900000000016007
1375,,,0.0,0.0,,
1378,0.2738028975844011,0.2605740388631537,0.008033294618660473,0.0,4.058988955771746,0.008066666666664446
1379,0.8166290062061956,0.663296497590937,0.0645034843205575,0.0,6.5942591709740785,0.010533333333317074
1380,0.9862951635947781,0.8827001822187706,0.05194805194805195,0.0,3.187962657643456,0.009366666666664969
1383,0.5816788456258788,0.5159381057119372,0.04658462110761505,0.0,14.452206258292314,0.014116666666723177
1384,0.5049212051980279,0.4287676483600745,0.05992263855670712,0.0,20.53745912544101,0.010324999999966167
1385,0.6105702427303935,0.5713033205633119,0.016064516129032258,0.0,4.801887231291504,0.010700000000042564
1386,0.7408744568782276,0.620244839608031,0.11108064571408986,1.0,7.393137965768286,0.009866666666624724
1387,0.8391344718341698,0.7764722753608521,0.028790389395194696,0.0,2.8757523258833766,0.010533333333333061
1389,0.7251921187054896,0.7196970001794385,0.0,0.0,1.5780323639301888,0.012558333333345217
1390,0.6294713383172157,0.6294713383172157,0.0,0.0,0.5068537895768352,
1391,0.9527828622204572,0.763869022082977,0.08510157085286618,0.0,4.505098043194799,0.010316666666639662
1392,0.666244337713517,0.666244337713517,0.0,0.0,2.4725367591669434,0.015024999999980082
1393,0.23251257664717956,0.2318329047775303,0.0,0.0,4.065177896904451,0.012983333333345115
1394,0.507523718060352,0.507523718060352,0.0,0.0,1.7134947287645201,0.0030333333333487644
1395,0.9744846165965689,0.8824777911087108,0.054404656209924046,0.0,2.24280490932742,0.009591666666679544
1396,1.9529578628177904,0.23907592140006084,0.49497189731125624,1.0,5.311365963062246,0.0006000000000767614
1397,0.345939369753168,0.345939369753168,0.0,0.0,2.6489009622695763,0.0005999999999630745
1398,0.989219938538112,0.7500136170936239,0.1774608833432363,1.0,11.488376487863246,0.009924999999967099
1399,0.9773549831602739,0.7797253628026386,0.07466387932447942,0.0,7.085905300714566,0.0100750000000005
1401,0.5476282954500722,0.5429247580255164,0.016447971883478647,0.0,4.719007740581352,0.013900000000148793
1402,,,0.0,0.0,,
1403,0.7667586716885044,0.7667586716885044,0.0,0.0,0.596214481786754,0.0012666666666518722
1404,,,0.0,0.0,,
1405,0.9200744253961519,0.7167972857295872,0.08088029156153631,0.0,7.89408937816048,0.010475000000001344
1406,0.8385590054717096,0.718205190478508,0.04628212974296206,0.0,4.848953274847469,0.010299999999915599
1407,0.5384150141439428,0.5384150141439428,0.0,0.0,2.2522839146104086,
1408,0.6696256945307392,0.6538716548677213,0.018682065217391304,0.0,1.804490798799282,0.009583333333324617
1410,0.9582708165391243,0.8945678567460391,0.023809523809523808,0.0,1.9997749440860848,0.009749999999964842
1411,1.153074500033096,1.153074500033096,0.0,0.0,0.3814269787022344,0.019133333333286373
1412,1.6552364957581203,0.23503522437374103,0.39423373419673147,1.0,4.226642190801183,3.3333333362861595e-05
1413,1.1261485780263587,0.27515592245330145,0.11959629941126998,1.0,3.456261110738622,3.3333333419705014e-05
1414,0.6656481134259363,0.6656481134259363,0.0,0.0,0.845626290176066,
1416,0.6008903017110652,0.5582213487667742,0.016817410966647822,0.0,1.9934915177242378,0.009966666666684887
1417,0.8405480616703508,0.8212124712730128,0.0,0.0,0.732783124944788,0.009149999999976899
1419,0.6077716075639656,0.6077716075639656,0.0,0.0,0.3139579977675679,
1421,1.4580885401348769,1.4332740392144252,0.0,0.0,0.2554543850332296,0.005000000000109139
1422,1.1057935912284007,1.0992783245192108,0.0,0.0,0.4572891896835548,0.013599999999996726
1423,0.8961495638956951,0.8961495638956951,0.0,0.0,0.3195378204964337,
1424,0.6110876180861491,0.6110876180861491,0.0,0.0,0.4369011571812596,
1426,0.839455370732298,0.8137061223904767,0.0,0.0,0.5959345937929106,0.00996666666674173
1429,0.45437980704681374,0.45437980704681374,0.0,0.0,,
1430,0.9510888147998323,0.9510888147998323,0.0,0.0,0.941472928585208,0.009349999999926695
1434,0.7179439400795583,0.7073322045025903,0.0,0.0,0.9476277718112313,0.01313333333333322
1435,0.38996731075972646,0.3886956886211653,0.0,0.0,2.9126035061340403,0.007799999999861029
1437,0.7795242774945756,0.7017054712477616,0.030418690724034234,0.0,3.504142764887707,0.009833333333290284
1438,0.5780583093327326,0.5780583093327326,0.0,0.0,0.5070163259256983,
1439,0.6698088400864107,0.6480635645123436,0.0,0.0,1.3673121248030418,0.006649999999979173
1440,1.0491348606766089,0.9853664724968254,0.02072649572649573,0.0,1.0981129615077052,0.00883333333331393
1441,0.904869675406078,0.9022194257785856,0.0,0.0,0.8476806891098599,0.01057500000003131
1442,0.6902624255248797,0.6761940087630802,0.0,0.0,0.7722689261048938,0.007033333333538394
1443,0.717681351505907,0.7163001799834736,0.0,0.0,1.0448932583486965,0.01131666666668707
1445,0.632462652969541,0.632462652969541,0.0,0.0,0.8040380007071155,0.007133333333285918
1446,1.0082647605578967,0.9770731430460162,0.0,0.0,1.3708053048930324,0.011366666666617675
1447,0.7523807090330863,0.656850364282686,0.029304422498926577,0.0,4.244021818884473,0.010566666666647961
1448,1.012530341726503,0.9330300310711709,0.0333425951653237,0.0,1.5730612781854343,0.01101666666681922
1449,0.7039002112104574,0.7039002112104574,0.0,0.0,0.4075166445079479,0.0004500000000255966
1452,0.7859485626365864,0.7792853199012071,0.0,0.0,1.3560241412661853,0.012566666666685933
1455,1.1293603877682599,1.0571942237266627,0.0,0.0,0.621138047111724,0.004050000000006548
1458,0.9653405388185673,0.9385177052021139,0.0,0.0,1.177004891109217,0.010700000000042564
1459,0.855826537528569,0.855826537528569,0.0,0.0,1.364607016622866,0.017900000000054206
1460,0.8154340836480766,0.8073944725352918,0.0,0.0,0.6273656914615557,0.012599999999991951
1461,0.5626573206064818,0.5238832567771633,0.004945740900797081,0.0,7.013365494524962,0.013333333333321207
1463,1.0605412767966511,0.8757899773158418,0.04,0.0,1.398161806187982,0.00786666666670044
1465,0.9322325508554468,0.8662348534883706,0.020186650436193956,0.0,2.0695405599154144,0.010650000000005377
1466,0.7457136402919551,0.7457136402919551,0.0,0.0,0.33380178617451367,
1467,0.9344134759822671,0.903297351934888,0.0,0.0,0.7715300727225571,0.009516666666655738
1468,0.947790686377452,0.947790686377452,0.0,0.0,0.1722071939555281,
1469,1.0074383867627343,0.9836875696714937,0.0,0.0,0.586184909916341,0.011399999999980537
1470,0.6964369015507603,0.6590408312933955,0.0,0.0,1.433068045846548,0.013783333333321934
1471,0.36853511774129166,0.33487416613861043,0.009174311926605505,0.0,3.934973234743617,0.009333333333415794
1472,0.4998014305775783,0.4998014305775783,0.0,0.0,0.2676176012096322,0.018833333333304836
1473,0.8406867522086912,0.8406867522086912,0.0,0.0,0.20670945119893136,
1474,0.5026334738325826,0.47923524872001155,0.0,0.0,1.4563013043286084,0.009816666666779383
1475,0.5439479382261321,0.5439479382261321,0.0,0.0,0.6482102512834751,
1476,0.7414618850597171,0.7414618850597171,0.0,0.0,0.9325047855627547,
1477,0.7494225145720821,0.7494225145720821,0.0,0.0,0.35616804187568557,
1478,,,0.0,0.0,,
1479,0.8770468497274877,0.8597208907929416,0.0,0.0,1.142074892323749,0.010166666666663104
1480,0.8047646400846931,0.8018679583907586,0.0,0.0,0.9625556191209034,0.008783333333326482
1481,0.9211092732612103,0.8739007672601893,0.020442219440967878,0.0,1.3862323801255862,0.0107666666666546
1482,0.6299497945900117,0.5880751036385174,0.0,0.0,1.3202375037783096,0.009499999999889042
1483,1.0279997235334708,0.9233870260000001,0.05555555555555555,0.0,2.9815861352817534,0.009866666666709989
1484,0.9974578918640845,0.9449522337380916,0.0,0.0,1.235486708222157,0.012566666666771198
1485,1.1352516654990281,1.0926118361860988,0.0,0.0,0.6901664067891908,0.01181666666673209
1486,0.7003590733726976,0.6920731649534915,0.0,0.0,1.375219351415352,0.008633333333364135
1487,0.9987189227597988,0.9550221474805722,0.023268398268398268,0.0,1.4051634059130875,0.011750000000006366
1488,1.0416078977023409,0.9758123520269724,0.031754032258064516,0.0,1.2255430403907217,0.010199999999997544
1489,0.779818905935034,0.7756669943713812,0.0,0.0,0.9063183217604858,0.00716666666664878
1490,0.6903592875869315,0.6903592875869315,0.0,0.0,0.8384679792572327,
1491,1.0957637039555772,1.0418994144267746,0.039230769230769236,0.0,1.228967113466659,0.01034166666667602
1492,1.7138240330467167,1.7138240330467167,0.0,0.0,0.26868538956022925,
1493,0.2704944897455308,0.26274095127571,0.0,0.0,4.392851737320083,0.011141666666674155
1494,0.6390128729086806,0.5640089387162681,0.035387642836378276,0.0,7.598271440545897,0.011400000000008959
1495,0.37212376722112817,0.37212376722112817,0.0,0.0,2.9822165021987486,
1496,0.4142235948467366,0.40615884790541945,0.0,0.0,2.7813428859615956,0.014133333333347764
1497,0.32078275501267983,0.2905397368014057,0.012779683161848767,0.0,5.144969572979966,0.010141666666697802
1498,0.8261467415133916,0.8261467415133916,0.0,0.0,0.6085391253738004,0.008133333333489645
1499,0.4329573448711484,0.4329573448711484,0.0,0.0,2.084083775021871,
1500,0.9678262476255273,0.8623149967381436,0.06698564593301434,0.0,3.5354014246088004,0.009833333333290284
1501,0.7966076868309453,0.7966076868309453,0.0,0.0,0.9763576494568228,0.013666666666637184
1502,0.652556543143874,0.5698165740482144,0.021622253389434316,0.0,4.624536049122551,0.010699999999928878
1503,1.1107593408929732,1.1015527561607006,0.0,0.0,0.4911516893412865,0.008016666666591732
1504,0.3241768249491241,0.24070744255560855,0.03175069205603557,0.0,9.004895422201447,0.008708333333316887
1505,0.310563871859613,0.310563871859613,0.0,0.0,2.2883508969797597,0.0004583333333130213
1507,0.7021976235326884,0.6639386822917108,0.0,0.0,2.020890217823966,0.007624999999990223
1509,0.7284544827667484,0.6492137821646148,0.019621254221348264,0.0,4.698044383096441,0.010249999999984993
1510,0.9534570757695554,0.6980141320035966,0.15405806314897225,1.0,11.832574939726829,0.009966666666713309
1511,0.8148631965751388,0.6386039968159247,0.05334281650071124,0.0,4.506502803055214,0.009883333333298161
1512,0.5144862681469565,0.4342306421785405,0.020620748299319726,0.0,5.14520732846804,0.008949999999913416
1513,0.2810020581318263,0.2636900617413638,0.0,0.0,2.924906487585554,0.00913333333332389
1514,0.6377370512309137,0.6326660846352694,0.0,0.0,2.809697750533616,0.009866666666766832
1515,0.702908625360811,0.676869887461101,0.0,0.0,2.174246174607311,0.008966666666765377
1516,1.0341916414206251,0.7665432792338724,0.09545454545454546,0.5,1.33926858774352,0.0072499999999990905
1517,0.9462917789256655,0.9078145847107326,0.031754032258064516,0.0,1.5770373336578538,0.012133333333338214
1519,0.6764562457731951,0.6608478890458317,0.0,0.0,3.5739486634348387,0.01010000000007949
1521,0.9067011361055631,0.9067011361055631,0.0,0.0,0.6594058624951102,0.007266666666680521
1522,0.9747019575936238,0.9747019575936238,0.0,0.0,0.6070167805782638,0.009333333333415794
1523,0.6000855166964552,0.5772710389928977,0.012984284393646524,0.0,4.703434833799509,0.010866666666750291
1524,1.1264773486203943,1.0147249778693472,0.0,0.0,0.5453801754306208,0.00293333333343071
1525,0.9395909643459643,0.859170893966499,0.09090909090909091,0.0,1.2502741188058635,0.009933333333378869
1526,0.48489538406257254,0.47195799807142347,0.007246471939612734,0.0,10.547288378112121,0.010233333333303563
1527,0.923951914507591,0.8825564770081893,0.0,0.0,0.37661394768832274,0.004649999999998045
1528,1.2204278818275525,0.5102680768217149,0.0,0.0,0.7767090836127323,0.004533333333341716
1529,0.5569525952320945,0.5569525952320945,0.0,0.0,1.8672095116275347,
1530,0.6527193884308102,0.6527193884308102,0.0,0.0,0.85517648239886,
1531,0.6205197119497998,0.6205197119497998,0.0,0.0,1.699785064771677,0.008216666666669425
1532,0.2001540356486431,0.2001540356486431,0.0,0.0,4.356617601976138,
1533,0.16578042106649224,0.15987389518425826,0.00214596227527262,0.0,17.62250015557136,0.01666666666665151
1534,0.7034576598617321,0.4107602226841087,0.48661800486618007,1.0,42.657763637854806,0.01197500000000673
1535,0.8702566876737605,0.7838822190547707,0.03380957240534749,0.0,3.1283744900565047,0.008333333333325754
1536,0.949855924492151,0.7531853455196774,0.12195121951219512,1.0,7.65322568864938,0.009583333333324617
1537,0.7141150681548587,0.6698637347506224,0.0,0.0,2.5525861985471936,0.007666666666665378
1538,0.9542514364788253,0.872108515858351,0.04428104575163399,0.0,2.2907964683102224,0.00973333333354276
1540,0.27546222687145705,0.27546222687145705,0.0,0.0,3.3298096900196623,
1541,0.41349340363762377,0.40364259207002756,0.008269546200109348,0.0,4.273869888629764,0.010841666666635774
1542,1.0213398529777578,0.989037497151168,0.02039184326269492,0.0,0.9415318562323799,0.011166666666611036
1543,0.9804455768395629,0.8696712532916263,0.0,0.0,0.4454045386722444,0.011366666666667857
1544,1.2529270264312027,1.143121237948784,0.1318840579710145,1.0,0.6379396910718009,0.013025000000055797
1545,,,0.0,0.0,,
1547,0.6900635104549663,0.6900635104549663,0.0,0.0,1.3067644240372092,
1548,0.9864145645347385,0.9420833709745943,0.0,0.0,1.588079760494086,0.009866666666667356
1550,0.6765739798319249,0.5151417250817408,0.2723214285714286,1.0,22.999485552506577,0.016641666666657784
1551,0.8805771655992789,0.5930984147702545,0.18999899989999,1.0,15.540573413268508,0.009900000000044429
1552,1.134597293979247,1.0780605486486465,0.0,0.0,0.41107640644705135,0.0038999999999589363
1553,1.09671228406733,1.029874446594858,0.0,0.0,0.42466585088881015,0.01274999999999693
1554,0.6600104837393626,0.6600104837393626,0.0,0.0,1.7387582591017263,0.009666666666646506
1556,0.9155726263898043,0.8306805014516322,0.028364998662028365,0.0,2.887454667211501,0.008999999999900865
1557,0.43413303958978106,0.4206852806405168,0.007435046987285794,0.0,4.014599263907436,0.011733333333324936
1558,0.9278684324018485,0.9005002281032162,0.0,0.0,1.3186358329224397,0.01384999999993397
1559,0.27825555271789865,0.27745456704426985,0.0,0.0,2.4127046675480983,0.01344999999989227
1560,0.3616790576749618,0.35603594122319465,0.0,0.0,6.388083756573138,0.011616666666697029
1562,0.2324293450504577,0.2324293450504577,0.0,0.0,2.858497651372911,
1563,0.9622236444941199,0.9098095250256607,0.022474747474747474,0.0,1.513143725047606,0.007333333333349401
1564,0.7044636324523075,0.662866949590258,0.012579113924050634,0.0,1.8641538745788884,0.008966666666765377
1565,0.4431140733882,0.4431140733882,0.0,0.0,4.803834239651678,0.019633333333331393
1567,0.9924619900471228,0.9879223134609054,0.0,0.0,0.5445776711823351,0.012533333333323071
1568,0.9939239228647503,0.9173148172613099,0.03333333333333333,0.0,1.2252840145436021,0.008841666666626224
1569,0.8942155810586471,0.7979080682358566,0.03572567783094099,0.0,3.3553660977045183,0.010066666666617152
1570,0.36073653573807396,0.36073653573807396,0.0,0.0,2.2316975441182865,
1571,,,0.0,0.0,,
1572,0.9171784173759396,0.7761329167814335,0.052941176470588235,0.0,5.243033810444449,0.010441666666736182
1573,0.9251033714691183,0.798325977621921,0.06379437869822485,0.0,5.411094050014483,0.009366666666664969
1574,0.8476136968887457,0.8120455935787178,0.019112874143526866,0.0,1.4271353359233103,0.010649999999941429
1575,0.7625638532766565,0.7149625102212933,0.01130952380952381,0.0,2.023972621248163,0.01096666666666124
1576,,,0.0,0.0,,
1577,0.3694198761559609,0.34763358189759297,0.0,0.0,2.1727863388928905,0.009658333333334213
1578,0.7623640034601561,0.7320801749612249,0.0,0.0,2.2946622324687826,0.011533333333318296
1579,0.836229455444961,0.836229455444961,0.0,0.0,0.617725693717305,0.014383333333348958
1580,1.1099821315670688,1.0596515066854169,0.0,0.0,0.5414042026226428,0.0100750000000005
1581,0.4127236365348599,0.4110652487321905,0.0,0.0,3.938330471760473,0.011333333333340079
1582,0.23912494298833697,0.23912494298833697,0.0,0.0,1.4921228726931641,
1584,0.8811240481081467,0.8628154858802252,0.0,0.0,1.3412982701147196,0.011733333333339147
1585,0.4772414907113548,0.46518826270662306,0.0,0.0,0.773054575205937,0.01710000000002765
1586,1.270828537749108,1.2700446109783532,0.26785714285714285,1.0,0.8483395167858111,0.009416666666766105
1587,0.7352249423277437,0.7298832210738342,0.0,0.0,1.243821116070301,0.01160000000004402
1588,0.4550683170913321,0.4516049649161791,0.0,0.0,1.954005130268703,0.008166666666681976
1589,0.9768922472141075,0.9415305964942051,0.0,0.0,1.05194898377108,0.013516666666646415
1590,0.2411230500549128,0.2411230500549128,0.0,0.0,1.362962422207155,
1592,1.1456975008119366,1.1326396671457168,0.0,0.0,0.6530496271888606,0.006566666666685705
1593,0.7909544643359918,0.749539888205674,0.0,0.0,1.0167755867339843,0.009583333333353039
1594,0.950200497369925,0.9029317914592597,0.023064687168610817,0.0,1.3920701312929127,0.009941666666719584
1595,1.0162662428273004,0.9694333264367168,0.0,0.0,0.8130363500942128,0.009758333333365954
1596,0.6089054532807447,0.6030424992314714,0.0,0.0,0.5544742025101503,0.011500000000069122
1597,0.29258416197433035,0.29258416197433035,0.0,0.0,,
1598,0.35279469129524527,0.35279469129524527,0.0,0.0,0.7404978336871872,
1599,0.5570011764553541,0.5570011764553541,0.0,0.0,0.6506781475998269,
1600,1.0681226956972043,0.9984908757973765,0.024695121951219513,0.0,1.7964756414234555,0.00580000000002201
1602,0.9469809856980167,0.8251214291286273,0.07643312101910828,0.0,5.0539640403029225,0.009583333333353039
1603,0.442417992590749,0.4263990849843705,0.0,0.0,2.943794932763872,0.010691666666673427
1604,0.9108291437446059,0.8621896042999141,0.030536130536130537,0.0,2.5261402952713343,0.009833333333290284
1605,0.9556784444027864,0.9090549677375019,0.017105263157894735,0.0,1.6108587296931307,0.008550000000013824
1606,0.9933195050688823,0.9469900303001745,0.009259259259259259,0.0,1.1463002754601694,0.00800833333332207
1608,0.6115508047964204,0.6115508047964204,0.0,0.0,0.37920616637594906,
1609,0.2198551357024541,0.2198551357024541,0.0,0.0,2.82906074952154,
1610,0.9247715134065762,0.8730449480572695,0.039976031501455234,0.0,4.805728155845193,0.01618333333328792
1611,0.5323235040867293,0.4876948843985294,0.0,0.0,2.12184796117355,0.011833333333342466
2004,1.04115718793379,0.9767767597864111,0.0,0.0,0.3552052916973587,0.009608333333318342
2005,0.4465090223878613,0.43522590404316974,0.0,0.0,2.7492322475195854,0.0079000000000633
2006,1.0956557111661769,1.003977431008866,0.0,0.0,0.34362724368290076,0.01096666666666124
2009,0.49115542123135014,0.4873828814492273,0.0,0.0,2.1582492876289567,0.010433333333367045
2010,0.4671029385586273,0.44693099139095693,0.0,0.0,3.3341815895650866,0.009266666666690071
2014,0.6704143156748572,0.6446137566835717,0.0,0.0,1.8115355151230714,0.010850000000004911
2016,0.5617386131799701,0.5187094355309023,0.02844059784122876,0.0,9.1894746840147,0.01293333333333635
2017,0.7035412032167123,0.6799540916229525,0.0,0.0,2.335371460971767,0.01209999999991851
2018,0.7593614915404503,0.7593614915404503,0.0,0.0,1.2784036798541814,0.006883333333234987
2019,0.9534892606851599,0.9338187421071444,0.0,0.0,0.44638281128588303,0.013716666666709898
2020,0.9007327183869553,0.8572923156725281,0.3799233925363641,1.0,9.390781743046558,0.009999999999990905
2021,1.2139257901968141,1.2139257901968141,0.0,0.0,0.4085551367542548,0.018066666666669562
2022,0.7652845698319726,0.753928698266279,0.3483072009291521,1.0,17.21129473558048,0.011683333333280643
2023,0.8971672695426264,0.8012026060843699,0.08759590792838876,0.0,4.773168783253631,0.013233333333403152
2024,1.0618278798012948,1.0019477489612432,0.0,0.0,0.7334132554892627,0.011300000000062482
2026,1.0248151987893022,0.9056219391305641,0.13423423423423425,1.0,2.5240443627657547,0.010433333333367045
2029,1.0676209116750681,1.023923494751444,0.0,0.0,0.42146943400076964,0.011891666666713263
2031,0.7663215493747513,0.7663215493747513,0.0,0.0,3.235435205354648,0.011533333333431983
2034,1.0093323410325872,0.8693047441946629,0.1070843570843571,1.0,3.9825778900979647,0.010124999999959527
2035,0.898741570308513,0.8265383271815494,0.038748482901406436,0.0,3.190356758358558,0.012500000000045475
2036,0.805537769655487,0.7078652630339172,0.0638211382113821,0.0,5.358555984806884,0.011974999999999625
2037,0.3409403696860389,0.33332191394159016,0.0,0.0,4.157152130218574,0.01096666666666124
2038,0.3620646692479147,0.35999776199718697,0.0,0.0,2.8172930631109043,0.014800000000036562
2041,0.6971854851489645,0.6971854851489645,0.0,0.0,2.6898246547591604,0.012350000000026284
2047,0.7954156043910423,0.781029086466603,0.0,0.0,2.35337619961897,0.013058333333333394
2048,0.6138471915279494,0.6066420659810078,0.0,0.0,5.1987894087802395,0.012433333333319752
2049,0.9411327058651779,0.678181764690418,0.13244153082919916,1.0,11.115762987788143,0.009908333333285668
2050,0.9603535117724717,0.7832835915687788,0.10764914691400435,1.0,6.565172784395488,0.009783333333331257
2052,0.9324256058402928,0.8176647563987895,0.05344757241942064,0.0,4.060918530091437,0.010700000000042564
2053,0.21245454653664678,0.2050845124769085,0.001736111111111111,0.0,5.270057148651634,0.011366666666731362
2055,0.8025764517704124,0.7658676268739824,0.0,0.0,1.7179867714922883,0.010500000000035925
2057,0.28173871294894925,0.27289267256692296,0.0,0.0,6.708840386031666,0.008000000000038199
2058,0.7405052047417116,0.7178953804808272,0.010105134224762682,0.0,3.4216227550490474,0.010633333333430528
2059,0.6009761125114255,0.591574711101231,0.006689038031319911,0.0,4.648805381713357,0.008341666666694891
2060,0.2915396182356792,0.28568490476534036,0.0,0.0,5.052011893214174,0.008858333333421342
2061,0.5101406906710357,0.4114512969249624,0.03874973239135089,0.0,5.532684537620305,0.009641666666666993
2062,0.7595084998634706,0.666310812299969,0.03597122302158273,0.0,4.8112585074381595,0.011016666666705532
2065,0.4594206815336139,0.4594206815336139,0.0,0.0,2.8715691568656307,
2066,0.5705102507817512,0.5612144684105504,0.014389233954451346,0.0,2.6631568766137654,0.011916666666706988
2067,0.7844372961283835,0.7743529455321012,0.0,0.0,1.9325164083536017,0.0068333333333612245
2069,0.8637514459296753,0.8448783008236231,0.0,0.0,1.1786410699726708,0.011441666666655692
2072,1.0323521198892942,1.0013400798176506,0.0,0.0,0.6759696527495321,0.011216666666655328
2073,0.841455932151306,0.8235165907984237,0.0,0.0,2.080277284649149,0.008066666666536548
2074,0.21914667226151358,0.21682298090517055,0.0,0.0,3.561373466550223,0.008983333333333121
2075,0.8598501715342387,0.704142964168285,0.07678270634475015,0.0,6.269119208847437,0.0099500000000603
2076,0.22565426719705586,0.22565426719705586,0.0,0.0,3.6821566397874337,
2077,0.7010829204774204,0.6147352908080679,0.03053426221486987,0.0,8.319502131113026,0.012566666666771198
2078,0.507340367452082,0.49276062607424276,0.00639036341363822,0.0,4.674029872341028,0.01233333333328801
2079,0.6693764778593132,0.6305042344679628,0.013250263250263251,0.0,6.156526927719312,0.015541666666706533
2080,1.1063943508617582,0.9773134891221602,0.0,0.0,0.31266330377847007,0.0020666666666784295
2081,0.7050327128953524,0.6178845889540447,0.03276302349336057,0.0,7.81349107005539,0.013249999999970896
2082,0.8032924246554588,0.6184470445975612,0.056779114740008595,0.0,6.760114399036842,0.009841666666545734
2083,1.0746840881823208,1.0746840881823208,0.0,0.0,0.5843469391730287,0.015766666666650053
2084,0.9811170228543075,0.934486610990411,0.055867665418227214,0.0,1.7202751883425746,0.013666666666665606
2087,0.9617438210002832,0.910594474267389,0.030303030303030304,0.0,2.078413939229488,0.010541666666654237
2091,1.180052650920296,1.180052650920296,0.0,0.0,0.7750693761895633,0.012533333333351493
2099,0.8716619432466447,0.8716619432466447,0.0,0.0,0.6853438544813454,
2101,0.8226911178960278,0.8226911178960278,0.0,0.0,0.6441762288303132,
2102,0.8148350317179534,0.7932587293233723,0.015504807692307693,0.0,3.833600221163726,0.012400000000070577
2103,0.7413694567176219,0.7413694567176219,0.0,0.0,0.9076533964194793,
2104,0.8757301352275433,0.8225071811702727,0.05885911840968021,0.0,2.9307557345833017,0.013816666666656374
2105,,,0.0,0.0,,
2106,0.9794891443586046,0.9794891443586046,0.0,0.0,0.5270471830206478,
2107,0.2801704300249971,0.27949032069802915,0.0,0.0,3.7689321979391113,0.009799999999998477
2108,0.8209667795459852,0.8209667795459852,0.0,0.0,1.1464567903233935,0.004166666666606034
2111,0.6894873205943001,0.6876309184963336,0.014143920595533498,0.0,4.3703028582527885,0.017033333333301925
2112,0.817371810658312,0.817371810658312,0.0,0.0,1.4985049007921643,9.999999997489795e-05
2118,1.010757208373959,1.010757208373959,0.0,0.0,0.43491087610641427,0.009100000000017872
2119,0.8710091902087331,0.8414668474525389,0.0,0.0,0.48430268013562594,0.008383333333337184
2120,0.9249725338201414,0.9249725338201414,0.0,0.0,0.5871977355358033,
2122,,,0.0,0.0,,
2123,1.4778655974038695,1.3308986139307213,0.0,0.0,0.3574448120896587,0.016933333333327028
2125,0.8276022281431212,0.8276022281431212,0.0,0.0,1.9140021436824024,
2126,0.6823678916822908,0.6702205194581803,0.0,0.0,4.716744442771855,0.01131666666668707
2127,0.9826786184928834,0.9380523782042745,0.0,0.0,0.8013187417006294,0.01046666666661622
2128,0.7016321781660075,0.6835122348089959,0.0,0.0,2.5955322453016643,0.010166666666691526
2130,0.5060183439482404,0.5028300914214332,0.0,0.0,4.3813232206306285,0.013599999999961199
2134,0.9936958224272938,0.9593491918790262,0.01835016835016835,0.0,1.4136596482980353,0.011700000000018917
2135,0.372614698189738,0.36614185412490385,0.0,0.0,4.440948100713901,0.006566666666699916
2136,1.0481439562689912,0.9721294347026136,0.0,0.0,0.5401059789084285,0.011966666666666015
2137,0.6404260700167252,0.6404260700167252,0.0,0.0,2.276991728029812,
2138,0.8504063574648912,0.8138452419350997,0.01683644595359366,0.0,2.135183440808525,0.011633333333520568
2139,0.985038933906283,0.9512994321542596,0.0,0.0,0.9230740058563247,0.007333333333349401
2144,0.9159107874100129,0.8495125181880279,0.021858576206402296,0.0,1.9976110038720594,0.009550000000004388
2147,0.805479991194367,0.7802701622377051,0.0098451862602806,0.0,3.0272711772641268,0.011399999999980537
2152,0.8220456485098455,0.8047856674425442,0.012362637362637362,0.0,2.2265373277423315,0.009650000000007708
2155,0.8983087925716182,0.8189453361830765,0.04196009389671361,0.0,3.9113060325470466,0.010116666666704077
2156,0.917847423257452,0.8852494364412413,0.0,0.0,0.48363500066499615,0.009883333333334576
2162,0.29000089395338285,0.27269183715051704,0.0,0.0,3.3621969016817115,0.010775000000002422
2165,0.9862215086875695,0.9107649376359395,0.040270270270270275,0.0,2.1845278954008154,0.010466666666658853
2166,0.8527322092635611,0.8215805824942763,0.0,0.0,0.5900368620259109,0.0072000000000116415
2170,1.0726379707092208,0.9991334328716739,0.0,0.0,0.9505917833717992,0.010733333333334372
2172,1.0237033570719247,0.9895927195762632,0.0,0.0,0.3383889095910296,0.005066666666607489
2173,1.005818218001551,0.9679159405727717,0.0,0.0,0.6307926817401951,0.009816666666608853
2174,0.9773020907663771,0.9526000075962329,0.0,0.0,0.7442161117447244,0.010250000000041837
2176,0.47987641896407696,0.45049676843587494,0.00995049504950495,0.0,3.2145232339319123,0.007633333333387782
2177,0.8433343267932865,0.7789531197751722,0.029678362573099415,0.0,3.1891863740618636,0.011683333333344592
2178,0.9754762175731925,0.9223287500476945,0.028991596638655463,0.0,1.666436134101121,0.010316666666668084
2180,0.786657688445924,0.7564671019312645,0.0,0.0,1.7392015834934835,0.008800000000064756
2181,0.9902978508443883,0.9472430557806477,0.0,0.0,0.680207254213768,0.006900000000086948
2182,,,0.0,0.0,,
2183,0.48814526437921735,0.460639062255315,0.014583250473955641,0.0,6.657413075478309,0.01047499999987167
2184,0.819761714975556,0.7734954467323579,0.024390243902439025,0.0,4.423717135818784,0.009633333333365357
2185,0.9056678418150257,0.8630919411153477,0.018187830687830687,0.0,2.155379995068282,0.012000000000000455
2186,0.5202226057091237,0.5153658412423836,0.0,0.0,3.559221201215167,0.0147666666666737
2187,1.0002194000348452,0.9551982318847727,0.0,0.0,0.7744768352856146,0.009266666666576384
2188,0.7755683165811462,0.7426299366278681,0.0,0.0,1.1051279958164606,0.009949999999932402
2189,0.9851394948863655,0.9109220958217918,0.02702702702702703,0.0,1.5453829347156771,0.010166666666636459
2190,1.202447917221059,1.0431012021172061,0.0,0.0,0.43794355374547655,0.007433333333210612
2191,0.5261959245964761,0.5191072021032133,0.0,0.0,4.820977831504619,0.00544999999999618
2192,0.8761832095804032,0.818752086230181,0.0319518170681911,0.0,2.9582664769926845,0.011099999999999
2193,0.7571300812262589,0.7571300812262589,0.0,0.0,1.3307882114326368,0.017033333333301925
2194,0.9851241554121517,0.9793849239671321,0.0,0.0,0.47515925034269096,0.007633333333274095
2195,1.0466648112643915,1.0275004475713407,0.0,0.0,0.5094465245880835,0.008433333333186965
2198,0.9605354481335115,0.9455254139576055,0.0,0.0,0.8997570467412306,0.0074333333333811424
2200,1.1182448594459287,1.0571439955018183,0.0,0.0,0.747609434476623,0.011058333333323844
2202,0.3614940289999349,0.35915450390270365,0.0,0.0,4.480737083246753,0.009816666666665697
2208,0.7912005823565469,0.7766470787160267,0.0,0.0,2.5819000370812297,0.009566666666657397
2211,0.9209602605938416,0.8781770459242438,0.021739130434782608,0.0,2.115680450001852,0.011750000000034788
2212,0.722710942512099,0.6988500586956914,0.0,0.0,1.9311397002367494,0.00954999999999906
2213,0.5104988422483101,0.47845454435185225,0.007751937984496124,0.0,4.465792199650279,0.008833333333257087
2214,0.7525391710267504,0.6936776316593349,0.019360269360269362,0.0,2.8962816679571834,0.01016666666657784
2217,0.8301600591228675,0.7873329444370822,0.014928698752228164,0.0,2.1652057604435253,0.009983333333323685
2220,0.813161572041605,0.7896843244099438,0.0,0.0,1.4383963711884378,0.009658333333334213
2222,0.42407884534913975,0.42012372986670343,0.0,0.0,1.6237800899193804,0.008500000000069008
2225,0.8149450648348342,0.7661631138460954,0.015151515151515152,0.0,2.346965907649407,0.011416666666661968
2233,0.7534263208728066,0.7139480674235856,0.0221001221001221,0.0,2.937658641616653,0.010083333333341216
2235,0.9124889095090033,0.8969571332741337,0.0,0.0,2.0010110292159875,0.008566666666581568
2236,0.9628811893329834,0.9233310634345157,0.0,0.0,1.1574001566261496,0.00753333333335604
2237,0.9549154546498333,0.9549154546498333,0.0,0.0,0.24945286671234454,0.01723333333325172
2239,0.9629646107743617,0.9047746143059923,0.0,0.0,0.25137086898909416,0.012366666666665083
2241,0.7121599202267876,0.6636386903310624,0.013177222846280135,0.0,2.5525428359829383,0.008199999999987995
2242,0.5688633898388742,0.5463146111727266,0.00909090909090909,0.0,3.7316750446836253,0.011266666666642777
2243,0.732989725559108,0.695514201114712,0.0,0.0,1.977759169016611,0.01064999999996985
2244,0.9930035119656984,0.9495172439248644,0.0,0.0,0.8385474208419454,0.008558333333326118
2246,0.5966127161326749,0.5903241933404475,0.0,0.0,4.440637303852572,0.013200000000097134
2247,0.8143963915994604,0.7916655495942588,0.0,0.0,0.9897296515390284,0.004533333333313294
2248,0.7835310255941619,0.740664326214941,0.0,0.0,2.4670055939005726,0.011066666666692981
2249,0.6340025714623314,0.5994101284990765,0.009879494560179537,0.0,3.8045740382599282,0.01103333333333012
2250,0.8641650540018049,0.8361696971129036,0.01639344262295082,0.0,2.1528368892696905,0.008933333333402516
2251,0.8693811203448063,0.8403416782894934,0.0,0.0,2.509583335216513,0.012366666666821402
2252,0.7813811784980476,0.7679718893419308,0.0,0.0,2.1681806015201968,0.011791666666709943
2253,0.91677129611398,0.91677129611398,0.0,0.0,0.8051547798237115,
2254,0.7625015099260775,0.7625015099260775,0.0,0.0,2.4618872324754175,0.013666666666722449
2257,1.0092847531363627,0.9105282156834456,0.0,0.0,0.37013208591372204,0.012124999999969077
2260,0.5622622524251482,0.5436621156643047,0.0054496317415062955,0.0,6.2859495471544236,0.00953333333336559
2266,0.9717843872176142,0.9313797473264038,0.020842379504993486,0.0,2.0696120643032563,0.010366666666698165
2270,1.0501878229701225,0.9295943152488756,0.07142857142857142,0.0,0.8161435444491865,0.007766666666725541
2271,0.6079718497708004,0.5836619403476461,0.009523809523809525,0.0,3.3642981508435157,0.009749999999996817
2276,1.0649489583890366,1.0359796021794674,0.0,0.0,0.4074555307561005,0.009916666666697438
2278,0.7116419449036062,0.6781880893466139,0.010417797069994574,0.0,3.1591048547597937,0.01023333333341725
2279,0.6043407288707441,0.5615548291375015,0.019230769230769232,0.0,6.487539216316938,0.012958333333301653
2280,0.498232093641781,0.494572199710689,0.0,0.0,2.850101509551901,0.007766666666668698
2281,1.0023506109364595,0.989046444325518,0.0,0.0,0.528867597405009,0.007233333333260816
2282,0.4557540701460343,0.42443395089332553,0.0,0.0,5.04901706667122,0.012383333333389146
2283,0.4962654910802632,0.47910345815095284,0.009615384615384616,0.0,2.9832463309069404,0.011499999999955435
2284,0.9097876993790057,0.8487779844506879,0.03305785123966942,0.0,2.850785731968533,0.010941666666667516
2285,0.29049605749077795,0.29049605749077795,0.0,0.0,4.203102898683923,
2286,0.2590372438217359,0.2590372438217359,0.0,0.0,2.667145396322004,0.014166666666596939
2287,0.6684378810912288,0.6684378810912288,0.0,0.0,1.894032878114963,0.012700000000052114
2369,0.6314011515384579,0.6300216618831548,0.0,0.0,3.235952834676088,0.008233333333350856
2370,0.4570051099643328,0.4570051099643328,0.0,0.0,3.654259383958174,0.006766666666578658
2371,0.7272631511713965,0.7134076938315392,0.0,0.0,1.1658531453313954,0.01096666666666124
2372,0.8758829514515865,0.8109763565291279,0.02426470588235294,0.0,2.9514845388508157,0.009833333333290284
2373,0.3447355326124991,0.3447355326124991,0.0,0.0,8.70826069785744,0.01993333333332714
2374,0.7577157076571771,0.7577157076571771,0.0,0.0,0.6774453567616723,
2375,0.7950184653683772,0.7796948311391398,0.0,0.0,2.5631824473266027,0.011399999999987642
2376,0.34515315768791593,0.34515315768791593,0.0,0.0,4.405648526252536,
2377,0.6958223294553654,0.6397507182708682,0.0,0.0,2.3043188019806733,0.010599999999982401
2378,,,0.0,0.0,,
2380,0.5368559928001866,0.5368559928001866,0.0,0.0,6.256157966890344,0.012799999999991485
2381,0.7590573788449572,0.6292593586086078,0.0,0.0,4.133978265083766,0.011025000000003615
2386,0.9521677918998608,0.8604513535088529,0.047619047619047616,0.0,2.7593612518701827,0.011349999999879401
2387,0.5189220491181106,0.4696140108274146,0.032019356514369296,0.0,15.17753657458939,0.012991666666721358
2388,1.086657726941347,1.074033569682784,0.0,0.0,0.5798769592505912,0.010583333333386236
2389,0.37177472945246776,0.37177472945246776,0.0,0.0,3.2118028574684803,
2390,1.2598493811924298,1.1746007857130099,0.12480539699014011,1.0,1.4695575496167979,0.00684999999995739
2391,1.0090601926799068,1.0090601926799068,0.0,0.0,0.5165283327268889,0.007800000000003138
2392,0.21649317645785496,0.21649317645785496,0.0,0.0,5.313110671684994,0.008700000000004593
2393,1.2911926143796413,1.244637536972657,0.04880952380952381,0.0,0.8573132461430326,0.011816666666675246
2395,0.41506938493248624,0.40569409343297963,0.005982202500238572,0.0,14.002232780141934,0.017366666666703168
2396,0.15033223584879904,0.14683597227847311,0.0,0.0,6.745884344991148,0.012100000000145883
2397,1.4328183487909816,1.3485761939116205,0.08452380952380953,0.0,0.9740544656299661,0.01520000000004984
2398,0.9568130488799926,0.946704050201691,0.0,0.0,0.8873344557981069,0.008100000000013097
2399,0.9978329756266,0.9632727588162533,0.0,0.0,0.5455661385283299,0.007733333333334258
2401,1.1169456953577028,1.0935241131294808,0.0,0.0,0.2888819220783503,0.016100000000051296
2402,1.2769247369397703,1.2699526011872084,0.04878048780487805,0.0,1.3974271037973947,0.014783333333411974
2404,0.9931863722137494,0.9018317774674306,0.0,0.0,0.2569527121358767,0.002466666666691708
2510,0.5370018045801708,0.4521027970004458,0.046052631578947366,0.0,6.399122403506469,0.008900000000039654
2512,0.7536093849726058,0.6902451401324184,0.027127985303123086,0.0,4.017058516194898,0.009316666666620677
2513,1.0479777746271832,1.0446616123170427,0.0,0.0,0.9418109791951105,0.004666666666668817
2514,1.0663574041414763,1.985513921329961,0.8090909090909091,1.0,594.713656387469,0.0003750000000053433
2515,0.45650739375763183,0.35567920359871574,0.06882267211608528,0.0,23.578652509588807,0.01412500000003547
2516,0.8320924333540243,0.8320924333540243,0.0,0.0,0.5177414818615085,0.014016666666634592
2517,0.9116261686443925,0.7667581193054323,0.08898039966800741,0.0,5.0061873414551235,0.012866666666695892
2518,0.39547433586199066,0.32929755658445503,0.033984592495230795,0.0,23.53901907295117,0.014133333333347764
2520,1.6602909667515373,1.8354575132138886,0.0,0.0,320.26158212476196,0.0006750000000010914
2521,1.0002027083847371,,0.0,0.0,71.6723549488039,0.0005999999999630745
2635,0.9058038524304522,0.9058038524304522,0.0,0.0,2.0973675138543064,0.004050000000063392
2636,0.3668919201900718,0.36597992440602856,0.0,0.0,10.374884579224364,0.015799999999899228
2637,0.9531129579796651,0.9461293404024236,0.0,0.0,1.2685730409027527,0.009141666666664605
2640,0.35565649402398536,0.35565649402398536,0.0,0.0,4.682520610951035,0.009633333333312066
2641,0.7740430990998044,0.6843139557016968,0.054787875224178995,0.0,15.123615111601445,0.013733333333391329
2642,0.2590402511748588,0.2165418792546318,0.067676528769244,0.0,35.04121272266961,0.018058333333357268
2643,0.25727197620428416,0.25727197620428416,0.0,0.0,10.54244162324162,0.01846666666668284
2644,0.47964609345608844,0.45748210764538694,0.0,0.0,10.450303326784564,0.017183333333264272
2645,0.5540188864187757,0.5350803286506025,0.0063092110500756315,0.0,5.515826502502282,0.009724999999946249
2646,0.21113554505441556,0.20314346399599323,0.0037786312217732917,0.0,20.88025756141508,0.016858333333345854
2648,1.2760746906954756,1.2439386526240268,0.07275132275132275,0.0,1.1045239034724519,0.013949999999997686
2652,0.49703453022786004,0.49703453022786004,0.0,0.0,3.486305940215475,
2653,0.693016599257188,0.6562325752603919,0.04406557952927691,0.0,14.422225111861398,0.017783333333397877
2655,0.5744340243358825,0.5744340243358825,0.014657910550261825,0.0,5.152464210259683,0.016333333333363953
2657,1.0798634611423383,1.0798634611423383,0.0,0.0,0.5741546614208375,0.00031666666665586263
2658,0.3625175686710336,0.3326161926329969,0.0,0.0,6.091387038815476,0.00940000000002783
2659,1.0981025485226272,1.0857169011410093,0.0,0.0,0.5236604283917312,0.00693333333333257
2660,0.1692191534837394,0.1652034549835524,0.0013220439691027925,0.0,25.869441119778582,0.011866666666662695
2662,0.9238159710766903,0.8988773419019207,0.0,0.0,2.0761050861055725,0.013299999999958345
