neuron_id,cv2_isi,is_buster,cv2_isi_burst,median_burst_interval,mean_firing_rate,mean_firing_rate_ifr,fraction_bursts,max_firing_rate,cv_firing_rate
1069,1.005388150587417,False,0.941490888199132,0.01140000000003738,1.8355555555555556,1.59724879790101,0.04418886198547216,134,0.1824417940521482
1070,0.999237536610093,True,0.8226812607070165,0.009733333333315386,6.3661111111111115,6.2658852806716965,0.14992582249760014,492,0.11925837987474266
1071,0.7436349833057742,False,0.6371530964910773,0.010366666666641322,9.367777777777778,9.566129671619008,0.06790416320721149,423,0.07887228250254172
1072,0.9764699926075747,True,0.7676355226760855,0.010166666666691526,8.661666666666667,9.373413806793405,0.12186517862869604,323,0.06001678555682334
1074,0.8084076399215435,False,0.727617931670162,0.010866666666743185,3.612222222222222,3.0112932048746703,0.038911104275607504,211,0.12954058510135746
1075,0.7234014582787613,False,0.6347724960906601,0.010333333333392147,4.873333333333333,5.599798791901062,0.04730962152302782,265,0.14344852275744613
1076,0.8525801641271852,False,0.8256930194767726,0.011366666666731362,1.926111111111111,1.9782071474155045,0.013267955004326508,131,0.2796301682411012
1077,1.339959207849884,False,1.339959207849884,,0.0038888888888888888,,0.0,1,0.2711322142351191
1078,0.8754197553203037,False,0.7929068856598026,0.010299999999915599,2.8266666666666667,2.9480734779607363,0.04658018867924528,280,0.12907752827193167
1079,0.8063285764995871,False,0.6821147195933389,0.009933333333265182,3.457777777777778,3.406883341668822,0.05446658097686375,246,0.4353704784564331
1080,0.6047266288269978,False,0.6047266288269978,,0.007222222222222222,,0.0,2,0.6100542596566111
1081,0.5228096893884686,False,0.4943720864678302,0.012316666666670528,1.4577777777777778,3.367402468977208,0.013719512195121951,427,0.4157697446451883
1082,0.9301224485895534,False,0.837515840393842,0.010166666666677315,3.4694444444444446,3.3396399650027284,0.051240992794235385,158,0.10260131668222197
1084,0.8573790929569696,False,0.7967226651377107,0.011983333333329682,2.0383333333333336,2.083756540250773,0.033251567184518944,297,0.18818548371200236
1085,0.5011658287129955,False,0.5011658287129955,,0.5011111111111111,1.5041996016671821,0.0,60,0.8661870675888463
1086,1.058884253441951,False,0.9920816594203902,0.010866666666743185,1.4372222222222222,1.504489169968259,0.03362968689601856,76,0.20746916959575973
1087,1.0512975922249586,False,1.0486915205786314,0.012900000000058753,0.9305555555555556,0.8936968816524828,0.0011940298507462687,38,0.12618702186203273
1088,0.9322821068920798,False,0.9322821068920798,,0.11,1.0174427751687287,0.0,40,0.27218381393227964
1089,1.2945204530527754,True,0.8612800408996429,0.013099999999894862,0.0077777777777777776,,0.35714285714285715,11,0.12992947473443808
1093,0.7558631615772322,False,0.7498311396517019,0.008600000000001273,2.205,2.3622970896594127,0.004787100025195263,179,0.2931638743249252
1094,0.8048435482552501,False,0.7701229934397227,0.005400000000008731,0.47,0.8755858322248822,0.018912529550827423,141,0.5519971904314632
1095,0.7804035858722439,False,0.7804035858722439,,0.057777777777777775,1.4853229850340437,0.0,71,0.11451640242368519
1096,0.9459246330485683,False,0.895733570296746,0.006366666666622223,0.013333333333333334,,0.041666666666666664,9,0.32311379176904775
1098,0.7482118981421485,False,0.7351085419867274,0.0077666666666118545,0.9788888888888889,0.6818812196220737,0.010783200908059024,93,0.4999299428023399
1099,1.0597812975969712,False,0.9832387490438443,0.009083333333251176,0.052222222222222225,1.2435259900704767,0.0425531914893617,49,0.19323286863082648
1100,0.5027603816840416,False,0.5011758240607591,0.004866666666657693,2.045,1.961721169245059,0.0008149959250203749,122,0.27386358914161574
1102,0.6739273325410425,False,0.6739273325410425,,0.020555555555555556,0.9965115114255608,0.0,31,0.14089725653774646
1103,,False,,,,,0.0,1,0.06778305355877977
1104,,False,,,,,0.0,2,0.06778983118637287
1105,0.8711305016519102,False,0.858906341304485,0.0054166666666333185,0.7277777777777777,1.0696191633467205,0.024427480916030534,82,0.65572499861225
1106,0.4105742998994546,False,0.4105742998994546,,0.10222222222222223,1.401354363892037,0.0,61,0.15722668570385184
1107,0.43501535509214495,False,0.42879821547055463,0.004683333333275641,0.9672222222222222,1.3676770626284265,0.005743825387708214,82,0.5984938488381065
1108,1.4845758035786223,False,1.4845758035786223,,0.0022222222222222222,,0.0,1,0.20334916067633932
1109,1.5416397995734807,False,1.5416397995734807,,,,0.0,1,0.13556610711755954
1110,1.033224874302019,False,1.0168842944764978,0.013633333333473274,0.028888888888888888,0.7596777586636222,0.057692307692307696,23,0.17324786969077838
1111,0.4582285810123876,False,0.4412959146055739,0.006433333333347946,1.3877777777777778,1.4206755776850808,0.015612489991993595,86,0.32321666483050554
1114,0.8005011254104198,True,0.5769259281814259,0.010066666666659785,12.814444444444444,12.80785918031561,0.15702765975895258,684,0.1406118682688714
1116,0.9848933375277003,True,0.7908301514126507,0.009166666666715173,7.686111111111111,7.808981728528481,0.15880014456089628,301,0.10273885749647796
1118,1.0102384220050808,False,0.9510470103282666,0.010466666666644642,0.4077777777777778,0.7471961532658304,0.02997275204359673,43,0.382026927228108
1119,0.9545991668843143,False,0.9134345313315383,0.009066666666626588,0.5727777777777778,0.8847211669935711,0.027158098933074686,39,0.32734027667856863
1121,0.907926974528752,False,0.8243454940156968,0.009366666666664969,2.9283333333333332,3.2194281060389525,0.05558717510908746,156,0.15721807048261466
1123,0.8741424062789711,True,0.6892004902341892,0.008716666666714445,7.35,7.497304650270264,0.11232048374905518,348,0.10081335821564373
1124,0.8316835768946088,False,0.7102559312512807,0.009699999999952524,2.883888888888889,2.9351908055835843,0.06318628395299557,171,0.1578716425932327
1127,0.3695592722241438,False,0.3653562240887827,0.0071500000000241926,1.6527777777777777,3.316048361454407,0.002689075630252101,127,0.41513151318576624
1128,0.9779381225916932,False,0.9503393562014645,0.006950000000074397,0.12444444444444444,0.6224657110490809,0.017857142857142856,19,0.751646795015868
1129,0.34218957601445044,False,0.34218957601445044,,2.176111111111111,3.7373057204635685,0.0,133,0.42332367236819907
1131,1.0313163029267447,False,0.9810267774170532,0.007916666666687888,1.1444444444444444,1.0566536608045152,0.03300970873786408,74,0.226948940113706
1133,1.0956357887937298,False,1.080280666964609,0.011533333333332507,0.059444444444444446,,0.009345794392523364,7,0.9848539442307358
1134,0.9810316363079798,False,0.9706647405882323,0.007133333333285918,0.4072222222222222,0.5605663961170674,0.005457025920873124,25,0.339895465529476
1136,0.981566941319101,False,0.9047336618086503,0.00883333333331393,0.9261111111111111,1.1679148487373936,0.05338932213557288,63,0.29672804053495183
1137,1.0713520447666771,False,0.9880689069520143,0.01098333333334267,0.6694444444444444,0.9734493368759268,0.056431535269709544,51,0.29246790669040684
1138,1.008194557622727,False,0.9311961647118053,0.009366666666664969,1.6366666666666667,1.632111125890392,0.0471826205023761,95,0.2400971919628023
1139,0.9568571331972422,False,0.9090568995819317,0.00733333333333519,1.3766666666666667,1.454253088085839,0.027037933817594836,68,0.2025762520261281
1140,1.0622627819102641,False,1.0281073087865134,0.006066666666583842,0.455,0.657831168541993,0.0231990231990232,51,0.41504014803006045
1141,0.6824741466825068,False,0.6546135387782365,0.006066666666697529,0.7583333333333333,1.6183344733581317,0.023443223443223443,355,0.8259326495706771
1142,0.6078135259292682,False,0.6022897667528926,0.002033333333315568,1.2761111111111112,1.1976548618079808,0.00261210274270788,74,0.18863023722843092
1143,0.48970901074400364,False,0.3913306825867365,0.005333333333283008,3.573888888888889,3.902276827717129,0.0655992538473496,181,0.21246919006554266
1144,0.3978759212532728,False,0.34516075758668624,0.015999999999849024,23.15888888888889,23.47232377130791,0.05438276639639207,887,0.05435264678183153
1145,0.9186739764480225,True,0.7286570914405602,0.00953333333336559,6.723888888888889,6.844181734286742,0.11757415516814013,443,0.14059879462210512
1146,0.5215763830029212,False,0.4452111148273809,0.010599999999991283,19.923333333333332,19.628405247925144,0.05632703139813731,853,0.053695154295094936
1148,0.6412640821373204,False,0.5506677281708854,0.012016666666681886,4.931111111111111,3.803507664410679,0.05633168093735917,417,0.17110502312699702
1149,0.5637939024601731,False,0.44631215097843263,0.009999999999990905,19.322777777777777,19.874326401964097,0.08194128978465254,660,0.0464605709329991
1150,0.7999790628174434,False,0.6260790217430192,0.009983333333309474,8.026666666666667,8.233600338782164,0.09454595791805094,327,0.08596514935728004
1151,0.2790478236376298,False,0.2774735983512263,0.007300000000014961,3.423888888888889,3.4248092178227623,0.00048677592081778357,121,0.041843102390002336
1152,0.4597035351847245,False,0.45711791590531675,0.0072000000000116415,1.9066666666666667,1.9414687910059243,0.0008741258741258741,75,0.09648354145661137
1153,0.9199341536058687,False,0.8134395090202341,0.009866666666603408,3.326111111111111,3.0073741977831427,0.06714548187740103,242,0.27987536368203814
1154,0.41849324070253063,False,0.39248133319002987,0.010733333333291739,2.546666666666667,2.7829525625290428,0.00894415357766143,140,0.17877684704790617
1156,,False,,,,,0.0,1,0.06778305355877977
1157,1.0731830748747642,False,0.995818613117242,0.010866666666629499,0.12166666666666667,0.7501122358936385,0.0547945205479452,41,0.8837266846158038
1158,,False,,,,,0.0,1,0.06778305355877977
1159,1.4627604453441725,True,1.3806416575810285,0.005766666666659148,0.022222222222222223,0.533310282169098,0.375,16,0.6336395988089235
1165,1.115427822199631,False,1.115427822199631,,0.04611111111111111,,0.0,7,1.0100004258054651
1166,0.5450317055271778,False,0.5413149461696554,0.015666666666675155,3.2794444444444446,3.2335562030848264,0.0022022700321870235,166,0.16602021169260153
1167,1.000710857328111,False,0.9467745291605891,0.0006666666666887977,0.9872222222222222,0.8869564880905731,0.08328643781654474,130,0.3193660782029983
1168,0.9080179079379723,False,0.8472413807239767,0.010799999999790089,1.3733333333333333,1.3932056547336868,0.031957928802589,103,0.423148037500134
1170,1.1782992274918718,False,1.1183178741003057,0.01499999999987267,0.1361111111111111,0.7225819585528854,0.036734693877551024,36,0.6921667320728004
1171,1.0297617734040865,False,1.0297617734040865,,0.11388888888888889,0.557641842261857,0.0,25,0.73390507249351
1172,0.8656303592726795,False,0.8563284766554864,0.0034500000000008413,0.1988888888888889,0.9166285109901801,0.01675977653631285,34,0.7900212697088457
1173,0.4932047932240486,False,0.4932047932240486,,1.0716666666666668,1.1116343673186984,0.0,47,0.2052943779062466
1174,1.050816689140663,False,1.037886560419715,0.0067333333333863266,0.18666666666666668,0.5813642048123366,0.008928571428571428,21,0.5935302161591897
1175,0.6617878674716938,False,0.6453439216761848,0.007316666666611127,4.011666666666667,4.021642597963437,0.008863038360337904,157,0.14689031819695536
1176,0.6426230197360953,False,0.6412511327727052,0.013799999999946522,0.9066666666666666,1.2119652667628387,0.0006127450980392157,65,0.3836544203608469
1177,1.169561998333161,True,1.0782518673010077,0.006399999999985084,0.017777777777777778,,0.25,14,0.2953750347199606
1178,0.524502639275717,False,0.49962849790586766,0.009633333333340488,5.243888888888889,4.96646958852364,0.010276512342409153,234,0.06674985857329091
1179,0.5446966530799987,False,0.5381650612754693,0.0158000000001266,5.145,5.189174314071495,0.003779289493575208,370,0.3342466550134416
1180,0.8858123549256119,False,0.8827439748481867,0.0147666666666737,0.6966666666666667,1.0169681174210543,0.003987240829346092,93,0.6632416815331216
1181,1.2830942513919021,True,1.1829399121293966,0.008333333333382598,1.1205555555555555,1.0826253364046274,0.3921665840356966,105,0.4208320515313167
1182,0.41772890512187777,False,0.4126600899205163,0.012133333333395058,1.71,2.13749178038337,0.0022742040285899934,179,0.5680366972938489
1183,0.413616797918796,False,0.4128084127220262,0.0009666666667271784,1.843888888888889,1.4246556422778363,0.00030129557095510696,98,0.19156825343417752
1184,0.5488805130210137,False,0.5311428629404894,0.00623333333339815,1.8427777777777778,2.3770391139763256,0.006933976484775399,117,0.25327687554342554
1185,1.870669567532701,True,1.5474967285310246,0.00033333333340124227,0.009444444444444445,,0.47058823529411764,10,0.20337265818099892
1186,1.0374173826793969,True,0.8510447538428211,0.009999999999990905,5.056111111111111,4.972291863738146,0.160421931655862,320,0.23160732449034493
1187,1.0960084326801958,False,1.06935648031049,0.009666666666589663,0.4672222222222222,0.6506108334501765,0.015457788347205707,32,0.5232201880109841
1188,1.0357884485402986,False,0.9915075947887395,0.0007666666666636957,0.2727777777777778,0.5380640653656088,0.026476578411405296,35,1.0961990850876573
1189,0.9877808343955155,False,0.9644442982144295,0.0049500000000080036,0.4588888888888889,0.729902618332724,0.014527845036319613,47,0.989624645158401
1190,0.8795051168936365,False,0.8599440953016495,0.010366666666755009,0.9733333333333334,0.9930084000714406,0.012557077625570776,54,0.3368901723836942
1191,0.9304787229396392,False,0.8732504669077804,0.009866666666653146,1.6494444444444445,1.6640793019357587,0.02963960929605928,90,0.3613103534869201
1192,1.006890438826007,False,0.9410536821023548,0.009966666666713309,1.7883333333333333,1.809186109670884,0.04597701149425287,91,0.26723846904821275
1193,0.9420473933335171,False,0.7975403295263026,0.00996666666666357,5.3838888888888885,5.309920091563663,0.06913631204210093,216,0.1272689408905477
1194,0.9028737608573609,False,0.8659523962783036,0.01120000000000232,0.8905555555555555,0.8165017952069813,0.018091079226450407,62,0.40211330350766156
1195,0.9254458683115789,False,0.9228619115259413,0.00551666666666506,0.97,1.0209664382774892,0.002290950744558992,75,0.4391816380588247
1196,0.9817398433231419,True,0.8211984953326215,0.008816666666689343,4.082777777777777,4.214078803984789,0.1066811811130766,227,0.30030271070288767
1197,1.082669134615824,True,0.914863940199859,0.009633333333340488,2.205,2.150882581600138,0.12799193751574703,148,0.5426856819528197
1198,0.9825346250668158,False,0.941641868263224,0.010399999999975762,0.5427777777777778,0.6348356021178256,0.02661207778915046,43,0.6828272005468544
1199,1.110186117534778,False,1.0910555424013217,0.004133333333356859,0.07055555555555555,,0.007874015748031496,14,0.9391253469569995
1200,0.9670049597303317,False,0.9282158177956835,0.01059999999995398,1.0127777777777778,1.001269595759669,0.02029621503017005,51,0.24667950472625824
1201,0.8271486730687837,False,0.8223426061114189,0.008300000000019736,1.316111111111111,1.301454669930169,0.002532714225411566,58,0.18650698057699075
1202,0.7504650815412159,False,0.7421257611278969,0.008699999999954855,2.5838888888888887,2.5988398167861195,0.0043001505052676844,109,0.21616345378633156
1203,1.058753890006036,False,1.027005427911849,0.007533333333412884,0.42944444444444446,0.619966617435338,0.016817593790426907,30,0.481241911206492
1204,0.8940487487004352,False,0.7350952508493762,0.009566666666614765,6.488888888888889,6.3507222759215525,0.09323630136986301,298,0.09571307746365693
1205,0.823870401435888,False,0.7168360105129234,0.010700000000156251,4.125555555555556,4.297560916742574,0.041745219499057365,188,0.0942559536799358
1208,0.9569511567679986,False,0.9215013408559868,0.008333333333439441,0.7244444444444444,0.7517830181192448,0.02147239263803681,52,0.4688468859631615
1209,0.9091694777237791,False,0.8977633453586055,0.011566666666567471,0.885,0.8742108240775335,0.005649717514124294,72,0.4815081305291337
1210,0.92926396785034,False,0.8804157504815461,0.009833333333347127,1.3905555555555555,1.3436809414425164,0.027566919696364364,82,0.33446784245472094
1211,0.9543560865024888,True,0.8164820266799266,0.009733333333315386,3.523888888888889,4.508719189626638,0.13321772032161439,213,0.3604195850532552
1212,1.0830349287457386,False,1.0123685128087254,0.010816666666698893,0.5555555555555556,0.62801007572889,0.052,48,0.714838614058884
1213,1.276294824487582,False,1.276294824487582,,0.007222222222222222,,0.0,2,0.6778373132153908
1214,1.0967712403365468,True,0.9439315134158642,0.009783333333302835,0.9733333333333334,1.0334633626044027,0.12214611872146118,84,0.9484031438734049
1215,0.8910273389386797,False,0.8219280243466583,0.010299999999915599,3.1822222222222223,3.061973695323169,0.03823324022346369,128,0.13479147580088854
1216,1.017951013853133,False,0.9612079409953534,0.01083333333332348,0.79,0.8984393139614705,0.03305203938115331,54,0.37665320692586046
1218,1.994840199073591,True,1.9913616078212666,0.0001333333332240727,0.0038888888888888888,,0.14285714285714285,3,0.2711480290007108
1219,0.3902986396823185,False,0.362937132694958,0.010183333333344535,3.4855555555555555,3.5314582996619324,0.00956327701625757,121,0.0506607183267087
1220,1.03074228970998,True,0.9319555952069255,0.010333333333306882,2.477777777777778,2.640377254591221,0.12331838565022421,245,0.28067778902771634
1221,0.6264719162289196,False,0.5346666275667586,0.010500000000035925,5.110555555555556,5.198935459686249,0.03750407653005761,231,0.09508521698975164
1222,0.6478813255741847,False,0.6005693235341077,0.011799999999993815,2.2094444444444443,3.4896089098498604,0.02137289414131255,216,0.7390262024788934
1223,0.5778563188230763,False,0.5253130809808336,0.014800000000036562,11.41388888888889,12.306261870411308,0.03684594791920175,517,0.10911199428850088
1224,0.7035136179067617,False,0.6846007443870341,0.011000000000194632,1.6666666666666667,3.5470774788485695,0.011666666666666667,141,0.45417454723144374
1226,0.8099920267618197,False,0.7351843149998452,0.00975000000005366,2.712222222222222,2.714181754789794,0.03441212617779599,144,0.17599861859858085
1227,0.9686203091835778,True,0.7532171233558768,0.010066666666631363,9.466111111111111,9.38229781092717,0.14754386994541932,457,0.09545329218683332
1229,0.7434934621811158,False,0.6530811737496967,0.01433333333329756,10.14,10.121369024445503,0.07117028270874425,426,0.07359245824534093
1230,0.9400213054702777,True,0.7317933261879657,0.010133333333328665,9.901666666666667,10.474378863568736,0.19166245862088313,524,0.09803611556932494
1231,0.9666303650323164,True,0.7438278120484751,0.009533333333337168,7.143888888888889,7.538128272810875,0.18811727194960728,494,0.14027098870088367
1232,0.9112369699333954,False,0.7690199078235732,0.009900000000016007,4.829444444444444,4.8949571668514,0.06441964799263776,216,0.0945807999300841
1233,0.5583651606418174,False,0.5323989561140887,0.011299999999891952,2.5605555555555557,2.50067504794011,0.010631373399869819,131,0.1869036180576972
1234,0.7079493188695871,False,0.6919655891435479,0.016499999999950887,2.691666666666667,4.4413200832627755,0.0086687306501548,216,0.5781514454868981
1235,0.928859302928569,False,0.8626465502978379,0.008900000000039654,2.3827777777777777,2.143393926113923,0.04919561669386804,170,0.22476213083060317
1236,0.549077307468398,False,0.53477354186604,0.00933333333318842,5.165,5.189557974103918,0.006991502635258685,356,0.3105736141120381
1237,1.0000039262537765,True,0.8167171243163445,0.009933333333492556,6.551111111111111,6.673486727684542,0.13950135685210313,307,0.12759920117285686
1238,0.5816805184379179,False,0.5529038241255347,0.015633333333340715,9.701666666666666,9.959600530034537,0.02227566855637634,455,0.10737471125550473
1239,1.0580846225703222,False,0.9918898590622259,0.008000000000038199,1.2794444444444444,1.2550560391160983,0.04385584020842379,93,0.2939076170411006
1240,1.0065518349239162,False,0.9147640366806892,0.01033333333327846,2.7394444444444446,2.8214655239775173,0.06509835733117014,169,0.2092902005382274
1241,0.9720980593224875,True,0.8231770513336824,0.01023333333341725,5.758333333333334,5.665442164539256,0.1095031355523396,287,0.17085160752635403
1242,0.6806665922061739,False,0.6026552157203162,0.0075000000000216005,1.6072222222222223,2.685723702237259,0.05012098167991704,110,0.21514595730639965
1244,0.8121269833158399,False,0.7718944787500551,0.011866666666719539,2.226111111111111,2.380214053474741,0.020214624407287246,156,0.25686532780847454
1245,1.0893472500048798,False,1.0692117391071423,0.006066666666669107,0.3672222222222222,0.8210872689537061,0.012102874432677761,43,0.8676401418417359
1246,0.9812325828629634,False,0.975563859616251,0.012299999999981992,0.14277777777777778,,0.01556420233463035,13,0.7115991132464458
1247,0.5409288886652102,False,0.5365456380739524,0.0002333333333410792,0.30833333333333335,0.5330897960911829,0.0018018018018018018,18,0.18920567900420102
1250,1.0257991037752063,False,0.9710324520256872,0.010583333333443079,1.4761111111111112,1.5138606263173293,0.04064734663153933,86,0.18392942302922183
1251,1.0134640844191574,False,0.9917296932358867,0.010933333333355222,0.48277777777777775,0.6415231427084813,0.018411967779056387,32,0.32239206440990625
1254,0.8850575592453817,False,0.8850575592453817,,,,0.0,1,0.16945763389694943
1255,0.5441956079067527,False,0.5441956079067527,,0.4677777777777778,0.5656421247916543,0.0,21,0.1691071978461607
1258,1.1407012615160965,False,1.1407012615160965,,0.07111111111111111,,0.0,9,0.9823340137134412
1260,0.946713713467652,False,0.946713713467652,,0.021111111111111112,,0.0,3,0.9659421196318578
1261,0.24008365991964084,False,0.23822890442072459,0.012183333333325663,3.377222222222222,3.4178670087223035,0.0006580029610133246,133,0.17148276336057172
1263,0.8399561071908798,False,0.822126114131277,0.009783333333331257,0.46944444444444444,0.6209479838815142,0.007100591715976331,26,0.3378685284077664
1264,0.6318453044415581,False,0.6027211560199698,0.010800000000017462,3.078888888888889,3.0280142610395533,0.013533020570191267,118,0.08243960468304722
1265,0.7167380725586813,False,0.7053970844140224,0.012650000000007822,1.3572222222222223,1.3926517207953983,0.0057306590257879654,73,0.22151120050542616
1266,0.9963266749643686,False,0.9585783877620454,0.010633333333331052,1.403888888888889,1.308297898795514,0.02334784329244163,98,0.18642469132039668
1267,0.47483713805250455,False,0.4656771658677109,0.010966666666689662,1.4405555555555556,1.4221451272515857,0.0038565368299267257,67,0.24071038516439872
1269,0.27198444874113226,False,0.27198444874113226,,2.7266666666666666,3.296208747122119,0.0,134,0.35058112059708296
1270,0.7341287983434321,False,0.6791474088081298,0.010316666666668972,2.5727777777777776,2.5794488819117225,0.022889224789462318,104,0.16955879506499785
1271,0.9034486639199416,False,0.9034486639199416,,0.03222222222222222,,0.0,13,0.6625979037653109
1272,0.7307884821244943,False,0.6896611514391867,0.010299999999915599,2.9855555555555555,3.4149230728434437,0.019910681056940827,172,0.1820738545850785
1273,0.8642118731365716,False,0.8483351150846882,0.014800000000036562,0.9522222222222222,0.6849784998703273,0.0705950991831972,112,0.4745345150812992
1274,0.6702675752327687,False,0.6703616963885877,0.013766666666668925,1.0883333333333334,1.2350624858571608,0.0005104645227156713,51,0.18911173895607075
1276,0.4670210299291894,False,0.4670210299291894,,0.6627777777777778,0.7062505587329481,0.0,35,0.31163112251983827
1277,0.9450387311829802,False,0.9053087603535853,0.010600000000010823,1.4288888888888889,1.4404565500159487,0.024494556765163298,102,0.3446572401898308
1278,1.079891441525832,False,1.079891441525832,,0.029444444444444443,,0.0,4,1.044235498123459
1279,1.2125088915344575,False,1.2125088915344575,,0.008333333333333333,,0.0,3,0.6778599056085756
1280,0.6270822298186588,False,0.6107071213436472,0.005399999999895044,1.666111111111111,1.9726673590617099,0.006335445148382794,89,0.20542717992626486
1281,1.1672963206458684,False,1.096686251004933,0.010466666666843594,0.3977777777777778,0.5786583273251211,0.046089385474860335,29,0.5623625193882608
1282,1.0206824226235283,False,1.0206824226235283,,0.08777777777777777,,0.0,10,0.8791147729798343
1283,0.9815945780467058,True,0.8408086582855014,0.010266666666666424,5.313888888888889,5.308613413565247,0.10151594354417146,217,0.10479665945876959
1284,0.24516232930159326,False,0.24516232930159326,,2.331111111111111,2.505822619333003,0.0,99,0.23845749306184613
1285,0.3165914679616442,False,0.3064649322713672,0.0020666666666784295,2.33,2.4284010489787735,0.003099666189794945,98,0.17652452300422528
1286,1.0323590545106516,False,1.0323590545106516,,0.009444444444444445,,0.0,2,0.4857913528908472
1287,0.8748431407851772,False,0.7888905792252582,0.009733333333315386,2.945,2.7181905863526232,0.04470854555744199,159,0.12973289612070252
1288,0.874835730205656,False,0.8612499615267573,0.003199999999992542,0.2222222222222222,0.6616479018177457,0.0075,21,0.5648449091417792
1289,0.9323352754570259,False,0.8632842798078197,0.01226666666661913,3.925,4.04629944729053,0.05010615711252654,156,0.11268384632564736
1291,1.1505669636813967,False,1.1388778400012711,0.0010333333333250039,0.12666666666666668,0.6315022625662656,0.0043859649122807015,31,0.9803600761348168
1292,0.7193870143630913,False,0.7024662542302706,0.01313333333337141,0.7416666666666667,0.7228457988255705,0.008239700374531835,44,0.2513393671200761
1293,0.9128613698250794,False,0.9128613698250794,,0.08611111111111111,,0.0,7,0.8499918837933814
1294,0.8502613158080266,False,0.8439474933342864,0.016600000000039472,1.1266666666666667,1.2818209668642768,0.0039447731755424065,88,0.6236240237268783
1296,1.0787747317462866,False,1.0607791565630198,0.011549999999999727,0.2816666666666667,0.7853507657321711,0.015779092702169626,31,0.4947077393585004
1299,1.03710849460622,False,0.9772082327275642,0.010233333333303563,1.3544444444444443,1.3524699118821069,0.043478260869565216,79,0.2544987540915441
1301,0.5818121733704582,False,0.5567483346961007,0.008366666666624667,0.9922222222222222,0.9418823142696011,0.008958566629339306,47,0.16023003722385853
1302,1.0222516083278619,False,0.9589365509627213,0.009033333333263727,1.1683333333333332,1.1521200818734763,0.02710413694721826,82,0.3090947789544517
1303,0.9405142597975397,False,0.8464121938847148,0.01116666666666788,2.6127777777777776,2.8506987540055158,0.04146289602381459,142,0.1354070047846642
1304,0.5409815865215643,False,0.5409815865215643,,0.595,0.9316655749081618,0.0,47,0.4197085127878834
1305,1.0234464207660596,False,1.0038196547916434,0.014500000000055024,0.45944444444444443,0.6117137913094919,0.012091898428053204,27,0.43456769636064735
1306,0.9828924204691059,False,0.9722657822052645,0.003183333333339533,0.16777777777777778,,0.006622516556291391,15,0.6849365794004908
1310,0.8419442599241508,False,0.8419442599241508,,0.105,0.6128831062926228,0.0,24,0.786025846477366
1311,1.1491312949061558,False,1.1491312949061558,,0.028888888888888888,,0.0,6,0.8236167131578335
1312,0.47805820202236865,False,0.4513280825840273,0.00883333333331393,1.3772222222222221,1.7451919780497827,0.00927793465106898,85,0.5849668815639338
1314,0.9047155536400723,False,0.870818034316219,0.011783333333359902,1.4572222222222222,1.459104059784082,0.02211208539839878,106,0.4799406359576699
1315,0.36777060333906036,False,0.36777060333906036,,1.2527777777777778,1.7460181056823536,0.0,71,0.4601155654589812
1316,0.6569964169975476,False,0.5984604212973951,0.00816666666673882,2.783888888888889,2.574835965605171,0.027339852324885252,147,0.12327977627493823
1317,0.5748843181897435,False,0.5722979162850935,0.010383333333322753,0.9916666666666667,1.0184408245497116,0.0011204481792717086,61,0.24758987924233825
1318,0.8712083819170668,False,0.7923537528767765,0.009399999999985198,2.6894444444444443,2.366772151557444,0.0425531914893617,189,0.11378302654467437
1319,0.9957647744532354,False,0.9027774950823416,0.01038333333326591,3.0644444444444443,3.05604846757871,0.05982596084118927,149,0.1046695397553408
1320,0.4828342542701695,False,0.4828342542701695,,0.41388888888888886,0.6640678640322892,0.0,26,0.585792860321516
1321,0.4403411723985619,False,0.43610967391355193,0.007216666666636229,0.875,1.0008357957832827,0.0012698412698412698,45,0.2734331417107886
1322,0.5885510412381939,False,0.5885510412381939,,0.6366666666666667,0.7920133507499845,0.0,40,0.31713158986616086
1323,0.9698405011293724,True,0.9522049755918603,0.011799999999993815,0.19277777777777777,0.6457072673096567,0.12103746397694524,43,1.1400375726810776
1325,0.7624004968974651,False,0.7624004968974651,,0.05388888888888889,0.6308573751084388,0.0,21,0.3419844445580475
1326,0.8641723349830598,False,0.8641723349830598,,0.24055555555555555,0.5701127324230517,0.0,19,0.4025793140535074
1327,0.7536543003011381,False,0.7536543003011381,,0.33555555555555555,0.8385406266678805,0.0,45,0.7659708001542559
1328,0.5589898870976537,False,0.5589898870976537,,0.7383333333333333,0.7647213925404659,0.0,36,0.16436632373540547
1329,0.6277895563689867,False,0.6277895563689867,,0.6933333333333334,0.8527329777279802,0.0,49,0.34522834113705647
1330,0.5075883938039145,True,0.48761811913949443,0.018266666666590936,16.982222222222223,16.994699596272376,0.1108348599842973,1101,0.20155596830530711
1331,0.6663873185630116,False,0.6255362181547882,0.00825000000009446,1.7594444444444444,1.7517551633587034,0.016419324281654563,87,0.34292146485685226
1332,0.8027572822517592,False,0.7285048726502741,0.010866666666665026,1.038888888888889,1.7707907424755789,0.034224598930481284,133,0.7115920269401917
1333,0.9450521038684494,False,0.9268824713228121,0.010699999999985721,1.2255555555555555,1.1804853592796707,0.011332728921124207,87,0.31903940407368697
1334,0.6023110877479579,False,0.5992566317803049,0.007833333333337578,0.42,0.5962677091537336,0.0013227513227513227,26,0.32019459155019153
1335,0.9981816138077995,False,0.9981816138077995,,0.009444444444444445,,0.0,3,0.6270003057251338
1336,0.5969338391453066,False,0.5944104870096508,0.004433333333281553,0.5422222222222223,0.9267492239687944,0.0010245901639344263,62,0.5108268679141342
1337,1.049064190562191,False,1.0227963232273232,0.008366666666574929,0.21444444444444444,,0.015544041450777202,13,0.4247188657421451
1338,0.7017850534461467,False,0.6584086225406481,0.014233333333322662,6.562222222222222,6.846482061289443,0.03428716559431087,314,0.4075758907319566
1339,0.9022831151349839,False,0.8667999690898409,0.011283333333295786,2.4966666666666666,2.132086426317109,0.021806853582554516,155,0.19175799752170766
1340,0.9758415769495675,False,0.9565312861739685,0.012333333333259588,0.21722222222222223,0.5541433572327541,0.010230179028132993,18,0.46616840573849017
1341,0.5559320646279454,False,0.5298595906932688,0.009066666666683432,1.5366666666666666,1.6828621130926575,0.009038322487346349,94,0.19795860342987492
1342,1.0504730287684474,False,1.012995297705884,0.009066666666683432,0.5688888888888889,0.8176920885882935,0.021484375,44,0.3947659920526993
1343,0.9508472458390556,False,0.937929717898669,0.006616666666786841,0.7533333333333333,0.8767133099303888,0.008849557522123894,55,0.3585619790090639
1344,0.5338990084830538,False,0.5338990084830538,,1.4305555555555556,1.563441786922426,0.0,79,0.3860473997771923
1345,0.6179654629832584,True,0.5160985253356216,0.013599999999996726,6.988888888888889,7.008285007078597,0.11391096979332273,734,0.5641567865179167
1346,1.0901841445938814,False,1.0901841445938814,,0.059444444444444446,,0.0,6,0.847649959058506
1347,0.8991138735028051,False,0.8811041674601616,0.010400000000004184,0.5194444444444445,0.7547750427953841,0.0074866310160427805,42,0.6134466140448805
1348,0.9251794975364309,False,0.9251794975364309,,0.022222222222222223,,0.0,3,0.986268428053488
1349,0.8799340423335925,False,0.8241654437375036,0.009700000000020026,1.0977777777777777,1.064115222075174,0.027327935222672066,80,0.2668425105002125
1350,0.7785729713115741,False,0.7685264408343302,0.0119166666665933,1.495,1.4775198799873586,0.004459308807134894,97,0.30103248928708254
1351,1.2364054837441205,False,1.2364054837441205,,0.007222222222222222,,0.0,2,0.6100542596566111
1352,1.1003213922264632,False,1.1003213922264632,,0.002777777777777778,,0.0,1,0.30502374101450896
1353,0.765192314327305,False,0.7598206295806276,0.01290000000000191,0.6722222222222223,0.9799563211009683,0.0024793388429752068,64,0.40851676349858407
1354,0.8262755335491566,False,0.7840453777038918,0.013316666666725041,2.652222222222222,1.839523319601327,0.026811897779639715,221,0.19322028016182322
1355,0.310416228327923,False,0.310416228327923,,0.8872222222222222,2.96594907816211,0.0,109,0.6292295827234351
1356,0.6223741137892895,False,0.5703320327426127,0.011449999999967986,3.377222222222222,3.229388461083394,0.0227011021549597,201,0.10968006467141377
1357,0.9771156382265286,False,0.837538354078466,0.009866666666596302,4.697777777777778,4.942601048343857,0.09649952696310313,222,0.14385549083871602
1358,1.0237394623326388,False,1.0005359661716844,0.011066666666692981,0.4727777777777778,0.8789338315629536,0.012925969447708578,50,0.37091028570560636
1360,0.9998022309170717,False,0.9998022309170717,,0.04777777777777778,,0.0,6,0.9994048584924199
1361,0.6103788091307644,False,0.5127224473200105,0.010733333333334372,4.2283333333333335,3.454217972223444,0.04664301668637499,247,0.06150803233932752
1362,0.8765295019352198,False,0.7154144695882495,0.009766666666678248,4.999444444444444,5.862249640032459,0.08289809978886543,282,0.11643410563035077
1363,0.43756685213561336,False,0.4215876353291793,0.008033333333287374,5.376666666666667,5.304015140866157,0.006716263690845216,226,0.04640985747188109
1364,0.32769240097057145,False,0.32706711343586853,3.333333324917476e-05,2.7516666666666665,2.7330253786076515,0.0002018978396931153,91,0.02497709608151446
1365,0.947043893338055,False,0.947043893338055,,0.03666666666666667,,0.0,6,0.9166450098617948
1366,0.36623409782083655,False,0.360454484227728,0.011083333333317569,3.88,3.8748267384369592,0.002004581901489118,153,0.04283061924520163
1367,0.9679522366444453,False,0.8804903398013956,0.009933333333265182,1.0055555555555555,1.7366554541548611,0.04806629834254143,112,0.47617125314479647
1368,0.9052053184152987,False,0.7346436517157768,0.010583333333322287,3.7022222222222223,4.0384288662254475,0.09813925570228091,394,0.26087257690479376
1369,0.8508256241379513,True,0.6400170672127952,0.010049999999978354,8.502222222222223,9.170748357117233,0.10546262415054887,426,0.07151937842109225
1370,0.8220427819064496,False,0.772475248492473,0.009399999999999409,0.9677777777777777,1.5630260341187372,0.023536165327210104,112,0.5076427026496317
1371,0.44316991009050016,False,0.44316991009050016,,1.9,3.0203594175619775,0.0,206,0.35346737710810205
1372,0.6090704585966306,False,0.6090704585966306,,0.6661111111111111,2.2102624751312416,0.0,79,0.5204559409227653
1373,0.9762133788312012,True,0.7833685023333656,0.009950000000031878,7.8438888888888885,8.134128346718846,0.12380480203980451,304,0.07672126999787737
1375,,False,,,,,0.0,1,0.06778305355877977
1378,0.2934577796632222,False,0.26474942809986607,0.008116666666687422,3.9972222222222222,4.037174616360534,0.00945100764419736,135,0.037803203101637754
1379,0.8074695325343575,False,0.6443688548334042,0.010249999999984993,7.457777777777777,7.694857633861099,0.08224076281287247,422,0.12798524873383846
1380,0.9674552393548341,False,0.8792644965381927,0.009633333333340488,3.436111111111111,3.360979228610472,0.05901374292643492,193,0.13928192754188642
1383,0.5956480535764728,False,0.5160886427946537,0.013799999999946522,14.323888888888888,14.465280310564822,0.05294186091610751,486,0.04696297163530929
1384,0.5123210451108113,False,0.4267922436853824,0.01023333333341725,19.548333333333332,20.507668717657182,0.06061897860005116,745,0.04475403804757713
1385,0.6237238043083484,False,0.5688889182676768,0.011099999999942156,4.879444444444444,4.634638426542104,0.024251394739838325,231,0.06538930520388307
1386,0.7502825447468995,True,0.5888691572845948,0.010133333333328665,7.885555555555555,8.75756347780256,0.10581936029308159,457,0.13986759139621208
1387,0.8246876538794897,False,0.7370237716135075,0.010783333333279188,3.5877777777777777,3.6578278268037803,0.052028491793124805,282,0.24097742454825727
1389,0.6760818241796843,False,0.6536701927841475,0.013033333333396513,1.7183333333333333,1.6439039470467622,0.013902360168121564,135,0.18303818515023426
1390,0.8658385993313549,False,0.8658385993313549,,0.025555555555555557,0.8262644347290586,0.0,25,0.35559359775745425
1391,0.9489913305143559,True,0.7598302892928904,0.01016666666667021,5.826666666666667,5.66385269343035,0.1114607170099161,336,0.15457674752929135
1392,0.6753116148232073,False,0.6751224584537604,0.016799999999989268,2.5155555555555558,2.4474379396521484,0.0008833922261484099,111,0.09243690717407999
1393,0.3113885596721075,False,0.2877390836866085,0.012766666666671256,1.9844444444444445,3.8214881051541907,0.0075587905935050395,157,0.2299451833186407
1394,0.5027961382230224,False,0.5018912044931603,0.0030333333333487644,1.6555555555555554,1.6600255177307848,0.0003355704697986577,60,0.04341979420194341
1395,0.9597671041808716,False,0.8590396719961418,0.00948333333334972,2.466666666666667,3.8907943013841133,0.06801801801801802,196,0.27013040667971144
1396,1.5825699817903183,True,0.25004839883822977,0.0006333333333259361,5.418333333333333,5.622126163586753,0.3857274684712396,230,0.056896997587895105
1397,0.3495349738190641,False,0.3447467394372168,0.0003999999998995918,1.9744444444444444,2.6898939878768147,0.0014068655036578502,114,0.2949562332875309
1398,0.9887497010164151,True,0.7503245086530983,0.010066666666716628,11.311666666666667,11.38334791378518,0.17872403123618683,402,0.055073369573793746
1399,0.9747298902880353,False,0.7792079770197277,0.009933333333265182,7.093333333333334,7.071400127895248,0.07424812030075188,244,0.024304507802426118
1401,0.4542080346485648,False,0.41754043222132686,0.014750000000049113,6.875555555555556,7.124611043475115,0.029088558500323207,664,0.4261916632576976
1402,0.5954454193127147,False,0.5954454193127147,,0.002777777777777778,,0.0,1,0.33891526779389886
1403,0.5889986533602519,False,0.5791057581242406,0.0012000000000398359,1.1794444444444445,1.4805869729668373,0.004239284032030146,127,0.4788338491745208
1404,0.8741818940869946,False,0.8741818940869946,,0.015,,0.0,2,0.8360154689089322
1405,0.9115643605814158,False,0.7194673669814545,0.010433333333331518,7.586111111111111,7.857936031317188,0.07975100695715855,261,0.0355429480535603
1406,0.846036996679326,False,0.7279760412606707,0.01083333333332348,5.250555555555556,4.907919431478315,0.056607766373928683,266,0.05692349995864966
1407,0.581846300324159,False,0.581846300324159,,0.7766666666666666,1.31446810041684,0.0,107,0.547017160126049
1408,0.4168926333366062,False,0.37907325972782885,0.009383333333317978,1.9727777777777777,1.2056941703816295,0.0411151788228668,128,0.2810191190302284
1410,0.9447668890410784,False,0.8759705800015903,0.010433333333338624,1.835,2.4682220503119225,0.03905540417801998,109,0.18834483388277787
1411,1.2079850301005075,False,1.2030630123923385,0.019133333333286373,0.1288888888888889,0.5486941041327629,0.004310344827586207,17,0.6221293555615355
1412,1.6430534948232922,True,0.25478388668412966,3.3333333362861595e-05,4.311111111111111,4.244329694708086,0.39755154639175255,164,0.08160773564207045
1413,1.0429300052400767,True,0.5069211753833507,3.3333333362861595e-05,3.49,3.2739230911478705,0.17940146450175104,220,0.05632591518731319
1414,0.7199911548332131,False,0.7199911548332131,,0.2,0.701371241574938,0.0,31,0.8342891355374745
1416,0.6297307103210259,False,0.5853254631940897,0.009733333333315386,1.9894444444444443,1.9725854734624888,0.018709857581681096,81,0.09318889689476326
1417,0.8438831346382898,False,0.8109303279181104,0.008966666666765377,0.7505555555555555,0.7835199287760497,0.017024426350851222,63,0.2518421093247219
1419,0.7356914486137301,False,0.7356914486137301,,0.1738888888888889,,0.0,13,0.4026126095811023
1421,1.1816756440707687,False,1.031166863606609,0.005000000000109139,0.035,,0.07936507936507936,8,0.7319706736244636
1422,1.107560175751203,False,1.0856261543926167,0.013166666666620586,0.29444444444444445,0.8868404598062996,0.026415094339622643,37,0.6305378678958147
1423,0.8873070137655783,False,0.8873070137655783,,0.09722222222222222,0.6868753640940319,0.0,23,0.5984649566442721
1424,0.6309191582544064,False,0.6309191582544064,,0.3827777777777778,0.6080030631375117,0.0,24,0.2746607094881711
1426,0.9258788206918387,False,0.8884901095554567,0.010950000000036653,0.6538888888888889,0.7564210503766544,0.016992353440951572,47,0.23837493874745969
1429,1.055168920898697,False,1.055168920898697,,0.018333333333333333,,0.0,3,0.6157191333689758
1430,0.904540855460484,False,0.8790251531746686,0.00929999999999609,0.6694444444444444,0.9316399872858439,0.00995850622406639,49,0.42740548749335505
1434,0.648494000028608,False,0.6301127939837424,0.012000000000057298,0.8911111111111111,0.8987263443109041,0.007481296758104738,65,0.4481555951323498
1435,0.38386866162357103,False,0.3786875118990739,0.007799999999861029,3.3183333333333334,2.6348017031356763,0.001841620626151013,174,0.0625536510318841
1437,0.7634275652854444,False,0.6887747218112581,0.00909999999998945,3.5122222222222224,3.5193071504590137,0.03511546978804176,153,0.10945071689169633
1438,0.605945004228655,False,0.605945004228655,,0.25222222222222224,0.6226408538035082,0.0,28,0.24644154373285188
1439,0.6817741951109159,False,0.6688953664222758,0.0063666666667359095,0.8294444444444444,1.3968564083656747,0.004688546550569324,87,0.5433680498475871
1440,1.031189354635482,False,0.9837966641696856,0.008400000000051477,0.8772222222222222,1.0223031504935347,0.02786573780873971,52,0.4012963745445587
1441,0.9189813084068643,False,0.9086756653349723,0.010966666666718083,0.7711111111111111,0.773873904804455,0.00792507204610951,35,0.23634236745016798
1442,0.6443623080431761,False,0.6322821134068286,0.007033333333538394,0.4122222222222222,1.1714541427362133,0.004043126684636119,44,0.7450731549918652
1443,0.7670846605327102,False,0.7459982783640555,0.011799999999993815,0.975,0.9864974133904327,0.010826210826210826,66,0.2351572008776849
1445,0.5586458994622425,False,0.553753986382765,0.007133333333285918,0.35444444444444445,1.1173005614813305,0.001567398119122257,39,0.5348563547259899
1446,0.9512817050428344,False,0.8909204380327937,0.011366666666617675,0.8222222222222222,1.140062455382024,0.03581081081081081,121,0.7324154611818268
1447,0.6980420308880029,False,0.6173655746845773,0.010766666666540914,4.1338888888888885,4.186059565368804,0.03050665233167585,147,0.04697599100771407
1448,0.9954151160963142,False,0.9288791869690609,0.009633333333340488,1.555,1.5969320853492543,0.03787066809574848,74,0.19613826459983
1449,0.7641808037429708,False,0.7552790140434733,0.0004500000000255966,0.305,0.6371625699402316,0.0036429872495446266,26,0.4019944653513582
1452,0.7623240823406346,False,0.7477679105647971,0.012049999999959482,1.3127777777777778,1.3359204494578818,0.005924672027084215,80,0.31030430648223223
1455,1.1173360764786826,False,1.0366067971819088,0.0031333333333236624,0.5338888888888889,0.8012218295932774,0.06763787721123829,70,0.6692901804395196
1458,0.4825854902786599,False,0.4252418713051683,0.010700000000042564,3.4994444444444444,3.538725125662728,0.0398475948563264,567,0.584127471663172
1459,0.32332377122551564,False,0.3217198911972146,0.018233333333455448,3.902222222222222,3.8796424097843873,0.0038439635535307518,601,0.5933733552102921
1460,0.6964794422700481,False,0.6737487737479386,0.013000000000033651,1.238888888888889,1.1803045356570425,0.01748878923766816,146,0.5732600272056022
1461,0.5400871402209941,False,0.5219267394735063,0.013000000000147338,1.5772222222222223,2.2229156325815635,0.013032758013384995,334,0.5804272249741557
1463,0.7709786660373324,False,0.6925667028886936,0.005416666666668846,1.2983333333333333,1.3162026159916405,0.059050064184852376,300,0.8651435887413773
1465,0.928088955895077,False,0.8717990106769763,0.010766666666768288,2.0405555555555557,2.0601423724363865,0.029676014157364553,93,0.13420082272129957
1466,0.7738328847984566,False,0.7738328847984566,,0.09555555555555556,0.5079882014220821,0.0,16,0.6079148610456394
1467,0.9115412021132516,False,0.8698375466178155,0.009983333333331679,0.705,1.262788644713181,0.018912529550827423,91,0.6902299777510866
1468,1.0100854903528338,False,1.0100854903528338,,0.014444444444444444,,0.0,4,0.44175331548799135
1469,1.013437836624691,False,0.9130461234626134,0.011399999999980537,1.145,1.4208676636949966,0.05579815623483746,155,0.4386385047524936
1470,0.7095636549878009,False,0.6712502062366991,0.013833333333195696,1.3911111111111112,1.4261284400287613,0.015575079872204472,77,0.15114251679929785
1471,0.380238946957493,False,0.335735001625177,0.00923333333332721,3.9,3.906065708082556,0.014102564102564103,142,0.05036038382792659
1472,0.6289084812033039,False,0.6225259021200106,0.018833333333304836,0.1461111111111111,,0.0038022813688212928,11,0.675546253585895
1473,0.8244870005864487,False,0.8244870005864487,,0.04777777777777778,,0.0,7,0.8162107893397063
1474,0.635603977076132,False,0.5920961606707796,0.009850000000028558,1.613888888888889,1.5154366373684431,0.01927710843373494,89,0.08938317729194148
1475,0.570938110125309,False,0.570938110125309,,0.6238888888888889,0.6628452083476213,0.0,31,0.13741706393612332
1476,0.6956367201935948,False,0.6956367201935948,,0.6655555555555556,0.8939251603412246,0.0,46,0.5435250112232386
1477,0.7666240872541266,False,0.7666240872541266,,0.34833333333333333,0.572467302697692,0.0,22,0.2569379743180224
1478,1.107914201989469,False,1.107914201989469,,0.010555555555555556,,0.0,2,0.6326584008497971
1479,0.9059076188152109,False,0.8520527499917286,0.009766666666621404,1.3366666666666667,1.1870456913432577,0.03657522859517872,104,0.19379646219168856
1480,0.8720252396462916,False,0.8520125962447928,0.010666666666679703,1.0027777777777778,1.0049826908771042,0.012742382271468145,81,0.2590049172600608
1481,0.9268341545854899,False,0.8865622499244841,0.0107666666666546,1.3133333333333332,1.3592224780907605,0.02241962774957699,55,0.1566643590366617
1482,0.6579738184060958,False,0.6045276803965528,0.009383333333289556,1.5894444444444444,1.3753529325846041,0.02446696959105208,128,0.2994450493046622
1483,1.0531657272159785,False,0.9631773661905698,0.010166666666464153,0.7816666666666666,1.2098759196330784,0.07746979388770434,114,0.6720243423161985
1484,0.9852357525981809,False,0.9527614304235082,0.013216666666721721,0.3188888888888889,0.8363846701248598,0.017421602787456445,85,0.863424534969339
1485,1.1082904377391463,False,1.0456475929588913,0.011799999999993815,0.7305555555555555,0.9527923340815201,0.049429657794676805,85,0.533533023230117
1486,0.6923819644289871,False,0.6590176444373416,0.008866666666676792,1.3372222222222223,1.3660535947981691,0.015371832156211051,60,0.17908226946069727
1487,0.9623886123477594,False,0.9032165121174527,0.011666666666542369,2.0555555555555554,1.5278870861424143,0.044054054054054055,273,0.1889920326801574
1488,1.0503744737642937,False,0.9846468772157794,0.009933333333322025,0.945,1.1389868376611743,0.04526748971193416,56,0.5314086197621003
1489,0.7871852337575589,False,0.784237817120659,0.00716666666664878,0.9111111111111111,0.8842732250472256,0.0012195121951219512,51,0.16484491085539252
1490,0.677530777229752,False,0.677530777229752,,0.5488888888888889,0.888057276100172,0.0,40,0.1511223824102564
1491,1.0925339099690963,False,1.0234919598952177,0.010599999999982401,1.125,1.1513762182604226,0.046419753086419754,58,0.22736928319854027
1492,1.7493356952768808,False,1.7493356952768808,,0.0044444444444444444,,0.0,4,0.1897958034210159
1493,0.27657055235478145,False,0.26733088795968063,0.010733333333348583,4.446111111111111,4.390267286742167,0.0033737348494314633,188,0.04927203980130907
1494,0.6496548409617936,False,0.5649067797088836,0.011483333333330847,7.769444444444445,7.589679819385268,0.04419020378977476,410,0.07436501758117182
1495,0.3770403754199135,False,0.3770403754199135,,3.045,2.979684547195434,0.0,131,0.08360578309819802
1496,0.4080877011580319,False,0.40385658484220066,0.014133333333347764,1.87,2.5087336169016834,0.0014854426619132501,123,0.48024382308756697
1497,0.323926422437072,False,0.2912182940569561,0.009933333333378869,5.145,5.10298801222382,0.011877766979807795,185,0.0294017445600594
1498,0.5894348432220019,False,0.5874369113525298,0.008133333333489645,0.7616666666666667,2.3284026351589606,0.0007293946024799417,109,0.6080847827411753
1499,0.4988905878561519,False,0.4988905878561519,,0.6244444444444445,1.217557065708668,0.0,77,0.5518589880509994
1500,0.9714658800580794,False,0.8610939860545507,0.009900000000016007,3.7305555555555556,3.5128465785881957,0.06895011169024572,257,0.15385957064959882
1501,0.7789609499171092,False,0.7742284141838198,0.013666666666637184,0.6211111111111111,1.0733018548960014,0.0017889087656529517,59,0.5262308453660085
1502,0.5999646139979276,False,0.5316850235503086,0.010433333333367045,4.75,4.8596551905288425,0.030058479532163743,239,0.17813946269778477
1503,1.0848354021835598,False,1.0590319617514397,0.007899999999835927,0.3194444444444444,0.6608753690212095,0.01217391304347826,26,0.5136565798954054
1504,0.32343380582755565,False,0.23948977204982894,0.00860000000011496,8.74388888888889,8.947924650372489,0.030942245377724126,299,0.036007112104737095
1505,0.31095825144618094,False,0.30780041332016334,0.0004333333333192968,2.1911111111111112,2.229324260305658,0.002028397565922921,81,0.05233338786847789
1507,0.6545467878359422,False,0.6226069642093175,0.006049999999959255,1.9872222222222222,1.9644988122766656,0.013419066256639642,101,0.13862490951183545
1509,0.6523344610434054,False,0.5529216315216511,0.009500000000002728,2.8538888888888887,4.569536788516096,0.03873856336383103,216,0.2764154106784043
1510,0.9547802341740999,True,0.696544459346047,0.010000000000104592,11.716666666666667,11.993631374817934,0.15229966808914178,419,0.04819573077740839
1511,0.7241828332806014,False,0.5885615493259836,0.010366666666641322,5.113888888888889,4.7281087684641125,0.06355241716458447,275,0.12945180681245155
1512,0.507732450023017,False,0.4386922463241929,0.00975000000005366,2.8027777777777776,4.70832000945125,0.024578790882061448,186,0.1922558923781218
1513,0.3156122409184086,False,0.31036792820685266,0.008249999999975444,2.5433333333333334,2.9447354859764374,0.0017474879860200961,120,0.16186965821429955
1514,0.6508822571556744,False,0.6390866808219569,0.009733333333315386,2.776666666666667,2.694082973673758,0.005002000800320128,110,0.10334363289534068
1515,0.6736432224303508,False,0.648343847896366,0.008966666666765377,2.32,1.9922311821577805,0.011254789272030651,161,0.2178023925428034
1516,0.7879324925248716,False,0.6879629894642423,0.00741666666663221,1.3455555555555556,1.1217264631471642,0.07101568951279934,257,0.8772540100947177
1517,0.9517658789570457,False,0.8872449602423641,0.012066666666669335,1.853888888888889,1.6181697399215866,0.05244231345519928,200,0.4318935858850895
1519,0.6206024680854867,False,0.60045946772355,0.010416666666742458,3.1333333333333333,3.6761030299780235,0.009574468085106383,372,0.49753718514792594
1521,0.8084426079662222,False,0.8067306804093575,0.007266666666680521,0.7877777777777778,0.9744880756234058,0.0007052186177715092,197,0.6023144813806998
1522,0.91879358969307,False,0.9095167464015207,0.009333333333415794,0.24555555555555555,0.840788119385382,0.006787330316742082,90,0.9964635970165422
1523,0.5960435075337334,False,0.5621020642815932,0.01046666666661622,4.614444444444445,4.541635087345452,0.017818444497953285,299,0.2424956426751008
1524,1.1870183687573805,False,1.0643413114891234,0.00293333333343071,0.07777777777777778,0.5653911828857124,0.07857142857142857,21,0.37745375571848655
1525,0.8715198166882253,True,0.7380057627709559,0.00916666666665833,2.2872222222222223,2.0382699512778424,0.10080155452999758,394,0.5853939993932558
1526,0.49944469155998894,False,0.4832207044501222,0.01016666666657784,10.036666666666667,10.71282727809004,0.008247536809476364,403,0.10667951134486038
1527,0.7935446569970799,False,0.751934830852576,0.004533333333341716,0.2111111111111111,1.2026456158904666,0.02368421052631579,133,0.7990372723683015
1528,1.1959391807891144,False,1.1017240764516874,0.004533333333341716,0.017777777777777778,,0.09375,7,0.6730258222804436
1529,0.6306585081957978,False,0.6306585081957978,,0.31,1.3811089942906487,0.0,64,0.4204633188215903
1530,0.5160587035278558,False,0.5160587035278558,,0.8038888888888889,1.9432320549784705,0.0,90,0.6054900210095906
1531,0.5851484040500895,False,0.5779089804490195,0.008366666666688616,1.7033333333333334,1.6564631114617763,0.0029354207436399216,125,0.20317818288737374
1532,0.19763722867280678,False,0.19763722867280678,,4.368888888888889,4.33205649576717,0.0,162,0.034948509688110384
1533,0.17278874284304252,False,0.16235195449345424,0.017433333333315204,19.142777777777777,18.262078897207548,0.020808543982354818,1005,0.1028605426725774
1534,0.7108590201866904,True,0.3824707786387104,0.009733333333315386,32.720555555555556,32.72075034967332,0.6690323785591796,2641,0.2694900703302039
1535,0.779571947936117,False,0.7314941682128968,0.012383333333332303,3.8405555555555555,3.8000048355440197,0.04484304932735426,385,0.3705152640562975
1536,0.9171994491428302,True,0.7342069678107832,0.00953333333336559,7.387222222222222,7.621574379536063,0.11182973603068361,271,0.07620751122318327
1537,0.615583399883891,False,0.5984780959034167,0.008666666666670153,2.7944444444444443,2.5352546349078806,0.009542743538767396,372,0.5311357578176028
1538,0.9443105232762515,False,0.8305693594838196,0.010033333333353767,2.5716666666666668,2.4014884793925813,0.09094836897818104,284,0.35121895547276294
1540,0.2738868336657279,False,0.2738868336657279,,3.3255555555555554,3.306501388249699,0.0,120,0.031058416118598317
1541,0.4947861215176625,False,0.43696911250520715,0.010733333333519113,4.275,4.256932278439794,0.019883040935672516,176,0.08659151993492448
1542,1.0396061048181426,False,0.9808039723150139,0.011166666666632352,1.1316666666666666,0.9247026321985622,0.04221894943544428,92,0.3275105969349655
1543,1.0023654585586146,True,0.8928573360118327,0.009866666666653146,0.6305555555555555,0.983215247081867,0.10308370044052863,189,1.0143723452833644
1544,1.2067517193117336,True,1.0749120863235293,0.01296666666667079,0.6055555555555555,0.6151004079796072,0.12568807339449542,79,0.38322125222770104
1545,0.783010264846852,False,0.783010264846852,,0.002777777777777778,,0.0,1,0.23724068745572918
1547,0.6740056011819807,False,0.6740056011819807,,0.345,1.1466651228328337,0.0,66,0.27530913363470383
1548,0.9827329877862689,False,0.904629905389904,0.00925000000000864,0.7472222222222222,1.747004319793542,0.041635687732342004,65,0.4997255551539713
1550,0.3436597478139506,True,0.3590555720919113,0.01656666666667661,24.965,24.965128168717623,0.566993791307831,1741,0.24215154060758237
1551,0.8781598975470772,True,0.5932741011098839,0.009900000000016007,15.318888888888889,15.511602046294138,0.19670704286646842,659,0.10175643695739531
1552,1.1206450156571248,False,1.092525149985675,0.006633333333354585,0.2594444444444444,0.7509105120341635,0.017130620985010708,73,0.6622365992714199
1553,1.0893383789095434,False,1.0446971361938113,0.01290000000000191,0.19777777777777777,0.9118366666850773,0.025280898876404494,40,0.7173839568028142
1554,0.654663112222883,False,0.6492041786688025,0.009666666666646506,1.2038888888888888,1.8460550632399437,0.0023073373327180432,70,0.2342285420262328
1556,0.9201151969618069,False,0.8377747613818917,0.009866666666653146,2.577777777777778,2.797127405507027,0.030387931034482757,103,0.1351868679300845
1557,0.433203944438295,False,0.41342706443498833,0.011866666666662695,3.9766666666666666,3.9503024060840755,0.0075440067057837385,157,0.07838654755911541
1558,0.9227650384013848,False,0.8951034460133148,0.013466666666658966,1.2261111111111112,1.2608048555527263,0.01676483914816493,52,0.189937241219796
1559,0.28243863826779947,False,0.28084981938949183,0.01344999999989227,2.3088888888888888,2.3712611453853656,0.00048123195380173246,78,0.0525759839500962
1560,0.3581524974157608,False,0.35694570165543504,0.011616666666697029,5.265555555555555,5.117087329265331,0.00042202996412745304,278,0.44624486668202057
1562,0.2346068200599348,False,0.2346068200599348,,2.816666666666667,2.8193863594521744,0.0,97,0.038812601640451576
1563,0.9515392882174614,False,0.8975186764045235,0.006966666666670562,1.4211111111111112,1.416185635363564,0.027365129007036748,72,0.18894523910321798
1564,0.5973817129948036,False,0.55602515275682,0.009166666666715173,1.9716666666666667,1.7307578775457793,0.015779092702169626,92,0.1351908431892519
1565,0.43571447378042116,False,0.4356643593025692,0.019633333333331393,3.0772222222222223,2.965350370022506,0.00018053800324968405,216,0.6579380201910602
1567,1.0103129007935674,False,0.9894674924689267,0.013066666666645688,0.45222222222222225,0.5678408156214124,0.011056511056511056,29,0.309355469978902
1568,0.9821412683544951,False,0.9169657523711358,0.009500000000002728,1.1377777777777778,1.272199416665585,0.03564453125,60,0.20966700148676787
1569,0.8907685030490093,False,0.7974008815764073,0.00996666666674173,3.223888888888889,3.376720990050559,0.04153024297777012,140,0.10068834015206797
1570,0.38703613572868184,False,0.38703613572868184,,1.9866666666666666,2.1789994280996914,0.0,72,0.13718313055675824
1571,0.29182875278637804,False,0.29182875278637804,,,,0.0,1,0.20334916067633932
1572,0.9172457650065423,False,0.780507138163798,0.01059999999995398,4.86,5.2067779000072925,0.054755372656607224,185,0.12238163752908242
1573,0.9141485347244351,False,0.7866250030631871,0.009833333333290284,5.135555555555555,5.412401345184529,0.06501514495889225,180,0.07166400759634252
1574,0.8483344075645936,False,0.7881959829225763,0.010916666666673791,1.8844444444444444,1.7950440868462925,0.039504716981132074,251,0.34688427755654716
1575,0.7176080376930889,False,0.6851138522554793,0.009600000000091313,2.0366666666666666,1.9473383314615607,0.01336606655755592,120,0.11312843330562498
1576,1.2465421067259537,False,1.2465421067259537,,0.008888888888888889,,0.0,2,0.4293160178010507
1577,0.42991717572487675,False,0.3988114489710317,0.009483333333335509,2.235,2.1885667584505275,0.012428535918468804,103,0.08474981308001245
1578,0.7338276795076398,False,0.7146871083534043,0.011533333333318296,0.7383333333333333,0.731097572734238,0.014296463506395787,152,1.0450741862526618
1579,0.8284038559444399,False,0.8139977883985409,0.01544999999999419,0.6183333333333333,0.8706281824534547,0.008984725965858042,67,0.34085373990462325
1580,1.1117685791424388,False,1.080572570870265,0.011366666666617675,0.5305555555555556,0.7707497992379702,0.03664921465968586,41,0.3820597447061268
1581,0.4239316856482097,False,0.4180653944243174,0.011699999999962074,3.9983333333333335,3.914713086233191,0.0022231485341114355,162,0.11030370067929794
1582,0.24198088255883374,False,0.24198088255883374,,1.4572222222222222,1.466591888444731,0.0,49,0.04100870390658738
1584,0.8544859678367682,False,0.8437599731241874,0.011733333333339147,1.3466666666666667,1.298261360652803,0.005363036303630363,72,0.2653076348725202
1585,0.4803524662771709,False,0.473949964265764,0.01710000000002765,0.7533333333333333,0.7939596953571636,0.0022123893805309734,39,0.2387748998146787
1586,1.2842319392449573,True,1.2583469330412698,0.009700000000066211,0.6638888888888889,0.6837282565276808,0.27364016736401675,35,0.3106606248393678
1587,0.7645031912346872,False,0.7609435949859107,0.013066666666645688,1.205,1.1890155506908937,0.002305209774089442,54,0.0937872189174132
1588,0.4111225430133388,False,0.4036050535057469,0.008166666666681976,0.8622222222222222,1.9706155527954028,0.002577319587628866,78,0.13006460540270304
1589,0.9525709337594684,False,0.9210261780461925,0.013050000000077944,0.7994444444444444,1.0224774468346645,0.01667824878387769,47,0.29405998401348415
1590,0.24767203528249204,False,0.24767203528249204,,1.2905555555555555,1.3310922736843174,0.0,45,0.06546464818881292
1592,1.1952582154740872,False,1.166027772013426,0.006566666666685705,0.45166666666666666,0.5930254592713748,0.023370233702337023,37,0.6470529077989069
1593,0.7607419331160542,False,0.7220006912476202,0.010916666666673791,1.085,1.1243945461790559,0.018433179723502304,89,0.5356151547991164
1594,0.9627957778440511,False,0.9122652460066114,0.010033333333353767,1.3616666666666666,1.3470655161289633,0.02733578131374949,62,0.15396915890843316
1595,1.0046943077502486,False,0.9700860380350345,0.00966666666670335,0.7872222222222223,0.7784429011845277,0.020465772759350742,43,0.24701459345704033
1596,0.5907987565687518,False,0.5823228231156399,0.011500000000069122,0.555,0.7817829346056901,0.003003003003003003,37,0.36005661181064635
1597,0.8686230585225594,False,0.8686230585225594,,0.021111111111111112,,0.0,3,1.169286196833354
1598,0.3622737973437172,False,0.3622737973437172,,0.6788888888888889,0.7166730210147678,0.0,27,0.1344553443550835
1599,0.5610194920612754,False,0.5610194920612754,,0.4688888888888889,0.6519449430129471,0.0,28,0.3972010328229449
1600,1.1225388483878076,False,1.0607178988554007,0.006300000000010186,0.15555555555555556,1.086016909994425,0.03214285714285714,47,0.20686956408096757
1602,0.952802138859631,False,0.821553841299194,0.00983333333340397,4.9927777777777775,5.042326754616791,0.07566484922666074,197,0.06860045327605392
1603,0.45171412621960044,False,0.4370592377206905,0.011149999999986449,2.8905555555555558,2.8780332250522833,0.005381510666922929,109,0.08216527986416845
1604,0.930086802511901,False,0.862384411975935,0.010300000000142973,2.4444444444444446,2.5005237728991654,0.03340909090909091,91,0.10488820938541442
1605,0.974359660090093,False,0.9301102485551515,0.009733333333429073,1.448888888888889,1.5788300213620123,0.02415644171779141,63,0.11854326466001548
1606,0.9896749451223433,False,0.9382593610742965,0.008100000000013097,1.1305555555555555,1.1067924965834666,0.028992628992628992,55,0.20637223894340362
1608,0.6591629630285806,False,0.6591629630285806,,0.03333333333333333,0.53212801757511,0.0,17,0.1439938424303427
1609,0.22766759461064137,False,0.22766759461064137,,2.4816666666666665,2.752272402636067,0.0,92,0.07963685839467072
1610,0.8805210242111995,False,0.8329271252643248,0.01661666666666406,4.983888888888889,4.896358027793136,0.056181027756103,381,0.17322821599450508
1611,0.47239875759423067,False,0.45354090118358686,0.012300000000010414,1.1572222222222222,2.238031503818311,0.006240998559769563,84,0.4786009360772309
2004,1.0338683404392688,False,0.9974802199688958,0.008949999999941838,0.32611111111111113,0.7440064519596115,0.020442930153321975,35,0.5174646228215611
2005,0.4430757117835335,False,0.4248611968089078,0.007966666666789024,2.7444444444444445,2.664291607020812,0.006275303643724696,123,0.09108175951564813
2006,1.0156076049321838,False,0.9636120995060726,0.012133333333167684,0.3566666666666667,1.0191730217668247,0.029595015576323987,60,0.5879160029359408
2009,0.4832959295372764,False,0.4752278897727481,0.011599999999816646,2.188888888888889,2.0952320409208567,0.0027918781725888324,113,0.12614617366492026
2010,0.455173230352583,False,0.4448614926498932,0.009816666666665697,2.878888888888889,3.2726085874233677,0.0038595137012736396,141,0.19111664058683173
2014,0.6610699822933027,False,0.6398293248337963,0.010700000000042564,1.8711111111111112,1.8121966646369778,0.00831353919239905,84,0.13330609319178693
2016,0.6392592313825535,False,0.5360856318879461,0.012799999999970169,9.66388888888889,9.60716154361168,0.07438919229663696,586,0.1330884924796312
2017,0.7024405256029709,False,0.6776670640368276,0.010616666666692254,2.5416666666666665,2.3642332238115493,0.013551912568306011,153,0.16860791212447918
2018,0.7147767013912542,False,0.7128765770564071,0.006883333333234987,1.2672222222222222,1.154399226911671,0.0008768084173608067,117,0.5042244933891304
2019,0.9986726236171493,False,0.9741329334306945,0.01313333333337141,0.13,0.6565831815943506,0.021367521367521368,54,0.9839698934952543
2020,0.8537909699667325,True,0.8398395298068954,0.009999999999990905,10.33,10.263230322757881,0.43648488759814996,788,0.26205269427819833
2021,1.2837236712164215,False,1.2735970691523726,0.018066666666669562,0.05333333333333334,,0.010416666666666666,10,0.9003127457132053
2022,0.766775739468172,True,0.7538498648753517,0.011666666666542369,16.925555555555555,17.435628793337944,0.3676885708658833,698,0.09172916139021244
2023,0.8321291156440057,True,0.7064011834081254,0.01300000000000523,6.479444444444445,6.52270346467092,0.1563062676841293,605,0.4481504226349538
2024,1.0491517453297778,False,0.9472508459405382,0.010833333333380324,1.1377777777777778,1.6080609206176326,0.0712890625,204,0.6492084539612487
2026,0.973167384154726,True,0.8403957964553103,0.010933333333284168,3.6733333333333333,3.8128383677881557,0.14095583787053842,330,0.4930638738655487
2029,1.0688273742760313,False,1.0261867118389376,0.011283333333381051,0.23722222222222222,0.7268502877693217,0.02810304449648712,30,0.960261426450477
2031,0.6950656883040147,False,0.6854435437649444,0.009666666666589663,3.2355555555555555,3.490273882768501,0.004979395604395604,227,0.22934276653861957
2034,1.000441134950027,True,0.8493530273809959,0.009950000000031878,4.328888888888889,4.6511972902088665,0.12551334702258726,341,0.35380108964744034
2035,0.8703118848777214,True,0.7541466427836433,0.012866666666468518,4.705555555555556,4.880480009937498,0.12219598583234947,606,0.45711858065962635
2036,0.737666635795259,True,0.6395165191894546,0.01389999999992142,7.542222222222223,7.645078356801298,0.10621685327047731,689,0.47276025643132236
2037,0.3416901092493958,False,0.33391598094364006,0.011616666666668607,4.057777777777778,4.113504109541659,0.002738225629791895,164,0.06399852326497465
2038,0.37187885761328043,False,0.36545142924564544,0.014800000000036562,2.7127777777777777,2.6845672608786293,0.002252713495801761,109,0.07446845704259089
2041,0.49643526845372105,False,0.4811135335410823,0.010716666666723995,4.723888888888889,4.347380379791144,0.006350699753028343,437,0.34932768915276985
2047,0.7807176428165651,False,0.7715283986317939,0.013933333333170594,2.135,2.2950252165903837,0.004423627374447047,99,0.19612719430789316
2048,0.5955797726514441,False,0.5778209166723495,0.011566666666794845,4.012222222222222,4.63552698693536,0.008446413735807255,217,0.25984548607839647
2049,0.9236388232204186,True,0.6774414603978334,0.009866666666766832,10.98611111111111,10.615154432873553,0.1358786346396966,435,0.06807979788235788
2050,0.9357392285901671,True,0.75911061798672,0.009733333333315386,6.035555555555556,6.0572119935035715,0.11956921944035347,297,0.17846995275540847
2052,0.9271429068456836,False,0.8253976509744421,0.010700000000021248,3.941666666666667,4.028708669117721,0.06004228329809725,230,0.1360179555452946
2053,0.3642536835753035,False,0.29873724789156275,0.009833333333290284,5.774444444444445,5.600634068507716,0.032133923417356165,288,0.10004988148938217
2055,0.7618644996907827,False,0.7337018360664038,0.01061666666663541,1.7655555555555555,1.6274354738210193,0.012586532410320957,87,0.21418389051690467
2057,0.295414039659295,False,0.28341875520901083,0.009933333333378869,6.402777777777778,6.531024305594389,0.004164859002169197,226,0.05639089534743807
2058,0.7322497618158855,False,0.7044382339752084,0.010566666666818492,3.4155555555555557,3.4140201813490996,0.013175016265452179,132,0.06713471004501126
2059,0.6049514499314574,False,0.5926652297922589,0.008199999999931151,4.535555555555556,4.546306822168374,0.006124448799608035,182,0.09659567952821813
2060,0.30169355611304866,False,0.28903353822185324,0.00873333333345272,5.086666666666667,5.038231340977213,0.004150283966797728,190,0.051625445562395844
2061,0.5300363486514164,False,0.42778068074177855,0.009466666666639867,5.56,5.540633096620346,0.04096722621902478,321,0.05797198686553674
2062,0.747785884031472,False,0.6569042949927304,0.010233333333360406,4.868333333333333,4.80240098403705,0.04393472555061052,213,0.10640404102490095
2065,0.47348403175774256,False,0.47348403175774256,,2.6222222222222222,2.485570290171556,0.0,142,0.25408904688949824
2066,0.6333113758237956,False,0.5775234939695645,0.01226666666661913,2.6344444444444446,2.5654902882533026,0.025516659637283848,134,0.12242986035347625
2067,0.7758970222616021,False,0.75936810693694,0.010633333333336381,1.7216666666666667,1.8791809296155615,0.007744433688286544,76,0.19984565931492274
2069,0.7491168877779889,False,0.7193998806554986,0.01105000000001155,1.7422222222222221,2.820515839423158,0.01594387755102041,177,0.3735213794838451
2072,1.0162567527905697,False,0.9689039394272659,0.010099999999994225,0.7738888888888888,0.9747070213367455,0.030868628858578606,134,0.29384864437947
2073,1.0467806679564629,False,1.023413525080477,0.008066666666536548,0.05555555555555555,0.9347816732737633,0.01,41,0.35312790925641085
2074,0.23536002783304466,False,0.22806110697120846,0.008199999999959573,3.321111111111111,3.5118071195115173,0.00234192037470726,125,0.08453589619749272
2075,0.8391338820650373,True,0.6586986860738746,0.009916666666640594,6.634444444444444,6.302098606508125,0.11321386702394909,508,0.31951751197252803
2076,0.24679748849900773,False,0.24679748849900773,,3.4905555555555554,3.5245513064825333,0.0,133,0.10261576250903166
2077,0.7072271678205398,False,0.6232077023314482,0.01286666666666747,8.062777777777777,8.320474725526344,0.04444291325018949,328,0.06215029816919229
2078,0.5062337467803067,False,0.4879485079369619,0.012333333333316432,4.696666666666666,4.700393185598061,0.007097232079488999,184,0.0654028671922472
2079,0.6702105975064823,False,0.6443324292508206,0.014949999999998909,6.355555555555555,6.069932174485293,0.016433566433566433,265,0.06833588103293935
2080,1.0788094241256827,False,1.0548053216922746,0.0020666666666784295,0.035,,0.015873015873015872,8,0.7440027577299373
2081,0.7058507000258231,False,0.6190386560149668,0.013283333333390601,6.314444444444445,7.000781629714839,0.06457856765792715,423,0.3758643218764723
2082,0.778010474317411,False,0.6305536990456997,0.009999999999990905,7.497777777777777,7.488623738617983,0.0762448132780083,528,0.1401701584164109
2083,1.086361045129089,False,1.0819625201781082,0.015216666666674428,0.4494444444444444,0.8242222940483965,0.007416563658838072,59,0.6120212117757452
2084,0.9553476726255548,False,0.8764226628217373,0.013200000000097134,2.6194444444444445,2.610281318018661,0.09395546129374337,263,0.427783347745992
2087,0.9457295619719311,False,0.8575671954019768,0.00933333333335895,2.025,2.3036973754708905,0.049657064471879286,194,0.30037470376062675
2091,0.9974031410320318,False,0.9902520453047376,0.013449999999977535,0.795,0.7854643605209206,0.005590496156533892,108,0.2854418965970638
2099,0.8582445290545507,False,0.8582445290545507,,0.6261111111111111,0.6698486518194224,0.0,46,0.38333979056355066
2101,0.7410059738514299,False,0.7410059738514299,,0.31333333333333335,1.0026893818974887,0.0,83,0.533594192178954
2102,0.8230356571612188,False,0.7888384741139782,0.01333333333320752,3.886111111111111,3.740396908951517,0.019442458899213724,178,0.11468367065469748
2103,0.7252816696673674,False,0.7252816696673674,,0.29388888888888887,1.0004537644057645,0.0,83,0.34904019920068136
2104,0.7720034299459511,True,0.720833067205786,0.013799999999974943,4.738888888888889,4.8006143836202035,0.19273153575615476,507,0.5428218394362191
2105,,False,,,,,0.0,1,0.13556610711755954
2106,0.8761257112975249,False,0.8761257112975249,,0.2,0.6885784141755414,0.0,80,0.8038014198018147
2107,0.28301589606790695,False,0.2802570508188138,0.0083666666666673,3.7644444444444445,3.7262568112669108,0.0008854781582054309,144,0.04370364130623988
2108,0.7067123800309052,False,0.7058573510272982,0.004166666666606034,1.6288888888888888,1.7341718346882475,0.00034106412005457026,181,0.3918799759567201
2111,0.5065855691635813,False,0.4832405209209237,0.01683333333335213,6.911111111111111,6.854640320331571,0.09228295819935692,1038,0.5486417857955254
2112,0.7178426615067255,False,0.716865503366753,9.999999997489795e-05,1.5572222222222223,1.6993165803143024,0.00035676061362825543,165,0.4075724373544346
2118,1.0364357965668594,False,1.0330741928593212,0.009100000000017872,0.36444444444444446,0.5597348062317857,0.003048780487804878,25,0.41593287458377776
2119,0.8585514875686592,False,0.8533657122705541,0.008383333333337184,0.4438888888888889,0.5613229007446074,0.0025031289111389237,25,0.32469782980131096
2120,0.8991733354679372,False,0.8991733354679372,,0.5916666666666667,0.9057620701265005,0.0,66,0.5171496482191232
2122,,False,,,,,0.0,1,0.06778305355877977
2123,1.3546636539011703,True,1.245396765309429,0.01683333333335213,0.13111111111111112,0.5150761322749838,0.11440677966101695,16,0.7318206937619791
2125,0.7116708690775566,False,0.7116708690775566,,1.931111111111111,2.108280381403192,0.0,177,0.6445657706977417
2126,0.6507587117384522,False,0.6401898896351583,0.011366666666646097,4.071666666666666,4.462524619812824,0.004911993450675399,233,0.29548572215088353
2127,0.8456340658789423,False,0.8325429463969105,0.010550000000076665,0.9116666666666666,1.2429820493599255,0.008531383302864107,94,0.40947890596620656
2128,0.6942989965011649,False,0.6802933778132373,0.009333333333302107,2.485,2.6374773592054583,0.00670690811535882,124,0.11874857226410883
2130,0.5121422186290033,False,0.5055362325799747,0.012266666666675974,4.5744444444444445,4.521391126707863,0.003036191401505951,231,0.1243095139155313
2134,0.9877284393235349,False,0.9529319591124498,0.011700000000018917,1.3444444444444446,1.3303046627134676,0.021900826446280993,74,0.22436235875939564
2135,0.3922349511252181,False,0.38290916149589194,0.006566666666699916,4.392222222222222,4.399834588723208,0.0032886415380723503,153,0.04760960556199209
2136,1.0251019573162223,False,1.0003080747626696,0.011966666666666015,0.49444444444444446,0.6154638313509314,0.014606741573033709,34,0.32376434428150647
2137,0.6299746037263768,False,0.6299746037263768,,2.1666666666666665,2.223487937338137,0.0,92,0.09212553055928582
2138,0.8570396458273004,False,0.8137439113655134,0.012366666666679293,2.1077777777777778,2.094808134446544,0.021085925144965736,91,0.11826301413568575
2139,0.995040590119656,False,0.964306755444334,0.007333333333349401,0.825,0.8907001227884199,0.016835016835016835,57,0.28797365937908104
2144,0.9300032991549382,False,0.8584173486112129,0.009866666666653146,2.0644444444444443,1.673218050739218,0.04278794402583423,128,0.20069581627312968
2147,0.7393044951051142,False,0.7167374876602494,0.012650000000007822,3.775,3.644077564170299,0.012656364974245769,241,0.24651580475200877
2152,0.8094484839536317,False,0.7855790125802989,0.010300000000029286,2.15,2.245088204085029,0.01214470284237726,97,0.12100769154637124
2155,0.8901173117284815,False,0.8190779772164014,0.009833333333290284,3.9783333333333335,3.9546974544382776,0.04580365870688451,246,0.2014270807176456
2156,0.6200715366420606,False,0.5927514700798651,0.011266666666642777,1.1111111111111112,1.620040322913133,0.0115,266,0.546883292044125
2162,0.32998603858487136,False,0.30665907661491937,0.010816666666698893,3.346111111111111,3.4556956949577406,0.007969450439980076,157,0.06899559247209378
2165,0.9944933596625773,False,0.9136485685184659,0.009483333333334149,2.2683333333333335,2.219578224750096,0.05290227773695812,146,0.24173096692297655
2166,0.8360245827606253,False,0.8082523082626745,0.0072000000000116415,0.2338888888888889,1.1208651585168181,0.011876484560570071,63,0.8984743665163697
2170,1.070006040731035,False,1.0018406795815855,0.009066666666740275,1.0044444444444445,1.2321192041298712,0.05143805309734513,95,0.3576123178686784
2172,1.0462590357176458,False,1.0432991986112101,0.005066666666607489,0.25833333333333336,0.8466864542440318,0.002150537634408602,36,0.5168546767506541
2173,0.997955368387825,False,0.9650541814615181,0.007583333333400333,0.6172222222222222,0.6858711753644907,0.019801980198019802,43,0.356581861320567
2174,0.9845888917314048,False,0.962808225189422,0.010066666666659785,0.6672222222222223,0.7550544439303368,0.014154870940882597,43,0.32706107118408184
2176,0.49017853350963736,False,0.4677287503579529,0.008866666666676792,3.078888888888889,3.1295887756065337,0.008841573439191628,122,0.08353048768256494
2177,0.840645543980975,False,0.7779749482852449,0.010966666666718083,3.1883333333333335,3.225245034547722,0.03258407388046698,125,0.10558364421821938
2178,0.9505992366700593,False,0.8862024741871715,0.009549999999990177,1.8272222222222223,1.7605297868413254,0.038309516570386136,179,0.2662686743668763
2180,0.7385752350578876,False,0.7205347491591084,0.010283333333234168,1.886111111111111,1.8909340256338885,0.008247422680412371,148,0.32484555249454267
2181,1.0046152081079889,False,0.9742764309842881,0.007933333333312476,0.6411111111111111,0.7005994097194506,0.016464471403812825,37,0.2752428853603975
2182,,False,,,,,0.0,1,0.10167458033816966
2183,0.4560819373282252,False,0.4185335783364102,0.010566666666647961,7.210555555555556,6.789263691463477,0.01695045843285307,466,0.23356837023909122
2184,0.7834138621231614,False,0.7427467579444222,0.009816666666687013,4.5377777777777775,5.339272468453228,0.023751224289911853,248,0.13597096931969432
2185,0.9032316049967236,False,0.8574107092978553,0.012366666666707715,2.0927777777777776,2.0677417531175726,0.026546323334218212,120,0.20985143367443146
2186,0.5064462570172095,False,0.5060241560543149,0.0147666666666737,3.3944444444444444,3.431368138040601,0.00016366612111292964,154,0.09740664459216546
2187,0.9667096941941115,False,0.9493991268520573,0.009266666666576384,0.6616666666666666,0.8096334854085036,0.007556675062972292,41,0.38915614926875947
2188,0.7829214602205532,False,0.7627007773378072,0.010399999999975762,0.9783333333333334,1.110487712118958,0.009653605905735378,50,0.24865122337213919
2189,0.9706328621151505,False,0.9201410442517174,0.010199999999940701,1.6166666666666667,1.5401903464621065,0.027835051546391754,81,0.18634229301190391
2190,1.2946841896359385,True,1.0403291953064508,0.007166666666762467,0.8016666666666666,1.5798434829219656,0.2176022176022176,133,0.35391346222081993
2191,0.5178415024366115,False,0.5146758920930785,0.00544999999999618,4.715,4.819394924282649,0.0011782726522917403,193,0.08431657970878087
2192,0.8519534115933027,False,0.793276586354728,0.010499999999865395,3.55,2.651040087089127,0.035211267605633804,228,0.14282230298473195
2193,0.7648726205746565,False,0.7583450458319898,0.017033333333301925,1.2927777777777778,1.4465634789887554,0.0030081650193382035,73,0.2062382876781408
2194,1.0080128603942096,False,0.996703271692933,0.008366666666631772,0.41055555555555556,0.5905279963877182,0.005412719891745603,29,0.3768259810990177
2195,1.0239024730676007,False,1.0058859070781871,0.008433333333186965,0.42,0.5530474492809939,0.009259259259259259,22,0.3376127085257356
2198,0.9571538817220218,False,0.92897350268197,0.004866666666657693,0.8894444444444445,0.7688115997639624,0.01311680199875078,56,0.2070639597208358
2200,1.15997411186536,False,1.1093781768209128,0.011133333333361861,0.5172222222222222,0.7863428729796373,0.034371643394199784,50,0.7158540656392786
2202,0.3637458587932646,False,0.35738715697881684,0.010133333333214978,4.541111111111111,4.4066242079315945,0.002446782481037436,174,0.05203409800101545
2208,0.7913541381919781,False,0.7733207109132146,0.009400000000141517,2.5733333333333333,2.5202843129134616,0.00885146804835924,128,0.13592245938697053
2211,0.9188411951508612,False,0.8767991824579149,0.011633333333293194,1.9755555555555555,2.030431066660742,0.02249718785151856,86,0.17412248091488144
2212,0.7346284539020776,False,0.7194004871986323,0.00835000000000008,1.781111111111111,1.862947350064858,0.006862133499688085,72,0.23081227232250928
2213,0.5118630381229701,False,0.4860060046554908,0.008733333333339033,4.382777777777778,4.401772327904808,0.010013943465584992,163,0.05644591198351972
2214,0.7500165017513211,False,0.7029967646869206,0.009133333333295468,2.9194444444444443,2.8315326281235516,0.021503330161750715,127,0.09350365604081921
2217,0.8389494624824217,False,0.7983814460439345,0.009650000000000603,2.102222222222222,2.000898280406542,0.019556025369978858,137,0.18763053442028024
2220,0.8072726765392999,False,0.7795080953405019,0.009933333333435712,1.3833333333333333,1.343306898657999,0.01285140562248996,61,0.15892166371820662
2222,0.4281764334704108,False,0.42387188253011665,0.008500000000069008,1.6305555555555555,1.5650745936511539,0.001362862010221465,73,0.06984879717268462
2225,0.8036492877623667,False,0.7638018060852518,0.010733333333291739,2.316666666666667,2.3194686013434933,0.017985611510791366,104,0.12866355118668812
2233,0.755660641252083,False,0.6995962170739638,0.010083333333341216,2.9155555555555557,2.9618194266090727,0.024771341463414635,111,0.11122813385910964
2235,0.8980827568836516,False,0.8857561846952707,0.007999999999810825,2.0083333333333333,1.8922628601639777,0.005809128630705394,98,0.12242724759221006
2236,0.9541469804229914,False,0.9131156206814086,0.008433333333186965,1.1805555555555556,1.099785272174524,0.02211764705882353,110,0.20440495374265977
2237,0.9681098514107572,False,0.9501334645425217,0.01723333333325172,0.095,,0.005847953216374269,9,0.7235307594739543
2239,0.954772985118074,False,0.9332271431902717,0.012366666666665083,0.1338888888888889,,0.012448132780082987,9,0.5653933472446601
2241,0.668756452093686,False,0.6103694412789409,0.009716666666662377,3.042777777777778,2.159282453462235,0.029578236260726674,296,0.4590130749556314
2242,0.5739583656929114,False,0.5496108388651595,0.01211666666677047,3.73,3.6960953311010187,0.009830205540661306,142,0.0741764714607886
2243,0.8258044081487667,False,0.8092206909301493,0.014933333333260634,0.4255555555555556,0.5927328385595013,0.009138381201044387,44,1.2666565359203181
2244,0.9987083779763564,False,0.9768728333786126,0.009566666666671608,0.7438888888888889,0.7876741122469431,0.012696041822255415,32,0.20641934135844078
2246,0.5905287139895479,False,0.5839675219478648,0.014216666666584388,4.732777777777778,4.500522319523165,0.0035215400868646553,400,0.13812386978866736
2247,0.7557565922072847,False,0.7419983621700093,0.006483333333335395,0.9711111111111111,1.0868561427833494,0.005720823798627002,117,0.620377278804351
2248,0.7214309242249604,False,0.7001333413025104,0.011499999999998067,2.4516666666666667,2.5373148855759298,0.009743938363924768,151,0.2903575857367454
2249,0.6152556616887127,False,0.5886177856714379,0.010316666666653873,3.92,3.7259908199677665,0.011054421768707483,221,0.1092980559506407
2250,0.8660588814519076,False,0.8200602809884943,0.008549999999956981,2.0861111111111112,2.0935304165962245,0.02237017310252996,85,0.12286537286326255
2251,0.8536639160301971,False,0.8324695234820997,0.013100000000065393,2.3916666666666666,2.5145494734361646,0.011149825783972125,120,0.2064913706405435
2252,0.7729161556311585,False,0.7631680675525695,0.013666666666722449,1.8933333333333333,2.0818436622355927,0.004694835680751174,87,0.2697584506892437
2253,0.9401816415395189,False,0.9401816415395189,,0.10222222222222223,0.7063247869412668,0.0,35,0.6047492164436483
2254,0.6597445425653146,False,0.6589009962608056,0.013666666666722449,2.6244444444444444,2.7164187613818997,0.0004233700254022015,269,0.27687353705125506
2257,1.1548634483258748,False,1.0542276478282837,0.013166666666620586,0.10777777777777778,,0.0979381443298969,10,1.100678630230385
2260,0.5485153002137638,False,0.5335431583994757,0.00983333333323344,6.351666666666667,6.448950673273092,0.006822356336919444,268,0.07145596370160963
2266,0.9795903064358946,False,0.9362655716718117,0.01024999999992815,2.0933333333333333,2.028016464789865,0.024946921443736732,108,0.1584317970027605
2270,0.9580384917131987,False,0.8201764445169543,0.007766666666640276,0.9494444444444444,0.9515882252740381,0.09420713867758923,109,0.51883024853745
2271,0.5863193418258934,False,0.5616258337365788,0.008266666666671085,3.23,3.4752756376674903,0.011007911936704506,148,0.2086280041715155
2276,1.071991066900494,False,1.049499314369655,0.009916666666697438,0.29944444444444446,0.6611920062573831,0.011131725417439703,26,0.4692265479737159
2278,0.7071268828604198,False,0.6772306344320889,0.01069999999981519,3.102777777777778,3.101590357186926,0.01342882721575649,127,0.08925260422644624
2279,0.6040191921781904,False,0.5642144271855658,0.013616666666621313,5.335555555555556,5.9344894641941135,0.023740108288213244,363,0.443044892489574
2280,0.5005034552961526,False,0.49675665450438217,0.007766666666668698,2.8005555555555555,2.799670762135229,0.0013886133703630231,102,0.06340543841288722
2281,0.9867717713228311,False,0.9706682460250281,0.007266666666509991,0.45055555555555554,0.6337625008592198,0.011097410604192354,32,0.38416138224615703
2282,0.4524181528815225,False,0.43417889590730185,0.010350000000016735,4.541111111111111,4.525446365139711,0.0068509909469048206,204,0.20338217811178402
2283,0.5190352246864274,False,0.4892316566626132,0.011233333333279916,2.971111111111111,3.008882428273882,0.011593118922961856,112,0.08428391282090437
2284,0.9004715524179956,False,0.8383574337519111,0.010900000000106047,2.747777777777778,2.848601224602338,0.03336029114435908,121,0.17790620469218915
2285,0.30818487347719453,False,0.30818487347719453,,3.5155555555555558,3.556658730145238,0.0,153,0.27876700345917443
2286,0.27222823365344984,False,0.27159920721773395,0.014166666666596939,2.4677777777777776,2.547598105882135,0.00022512381809995497,95,0.10186982111620871
2287,0.6406077208966349,False,0.6388510673260657,0.012700000000052114,1.7183333333333333,1.934514066928835,0.0006466214031684449,91,0.1664146909997874
2369,0.6323262285896847,False,0.6276107793745932,0.008600000000001273,3.7466666666666666,3.3880934922738746,0.0025207591933570582,232,0.1304023306193834
2370,0.45303374335917673,False,0.45128122054541886,0.006766666666578658,3.246111111111111,3.2678668893681,0.0006845798391237378,144,0.2329234618256008
2371,0.6068993923520708,False,0.6015328505421601,0.01656666666667661,2.1572222222222224,1.0939068366084586,0.003347926860674736,281,0.43084844268359745
2372,0.7633470420081637,False,0.7050839217254321,0.009766666666791934,1.8894444444444445,2.977018711025812,0.03910614525139665,279,0.7718123825416335
2373,0.3653831237015113,False,0.3653245422418591,0.01993333333332714,7.267777777777778,7.045467502179454,7.644091117566121e-05,589,0.5024247334362054
2374,0.6289796422417687,False,0.6289796422417687,,0.42444444444444446,1.2689715111731352,0.0,90,0.82079175144385
2375,0.5033035741546975,False,0.4410858606634642,0.010799999999999699,2.2711111111111113,3.4946294974554597,0.032534246575342464,475,0.79021545221496
2376,0.33339138994206996,False,0.33339138994206996,,0.8038888888888889,1.751408335634476,0.0,153,0.29753707963438875
2377,0.4794004317484709,False,0.3722191751853453,0.009833333333347127,5.967222222222222,5.632391943718266,0.05818825062843311,554,0.34928267417002323
2378,1.874537413989318,False,1.874537413989318,,0.0022222222222222222,,0.0,1,0.20334916067633932
2380,0.40705179357875304,False,0.40646030134145905,0.012799999999991485,3.283888888888889,3.534180560857961,0.0003383522246658772,589,0.8468638584343923
2381,0.6549497413339126,True,0.461080401137701,0.011566666666674053,3.096111111111111,3.2700000708725225,0.11878700879239189,1025,0.5092534188940508
2386,0.8443808222954613,False,0.7698994326007299,0.011283333333267365,2.877222222222222,2.7715525809520987,0.04634099246958873,237,0.3528045145648219
2387,0.4119441829527137,False,0.37773449522238034,0.015833333333375776,14.257222222222222,14.258747265253886,0.037174141760511245,905,0.24933186483221165
2388,1.068544641734067,False,1.0487456771923156,0.010583333333386236,0.17333333333333334,0.9305643309094651,0.01282051282051282,53,1.0569032721576166
2389,0.3968724486902596,False,0.3968724486902596,,1.9327777777777777,3.1203712751906414,0.0,246,0.49743300022148507
2390,1.1674968679984525,True,1.069579717509388,0.0065333333333512655,1.6488888888888888,1.557475813499172,0.13005390835579514,159,0.1947623944751493
2391,0.9612259834357291,False,0.9406378845021842,0.000166666666665094,0.7966666666666666,2.4948842917854455,0.01603905160390516,210,0.6145692985828018
2392,0.22705160428106386,False,0.22671661155014394,0.008700000000004593,5.29,4.920972062732988,0.00010501995379122033,224,0.09669870222529228
2393,1.3050976553722131,False,1.2399586128068394,0.011799999999993815,0.7594444444444445,0.8288548562771003,0.05779078273591807,33,0.23774645482955767
2395,0.4042556494498824,False,0.39481958860795724,0.017266666666500896,13.515,13.80948549373836,0.008015784930324331,615,0.09050761242328921
2396,0.15980290201890593,False,0.1572962009574495,0.010350000000016735,6.66,6.504312062151319,0.0008341675008341675,266,0.08318843881036356
2397,1.2346267199953744,False,1.1395455121490954,0.015166666666630135,1.136111111111111,0.9876213914374213,0.07775061124694377,124,0.30003840986931907
2398,0.8490038882400798,False,0.8381636662875929,0.008100000000013097,1.2061111111111111,1.0863644869734221,0.006909258406264394,181,0.49417517877343314
2399,0.9288107559014702,False,0.8966555651537134,0.008050000000032753,0.5666666666666667,0.9609202897748188,0.01568627450980392,93,0.5766820871631452
2401,1.122426231342073,False,1.1040621489601692,0.016100000000051296,0.1511111111111111,0.5216881286199876,0.011029411764705883,16,0.7525010257728015
2402,1.299199539969503,False,1.2793286105040151,0.015016666666667788,0.78,1.421697367177745,0.06837606837606838,57,0.5322352239718554
2404,1.0816461842023353,False,1.046178111834268,0.002466666666691708,0.08444444444444445,,0.013157894736842105,13,0.9274791921312536
2510,0.514037596210208,False,0.39785542064276164,0.008333333333439441,6.509444444444444,6.060326939133943,0.05453614406418025,401,0.33598621358881914
2512,0.681774638432266,False,0.6062361981265502,0.008516666666707806,4.432777777777778,3.738711985158774,0.03935330241884948,362,0.4434056186158517
2513,1.010999898080282,True,0.9632136519319747,0.00031666666666296805,0.22166666666666668,0.7078341161351391,0.18546365914786966,53,1.0500596250671566
2514,1.2720281919537835,True,1.418981342751637,0.00033333333334439885,0.07222222222222222,0.5028097055856156,0.8384615384615385,18,0.6641988176295809
2515,0.4534581654250968,True,0.36238210231088713,0.015866666666681795,18.93166666666667,18.936693182097763,0.11526836282536608,1001,0.19731441194447993
2516,0.63557140949892,False,0.617364213819691,0.015583333333438532,1.1633333333333333,2.524506598202072,0.018147086914995225,439,0.5361120421323914
2517,0.7329053095458208,True,0.5998202051961588,0.01296666666667079,7.427222222222222,8.0264416354161,0.12947864462562644,938,0.2276683820634898
2518,0.39883066614677815,False,0.3375233672619989,0.012300000000095679,20.342777777777776,20.253081259426263,0.05508370429035694,1013,0.2511092157777149
2520,1.4215219709171691,True,1.158231338962102,0.00044999999999362217,0.03222222222222222,,0.4482758620689655,9,0.9461373871335266
2521,1.285853982379772,True,1.9980433220508824,0.0005999999999630745,0.005,,0.5555555555555556,7,0.20336078029638882
2635,0.8909542529251082,False,0.8280296916994296,0.0005000000000023874,0.25722222222222224,1.501943527815797,0.0367170626349892,105,0.8317676776355564
2636,0.3797838389029652,False,0.37239383211714955,0.014466666666521633,9.968333333333334,10.146816989906789,0.004291367106949786,511,0.17054240490153647
2637,0.9474415451187076,False,0.9264751809501895,0.00901666666665335,1.475,1.2737567513438792,0.012806026365348399,116,0.22782861423145695
2640,0.30682706647812147,False,0.30174971901305175,0.009633333333312066,3.2555555555555555,3.282624545379865,0.0020477815699658703,321,0.6278381813077952
2641,0.6982773584606023,False,0.6287046132263493,0.014366666666660421,13.692777777777778,14.342822115809248,0.07485698056558608,748,0.1810900395260089
2642,0.27215737739679263,True,0.21606859016269553,0.017800000000079308,36.39666666666667,36.26797173645722,0.13358976707268674,1319,0.031033902698588203
2643,0.2652177204112985,False,0.26491386105709525,0.01846666666668284,11.799444444444445,11.46659232008843,0.00018833278402937992,607,0.07682648188908077
2644,0.39455972579389564,False,0.35442963248179504,0.017299999999977445,6.236666666666666,6.240975269256987,0.06208800997683948,864,0.8733085392642751
2645,0.55991506028117,False,0.5361864185430348,0.010299999999915599,5.907222222222222,5.808398052483137,0.012320135427442867,323,0.09166945504822109
2646,0.25494714815601616,False,0.209475656218115,0.017333333333453993,24.30611111111111,24.3068501881962,0.09499211446595507,1264,0.10015770948565433
2648,1.2859876199147395,False,1.254862833751781,0.01368333333337901,1.068888888888889,0.9935310307056873,0.08316008316008316,69,0.20744850674484794
2652,0.47660973937122436,False,0.47660973937122436,,2.151666666666667,2.209331550654344,0.0,186,0.5641875755896555
2653,0.636183547935599,False,0.6025923572992983,0.017833333333328483,15.274444444444445,15.200397369604286,0.0592492907543464,847,0.08036800631193267
2655,0.5258075247243172,False,0.5002751990129619,0.01604999999995016,7.351666666666667,6.992074364529097,0.023124008161414644,613,0.2324250381613383
2657,1.1410480657719195,False,1.121169542543585,0.00031666666665586263,0.059444444444444446,0.680984238014556,0.018691588785046728,22,0.6004497626893905
2658,0.3512874637309699,False,0.3386774710885047,0.011133333333305018,6.707777777777777,6.890845068756379,0.006211694550273314,473,0.22126902066926427
2659,1.028637062990486,False,1.0195690804978554,0.004866666666655917,0.565,0.8479854021559076,0.0058997050147492625,67,0.4176246710548324
2660,0.1780479205368231,False,0.16858086181685503,0.010600000000010823,25.77777777777778,25.8925967937619,0.005581896551724138,797,0.007767349653829048
2662,0.8863670902728392,True,0.8143341786060123,0.013149999999995998,3.3994444444444443,3.822257053297147,0.10557280601405458,462,0.32548135700996117
