avg_deg,avg_clust,swp,avg_path_len,density,session,shuffle,group
0.10205818091809771,0.25713697417916714,0.2928932188134524,1.2150599507537378,0.8674945378038307,hamilton_01,False,SAL
0.10205818091809771,0.25713697417916714,0.2928932188134524,1.2150599507537378,0.8674945378038307,hamilton_01,False,SAL
0.10205818091809771,0.25713697417916714,0.2928932188134524,1.2150599507537378,0.8674945378038307,hamilton_01,False,SAL
0.10205818091809771,0.25713697417916714,0.2928932188134524,1.2150599507537378,0.8674945378038307,hamilton_01,False,SAL
0.10205818091809771,0.25713697417916714,0.2928932188134524,1.2150599507537378,0.8674945378038307,hamilton_01,False,SAL
0.10205818091809771,0.25713697417916714,0.2928932188134524,1.2150599507537378,0.8674945378038307,hamilton_01,False,SAL
0.10205818091809771,0.25713697417916714,0.2928932188134524,1.2150599507537378,0.8674945378038307,hamilton_01,False,SAL
0.10205818091809771,0.25713697417916714,0.2928932188134524,1.2150599507537378,0.8674945378038307,hamilton_01,False,SAL
0.10205818091809771,0.25713697417916714,0.2928932188134524,1.2150599507537378,0.8674945378038307,hamilton_01,False,SAL
0.10205818091809771,0.25713697417916714,0.2928932188134524,1.2150599507537378,0.8674945378038307,hamilton_01,False,SAL
0.10205818091809771,0.25713697417916714,0.2928932188134524,1.2150599507537378,0.8674945378038307,hamilton_01,False,SAL
0.10205818091809771,0.25713697417916714,0.2928932188134524,1.2150599507537378,0.8674945378038307,hamilton_01,False,SAL
0.10205818091809771,0.25713697417916714,0.2928932188134524,1.2150599507537378,0.8674945378038307,hamilton_01,False,SAL
0.10205818091809771,0.25713697417916714,0.2928932188134524,1.2150599507537378,0.8674945378038307,hamilton_01,False,SAL
0.10205818091809771,0.25713697417916714,0.2928932188134524,1.2150599507537378,0.8674945378038307,hamilton_01,False,SAL
0.10205818091809771,0.25713697417916714,0.2928932188134524,1.2150599507537378,0.8674945378038307,hamilton_01,False,SAL
0.10205818091809771,0.25713697417916714,0.2928932188134524,1.2150599507537378,0.8674945378038307,hamilton_01,False,SAL
0.1537107117031341,0.1678624566646905,0.3449327788715778,0.9332948446190684,1.4602517611797743,hamilton_02,False,CIT
0.1537107117031341,0.1678624566646905,0.3449327788715778,0.9332948446190684,1.4602517611797743,hamilton_02,False,CIT
0.1537107117031341,0.1678624566646905,0.3449327788715778,0.9332948446190684,1.4602517611797743,hamilton_02,False,CIT
0.1537107117031341,0.1678624566646905,0.3449327788715778,0.9332948446190684,1.4602517611797743,hamilton_02,False,CIT
0.1537107117031341,0.1678624566646905,0.3449327788715778,0.9332948446190684,1.4602517611797743,hamilton_02,False,CIT
0.1537107117031341,0.1678624566646905,0.3449327788715778,0.9332948446190684,1.4602517611797743,hamilton_02,False,CIT
0.1537107117031341,0.1678624566646905,0.3449327788715778,0.9332948446190684,1.4602517611797743,hamilton_02,False,CIT
0.1537107117031341,0.1678624566646905,0.3449327788715778,0.9332948446190684,1.4602517611797743,hamilton_02,False,CIT
0.1537107117031341,0.1678624566646905,0.3449327788715778,0.9332948446190684,1.4602517611797743,hamilton_02,False,CIT
0.1537107117031341,0.1678624566646905,0.3449327788715778,0.9332948446190684,1.4602517611797743,hamilton_02,False,CIT
0.1537107117031341,0.1678624566646905,0.3449327788715778,0.9332948446190684,1.4602517611797743,hamilton_02,False,CIT
0.1537107117031341,0.1678624566646905,0.3449327788715778,0.9332948446190684,1.4602517611797743,hamilton_02,False,CIT
0.1537107117031341,0.1678624566646905,0.3449327788715778,0.9332948446190684,1.4602517611797743,hamilton_02,False,CIT
0.1537107117031341,0.1678624566646905,0.3449327788715778,0.9332948446190684,1.4602517611797743,hamilton_02,False,CIT
0.1537107117031341,0.1678624566646905,0.3449327788715778,0.9332948446190684,1.4602517611797743,hamilton_02,False,CIT
0.1537107117031341,0.1678624566646905,0.3449327788715778,0.9332948446190684,1.4602517611797743,hamilton_02,False,CIT
0.1537107117031341,0.1678624566646905,0.3449327788715778,0.9332948446190684,1.4602517611797743,hamilton_02,False,CIT
0.1537107117031341,0.1678624566646905,0.3449327788715778,0.9332948446190684,1.4602517611797743,hamilton_02,False,CIT
0.1537107117031341,0.1678624566646905,0.3449327788715778,0.9332948446190684,1.4602517611797743,hamilton_02,False,CIT
0.09109415780109838,0.13754241383685673,0.7881778706927912,1.047740394523881,0.9109415780109839,hamilton_12,False,DIS
0.09109415780109838,0.13754241383685673,0.7881778706927912,1.047740394523881,0.9109415780109839,hamilton_12,False,DIS
0.09109415780109838,0.13754241383685673,0.7881778706927912,1.047740394523881,0.9109415780109839,hamilton_12,False,DIS
0.09109415780109838,0.13754241383685673,0.7881778706927912,1.047740394523881,0.9109415780109839,hamilton_12,False,DIS
0.09109415780109838,0.13754241383685673,0.7881778706927912,1.047740394523881,0.9109415780109839,hamilton_12,False,DIS
0.09109415780109838,0.13754241383685673,0.7881778706927912,1.047740394523881,0.9109415780109839,hamilton_12,False,DIS
0.09109415780109838,0.13754241383685673,0.7881778706927912,1.047740394523881,0.9109415780109839,hamilton_12,False,DIS
0.09109415780109838,0.13754241383685673,0.7881778706927912,1.047740394523881,0.9109415780109839,hamilton_12,False,DIS
0.09109415780109838,0.13754241383685673,0.7881778706927912,1.047740394523881,0.9109415780109839,hamilton_12,False,DIS
0.09109415780109838,0.13754241383685673,0.7881778706927912,1.047740394523881,0.9109415780109839,hamilton_12,False,DIS
0.09109415780109838,0.13754241383685673,0.7881778706927912,1.047740394523881,0.9109415780109839,hamilton_12,False,DIS
0.09109415780109838,0.13754241383685673,0.7881778706927912,1.047740394523881,0.9109415780109839,hamilton_12,False,DIS
0.09109415780109838,0.13754241383685673,0.7881778706927912,1.047740394523881,0.9109415780109839,hamilton_12,False,DIS
0.09109415780109838,0.13754241383685673,0.7881778706927912,1.047740394523881,0.9109415780109839,hamilton_12,False,DIS
0.09109415780109838,0.13754241383685673,0.7881778706927912,1.047740394523881,0.9109415780109839,hamilton_12,False,DIS
0.09109415780109838,0.13754241383685673,0.7881778706927912,1.047740394523881,0.9109415780109839,hamilton_12,False,DIS
0.09109415780109838,0.13754241383685673,0.7881778706927912,1.047740394523881,0.9109415780109839,hamilton_12,False,DIS
0.09109415780109838,0.13754241383685673,0.7881778706927912,1.047740394523881,0.9109415780109839,hamilton_12,False,DIS
0.09109415780109838,0.13754241383685673,0.7881778706927912,1.047740394523881,0.9109415780109839,hamilton_12,False,DIS
0.09109415780109838,0.13754241383685673,0.7881778706927912,1.047740394523881,0.9109415780109839,hamilton_12,False,DIS
0.08928174913995715,0.23146053068751887,0.2928932188134524,1.2958674110973651,0.6696131185496785,hamilton_13,False,SAL
0.08928174913995715,0.23146053068751887,0.2928932188134524,1.2958674110973651,0.6696131185496785,hamilton_13,False,SAL
0.08928174913995715,0.23146053068751887,0.2928932188134524,1.2958674110973651,0.6696131185496785,hamilton_13,False,SAL
0.08928174913995715,0.23146053068751887,0.2928932188134524,1.2958674110973651,0.6696131185496785,hamilton_13,False,SAL
0.08928174913995715,0.23146053068751887,0.2928932188134524,1.2958674110973651,0.6696131185496785,hamilton_13,False,SAL
0.08928174913995715,0.23146053068751887,0.2928932188134524,1.2958674110973651,0.6696131185496785,hamilton_13,False,SAL
0.08928174913995715,0.23146053068751887,0.2928932188134524,1.2958674110973651,0.6696131185496785,hamilton_13,False,SAL
0.08928174913995715,0.23146053068751887,0.2928932188134524,1.2958674110973651,0.6696131185496785,hamilton_13,False,SAL
0.08928174913995715,0.23146053068751887,0.2928932188134524,1.2958674110973651,0.6696131185496785,hamilton_13,False,SAL
0.08928174913995715,0.23146053068751887,0.2928932188134524,1.2958674110973651,0.6696131185496785,hamilton_13,False,SAL
0.08928174913995715,0.23146053068751887,0.2928932188134524,1.2958674110973651,0.6696131185496785,hamilton_13,False,SAL
0.08928174913995715,0.23146053068751887,0.2928932188134524,1.2958674110973651,0.6696131185496785,hamilton_13,False,SAL
0.08928174913995715,0.23146053068751887,0.2928932188134524,1.2958674110973651,0.6696131185496785,hamilton_13,False,SAL
0.08928174913995715,0.23146053068751887,0.2928932188134524,1.2958674110973651,0.6696131185496785,hamilton_13,False,SAL
0.08928174913995715,0.23146053068751887,0.2928932188134524,1.2958674110973651,0.6696131185496785,hamilton_13,False,SAL
0.08928174913995715,0.23146053068751887,0.2928932188134524,1.2958674110973651,0.6696131185496785,hamilton_13,False,SAL
0.08928174913995715,0.23146053068751887,0.2928932188134524,1.2958674110973651,0.6696131185496785,hamilton_13,False,SAL
0.08928174913995715,0.23146053068751887,0.2928932188134524,1.2958674110973651,0.6696131185496785,hamilton_13,False,SAL
0.08928174913995715,0.23146053068751887,0.2928932188134524,1.2958674110973651,0.6696131185496785,hamilton_13,False,SAL
0.08928174913995715,0.23146053068751887,0.2928932188134524,1.2958674110973651,0.6696131185496785,hamilton_13,False,SAL
0.09434562482571282,0.18256895243874383,0.2928932188134524,1.0901853239185513,0.4717281241285639,hamilton_14,False,CIT
0.09434562482571282,0.18256895243874383,0.2928932188134524,1.0901853239185513,0.4717281241285639,hamilton_14,False,CIT
0.09434562482571282,0.18256895243874383,0.2928932188134524,1.0901853239185513,0.4717281241285639,hamilton_14,False,CIT
0.09434562482571282,0.18256895243874383,0.2928932188134524,1.0901853239185513,0.4717281241285639,hamilton_14,False,CIT
0.09434562482571282,0.18256895243874383,0.2928932188134524,1.0901853239185513,0.4717281241285639,hamilton_14,False,CIT
0.09434562482571282,0.18256895243874383,0.2928932188134524,1.0901853239185513,0.4717281241285639,hamilton_14,False,CIT
0.09434562482571282,0.18256895243874383,0.2928932188134524,1.0901853239185513,0.4717281241285639,hamilton_14,False,CIT
0.09434562482571282,0.18256895243874383,0.2928932188134524,1.0901853239185513,0.4717281241285639,hamilton_14,False,CIT
0.09434562482571282,0.18256895243874383,0.2928932188134524,1.0901853239185513,0.4717281241285639,hamilton_14,False,CIT
0.09434562482571282,0.18256895243874383,0.2928932188134524,1.0901853239185513,0.4717281241285639,hamilton_14,False,CIT
0.06862883506523942,0.23263375282620474,0.2928932188134524,1.412865096976073,0.27451534026095764,hamilton_05,False,DIS
0.06862883506523942,0.23263375282620474,0.2928932188134524,1.412865096976073,0.27451534026095764,hamilton_05,False,DIS
0.06862883506523942,0.23263375282620474,0.2928932188134524,1.412865096976073,0.27451534026095764,hamilton_05,False,DIS
0.06862883506523942,0.23263375282620474,0.2928932188134524,1.412865096976073,0.27451534026095764,hamilton_05,False,DIS
0.06862883506523942,0.23263375282620474,0.2928932188134524,1.412865096976073,0.27451534026095764,hamilton_05,False,DIS
0.06862883506523942,0.23263375282620474,0.2928932188134524,1.412865096976073,0.27451534026095764,hamilton_05,False,DIS
0.06862883506523942,0.23263375282620474,0.2928932188134524,1.412865096976073,0.27451534026095764,hamilton_05,False,DIS
0.06862883506523942,0.23263375282620474,0.2928932188134524,1.412865096976073,0.27451534026095764,hamilton_05,False,DIS
0.06712514327142906,0.10124222727037269,0.730844055761309,1.1863978379298494,1.1075648639785793,hamilton_17,False,DIS
0.06712514327142906,0.10124222727037269,0.730844055761309,1.1863978379298494,1.1075648639785793,hamilton_17,False,DIS
0.06712514327142906,0.10124222727037269,0.730844055761309,1.1863978379298494,1.1075648639785793,hamilton_17,False,DIS
0.06712514327142906,0.10124222727037269,0.730844055761309,1.1863978379298494,1.1075648639785793,hamilton_17,False,DIS
0.06712514327142906,0.10124222727037269,0.730844055761309,1.1863978379298494,1.1075648639785793,hamilton_17,False,DIS
0.06712514327142906,0.10124222727037269,0.730844055761309,1.1863978379298494,1.1075648639785793,hamilton_17,False,DIS
0.06712514327142906,0.10124222727037269,0.730844055761309,1.1863978379298494,1.1075648639785793,hamilton_17,False,DIS
0.06712514327142906,0.10124222727037269,0.730844055761309,1.1863978379298494,1.1075648639785793,hamilton_17,False,DIS
0.06712514327142906,0.10124222727037269,0.730844055761309,1.1863978379298494,1.1075648639785793,hamilton_17,False,DIS
0.06712514327142906,0.10124222727037269,0.730844055761309,1.1863978379298494,1.1075648639785793,hamilton_17,False,DIS
0.06712514327142906,0.10124222727037269,0.730844055761309,1.1863978379298494,1.1075648639785793,hamilton_17,False,DIS
0.06712514327142906,0.10124222727037269,0.730844055761309,1.1863978379298494,1.1075648639785793,hamilton_17,False,DIS
0.06712514327142906,0.10124222727037269,0.730844055761309,1.1863978379298494,1.1075648639785793,hamilton_17,False,DIS
0.06712514327142906,0.10124222727037269,0.730844055761309,1.1863978379298494,1.1075648639785793,hamilton_17,False,DIS
0.06712514327142906,0.10124222727037269,0.730844055761309,1.1863978379298494,1.1075648639785793,hamilton_17,False,DIS
0.06712514327142906,0.10124222727037269,0.730844055761309,1.1863978379298494,1.1075648639785793,hamilton_17,False,DIS
0.06712514327142906,0.10124222727037269,0.730844055761309,1.1863978379298494,1.1075648639785793,hamilton_17,False,DIS
0.06712514327142906,0.10124222727037269,0.730844055761309,1.1863978379298494,1.1075648639785793,hamilton_17,False,DIS
0.06712514327142906,0.10124222727037269,0.730844055761309,1.1863978379298494,1.1075648639785793,hamilton_17,False,DIS
0.06712514327142906,0.10124222727037269,0.730844055761309,1.1863978379298494,1.1075648639785793,hamilton_17,False,DIS
0.06712514327142906,0.10124222727037269,0.730844055761309,1.1863978379298494,1.1075648639785793,hamilton_17,False,DIS
0.06712514327142906,0.10124222727037269,0.730844055761309,1.1863978379298494,1.1075648639785793,hamilton_17,False,DIS
0.06712514327142906,0.10124222727037269,0.730844055761309,1.1863978379298494,1.1075648639785793,hamilton_17,False,DIS
0.06712514327142906,0.10124222727037269,0.730844055761309,1.1863978379298494,1.1075648639785793,hamilton_17,False,DIS
0.06712514327142906,0.10124222727037269,0.730844055761309,1.1863978379298494,1.1075648639785793,hamilton_17,False,DIS
0.06712514327142906,0.10124222727037269,0.730844055761309,1.1863978379298494,1.1075648639785793,hamilton_17,False,DIS
0.06712514327142906,0.10124222727037269,0.730844055761309,1.1863978379298494,1.1075648639785793,hamilton_17,False,DIS
0.06712514327142906,0.10124222727037269,0.730844055761309,1.1863978379298494,1.1075648639785793,hamilton_17,False,DIS
0.06712514327142906,0.10124222727037269,0.730844055761309,1.1863978379298494,1.1075648639785793,hamilton_17,False,DIS
0.06712514327142906,0.10124222727037269,0.730844055761309,1.1863978379298494,1.1075648639785793,hamilton_17,False,DIS
0.06712514327142906,0.10124222727037269,0.730844055761309,1.1863978379298494,1.1075648639785793,hamilton_17,False,DIS
0.06712514327142906,0.10124222727037269,0.730844055761309,1.1863978379298494,1.1075648639785793,hamilton_17,False,DIS
0.06712514327142906,0.10124222727037269,0.730844055761309,1.1863978379298494,1.1075648639785793,hamilton_17,False,DIS
0.16862375082153172,0.25861826354671114,0.2928932188134524,1.004313759306751,2.023485009858381,hamilton_18,False,DIS
0.16862375082153172,0.25861826354671114,0.2928932188134524,1.004313759306751,2.023485009858381,hamilton_18,False,DIS
0.16862375082153172,0.25861826354671114,0.2928932188134524,1.004313759306751,2.023485009858381,hamilton_18,False,DIS
0.16862375082153172,0.25861826354671114,0.2928932188134524,1.004313759306751,2.023485009858381,hamilton_18,False,DIS
0.16862375082153172,0.25861826354671114,0.2928932188134524,1.004313759306751,2.023485009858381,hamilton_18,False,DIS
0.16862375082153172,0.25861826354671114,0.2928932188134524,1.004313759306751,2.023485009858381,hamilton_18,False,DIS
0.16862375082153172,0.25861826354671114,0.2928932188134524,1.004313759306751,2.023485009858381,hamilton_18,False,DIS
0.16862375082153172,0.25861826354671114,0.2928932188134524,1.004313759306751,2.023485009858381,hamilton_18,False,DIS
0.16862375082153172,0.25861826354671114,0.2928932188134524,1.004313759306751,2.023485009858381,hamilton_18,False,DIS
0.16862375082153172,0.25861826354671114,0.2928932188134524,1.004313759306751,2.023485009858381,hamilton_18,False,DIS
0.16862375082153172,0.25861826354671114,0.2928932188134524,1.004313759306751,2.023485009858381,hamilton_18,False,DIS
0.16862375082153172,0.25861826354671114,0.2928932188134524,1.004313759306751,2.023485009858381,hamilton_18,False,DIS
0.16862375082153172,0.25861826354671114,0.2928932188134524,1.004313759306751,2.023485009858381,hamilton_18,False,DIS
0.16862375082153172,0.25861826354671114,0.2928932188134524,1.004313759306751,2.023485009858381,hamilton_18,False,DIS
0.16862375082153172,0.25861826354671114,0.2928932188134524,1.004313759306751,2.023485009858381,hamilton_18,False,DIS
0.16862375082153172,0.25861826354671114,0.2928932188134524,1.004313759306751,2.023485009858381,hamilton_18,False,DIS
0.16862375082153172,0.25861826354671114,0.2928932188134524,1.004313759306751,2.023485009858381,hamilton_18,False,DIS
0.16862375082153172,0.25861826354671114,0.2928932188134524,1.004313759306751,2.023485009858381,hamilton_18,False,DIS
0.16862375082153172,0.25861826354671114,0.2928932188134524,1.004313759306751,2.023485009858381,hamilton_18,False,DIS
0.16862375082153172,0.25861826354671114,0.2928932188134524,1.004313759306751,2.023485009858381,hamilton_18,False,DIS
0.16862375082153172,0.25861826354671114,0.2928932188134524,1.004313759306751,2.023485009858381,hamilton_18,False,DIS
0.16862375082153172,0.25861826354671114,0.2928932188134524,1.004313759306751,2.023485009858381,hamilton_18,False,DIS
0.16862375082153172,0.25861826354671114,0.2928932188134524,1.004313759306751,2.023485009858381,hamilton_18,False,DIS
0.16862375082153172,0.25861826354671114,0.2928932188134524,1.004313759306751,2.023485009858381,hamilton_18,False,DIS
0.08028982013884209,0.1206242250619871,0.5403577023687789,1.1642622777034475,3.332027535761947,hamilton_23,False,CIT
0.08028982013884209,0.1206242250619871,0.5403577023687789,1.1642622777034475,3.332027535761947,hamilton_23,False,CIT
0.08028982013884209,0.1206242250619871,0.5403577023687789,1.1642622777034475,3.332027535761947,hamilton_23,False,CIT
0.08028982013884209,0.1206242250619871,0.5403577023687789,1.1642622777034475,3.332027535761947,hamilton_23,False,CIT
0.08028982013884209,0.1206242250619871,0.5403577023687789,1.1642622777034475,3.332027535761947,hamilton_23,False,CIT
0.08028982013884209,0.1206242250619871,0.5403577023687789,1.1642622777034475,3.332027535761947,hamilton_23,False,CIT
0.08028982013884209,0.1206242250619871,0.5403577023687789,1.1642622777034475,3.332027535761947,hamilton_23,False,CIT
0.08028982013884209,0.1206242250619871,0.5403577023687789,1.1642622777034475,3.332027535761947,hamilton_23,False,CIT
0.08028982013884209,0.1206242250619871,0.5403577023687789,1.1642622777034475,3.332027535761947,hamilton_23,False,CIT
0.08028982013884209,0.1206242250619871,0.5403577023687789,1.1642622777034475,3.332027535761947,hamilton_23,False,CIT
0.08028982013884209,0.1206242250619871,0.5403577023687789,1.1642622777034475,3.332027535761947,hamilton_23,False,CIT
0.08028982013884209,0.1206242250619871,0.5403577023687789,1.1642622777034475,3.332027535761947,hamilton_23,False,CIT
0.08028982013884209,0.1206242250619871,0.5403577023687789,1.1642622777034475,3.332027535761947,hamilton_23,False,CIT
0.08028982013884209,0.1206242250619871,0.5403577023687789,1.1642622777034475,3.332027535761947,hamilton_23,False,CIT
0.08028982013884209,0.1206242250619871,0.5403577023687789,1.1642622777034475,3.332027535761947,hamilton_23,False,CIT
0.08028982013884209,0.1206242250619871,0.5403577023687789,1.1642622777034475,3.332027535761947,hamilton_23,False,CIT
0.08028982013884209,0.1206242250619871,0.5403577023687789,1.1642622777034475,3.332027535761947,hamilton_23,False,CIT
0.08028982013884209,0.1206242250619871,0.5403577023687789,1.1642622777034475,3.332027535761947,hamilton_23,False,CIT
0.08028982013884209,0.1206242250619871,0.5403577023687789,1.1642622777034475,3.332027535761947,hamilton_23,False,CIT
0.08028982013884209,0.1206242250619871,0.5403577023687789,1.1642622777034475,3.332027535761947,hamilton_23,False,CIT
0.08028982013884209,0.1206242250619871,0.5403577023687789,1.1642622777034475,3.332027535761947,hamilton_23,False,CIT
0.08028982013884209,0.1206242250619871,0.5403577023687789,1.1642622777034475,3.332027535761947,hamilton_23,False,CIT
0.08028982013884209,0.1206242250619871,0.5403577023687789,1.1642622777034475,3.332027535761947,hamilton_23,False,CIT
0.08028982013884209,0.1206242250619871,0.5403577023687789,1.1642622777034475,3.332027535761947,hamilton_23,False,CIT
0.08028982013884209,0.1206242250619871,0.5403577023687789,1.1642622777034475,3.332027535761947,hamilton_23,False,CIT
0.08028982013884209,0.1206242250619871,0.5403577023687789,1.1642622777034475,3.332027535761947,hamilton_23,False,CIT
0.08028982013884209,0.1206242250619871,0.5403577023687789,1.1642622777034475,3.332027535761947,hamilton_23,False,CIT
0.08028982013884209,0.1206242250619871,0.5403577023687789,1.1642622777034475,3.332027535761947,hamilton_23,False,CIT
0.08028982013884209,0.1206242250619871,0.5403577023687789,1.1642622777034475,3.332027535761947,hamilton_23,False,CIT
0.08028982013884209,0.1206242250619871,0.5403577023687789,1.1642622777034475,3.332027535761947,hamilton_23,False,CIT
0.08028982013884209,0.1206242250619871,0.5403577023687789,1.1642622777034475,3.332027535761947,hamilton_23,False,CIT
0.08028982013884209,0.1206242250619871,0.5403577023687789,1.1642622777034475,3.332027535761947,hamilton_23,False,CIT
0.08028982013884209,0.1206242250619871,0.5403577023687789,1.1642622777034475,3.332027535761947,hamilton_23,False,CIT
0.08028982013884209,0.1206242250619871,0.5403577023687789,1.1642622777034475,3.332027535761947,hamilton_23,False,CIT
0.08028982013884209,0.1206242250619871,0.5403577023687789,1.1642622777034475,3.332027535761947,hamilton_23,False,CIT
0.08028982013884209,0.1206242250619871,0.5403577023687789,1.1642622777034475,3.332027535761947,hamilton_23,False,CIT
0.08028982013884209,0.1206242250619871,0.5403577023687789,1.1642622777034475,3.332027535761947,hamilton_23,False,CIT
0.08028982013884209,0.1206242250619871,0.5403577023687789,1.1642622777034475,3.332027535761947,hamilton_23,False,CIT
0.08028982013884209,0.1206242250619871,0.5403577023687789,1.1642622777034475,3.332027535761947,hamilton_23,False,CIT
0.08028982013884209,0.1206242250619871,0.5403577023687789,1.1642622777034475,3.332027535761947,hamilton_23,False,CIT
0.08028982013884209,0.1206242250619871,0.5403577023687789,1.1642622777034475,3.332027535761947,hamilton_23,False,CIT
0.08028982013884209,0.1206242250619871,0.5403577023687789,1.1642622777034475,3.332027535761947,hamilton_23,False,CIT
0.08028982013884209,0.1206242250619871,0.5403577023687789,1.1642622777034475,3.332027535761947,hamilton_23,False,CIT
0.08028982013884209,0.1206242250619871,0.5403577023687789,1.1642622777034475,3.332027535761947,hamilton_23,False,CIT
0.08028982013884209,0.1206242250619871,0.5403577023687789,1.1642622777034475,3.332027535761947,hamilton_23,False,CIT
0.08028982013884209,0.1206242250619871,0.5403577023687789,1.1642622777034475,3.332027535761947,hamilton_23,False,CIT
0.08028982013884209,0.1206242250619871,0.5403577023687789,1.1642622777034475,3.332027535761947,hamilton_23,False,CIT
0.08028982013884209,0.1206242250619871,0.5403577023687789,1.1642622777034475,3.332027535761947,hamilton_23,False,CIT
0.08028982013884209,0.1206242250619871,0.5403577023687789,1.1642622777034475,3.332027535761947,hamilton_23,False,CIT
0.08028982013884209,0.1206242250619871,0.5403577023687789,1.1642622777034475,3.332027535761947,hamilton_23,False,CIT
0.08028982013884209,0.1206242250619871,0.5403577023687789,1.1642622777034475,3.332027535761947,hamilton_23,False,CIT
0.08028982013884209,0.1206242250619871,0.5403577023687789,1.1642622777034475,3.332027535761947,hamilton_23,False,CIT
0.08028982013884209,0.1206242250619871,0.5403577023687789,1.1642622777034475,3.332027535761947,hamilton_23,False,CIT
0.08028982013884209,0.1206242250619871,0.5403577023687789,1.1642622777034475,3.332027535761947,hamilton_23,False,CIT
0.08028982013884209,0.1206242250619871,0.5403577023687789,1.1642622777034475,3.332027535761947,hamilton_23,False,CIT
0.08028982013884209,0.1206242250619871,0.5403577023687789,1.1642622777034475,3.332027535761947,hamilton_23,False,CIT
0.08028982013884209,0.1206242250619871,0.5403577023687789,1.1642622777034475,3.332027535761947,hamilton_23,False,CIT
0.08028982013884209,0.1206242250619871,0.5403577023687789,1.1642622777034475,3.332027535761947,hamilton_23,False,CIT
0.08028982013884209,0.1206242250619871,0.5403577023687789,1.1642622777034475,3.332027535761947,hamilton_23,False,CIT
0.08028982013884209,0.1206242250619871,0.5403577023687789,1.1642622777034475,3.332027535761947,hamilton_23,False,CIT
0.08028982013884209,0.1206242250619871,0.5403577023687789,1.1642622777034475,3.332027535761947,hamilton_23,False,CIT
0.08028982013884209,0.1206242250619871,0.5403577023687789,1.1642622777034475,3.332027535761947,hamilton_23,False,CIT
0.08028982013884209,0.1206242250619871,0.5403577023687789,1.1642622777034475,3.332027535761947,hamilton_23,False,CIT
0.08028982013884209,0.1206242250619871,0.5403577023687789,1.1642622777034475,3.332027535761947,hamilton_23,False,CIT
0.08028982013884209,0.1206242250619871,0.5403577023687789,1.1642622777034475,3.332027535761947,hamilton_23,False,CIT
0.08028982013884209,0.1206242250619871,0.5403577023687789,1.1642622777034475,3.332027535761947,hamilton_23,False,CIT
0.08028982013884209,0.1206242250619871,0.5403577023687789,1.1642622777034475,3.332027535761947,hamilton_23,False,CIT
0.08028982013884209,0.1206242250619871,0.5403577023687789,1.1642622777034475,3.332027535761947,hamilton_23,False,CIT
0.08028982013884209,0.1206242250619871,0.5403577023687789,1.1642622777034475,3.332027535761947,hamilton_23,False,CIT
0.08028982013884209,0.1206242250619871,0.5403577023687789,1.1642622777034475,3.332027535761947,hamilton_23,False,CIT
0.08028982013884209,0.1206242250619871,0.5403577023687789,1.1642622777034475,3.332027535761947,hamilton_23,False,CIT
0.08028982013884209,0.1206242250619871,0.5403577023687789,1.1642622777034475,3.332027535761947,hamilton_23,False,CIT
0.08028982013884209,0.1206242250619871,0.5403577023687789,1.1642622777034475,3.332027535761947,hamilton_23,False,CIT
0.08028982013884209,0.1206242250619871,0.5403577023687789,1.1642622777034475,3.332027535761947,hamilton_23,False,CIT
0.08028982013884209,0.1206242250619871,0.5403577023687789,1.1642622777034475,3.332027535761947,hamilton_23,False,CIT
0.08028982013884209,0.1206242250619871,0.5403577023687789,1.1642622777034475,3.332027535761947,hamilton_23,False,CIT
0.08028982013884209,0.1206242250619871,0.5403577023687789,1.1642622777034475,3.332027535761947,hamilton_23,False,CIT
0.08028982013884209,0.1206242250619871,0.5403577023687789,1.1642622777034475,3.332027535761947,hamilton_23,False,CIT
0.08028982013884209,0.1206242250619871,0.5403577023687789,1.1642622777034475,3.332027535761947,hamilton_23,False,CIT
0.08028982013884209,0.1206242250619871,0.5403577023687789,1.1642622777034475,3.332027535761947,hamilton_23,False,CIT
0.08028982013884209,0.1206242250619871,0.5403577023687789,1.1642622777034475,3.332027535761947,hamilton_23,False,CIT
0.08028982013884209,0.1206242250619871,0.5403577023687789,1.1642622777034475,3.332027535761947,hamilton_23,False,CIT
0.08028982013884209,0.1206242250619871,0.5403577023687789,1.1642622777034475,3.332027535761947,hamilton_23,False,CIT
0.08028982013884209,0.1206242250619871,0.5403577023687789,1.1642622777034475,3.332027535761947,hamilton_23,False,CIT
0.09009339479777094,0.12930014324436737,0.2928932188134524,1.1980498911787407,2.477568356938702,hamilton_07,False,SAL
0.09009339479777094,0.12930014324436737,0.2928932188134524,1.1980498911787407,2.477568356938702,hamilton_07,False,SAL
0.09009339479777094,0.12930014324436737,0.2928932188134524,1.1980498911787407,2.477568356938702,hamilton_07,False,SAL
0.09009339479777094,0.12930014324436737,0.2928932188134524,1.1980498911787407,2.477568356938702,hamilton_07,False,SAL
0.09009339479777094,0.12930014324436737,0.2928932188134524,1.1980498911787407,2.477568356938702,hamilton_07,False,SAL
0.09009339479777094,0.12930014324436737,0.2928932188134524,1.1980498911787407,2.477568356938702,hamilton_07,False,SAL
0.09009339479777094,0.12930014324436737,0.2928932188134524,1.1980498911787407,2.477568356938702,hamilton_07,False,SAL
0.09009339479777094,0.12930014324436737,0.2928932188134524,1.1980498911787407,2.477568356938702,hamilton_07,False,SAL
0.09009339479777094,0.12930014324436737,0.2928932188134524,1.1980498911787407,2.477568356938702,hamilton_07,False,SAL
0.09009339479777094,0.12930014324436737,0.2928932188134524,1.1980498911787407,2.477568356938702,hamilton_07,False,SAL
0.09009339479777094,0.12930014324436737,0.2928932188134524,1.1980498911787407,2.477568356938702,hamilton_07,False,SAL
0.09009339479777094,0.12930014324436737,0.2928932188134524,1.1980498911787407,2.477568356938702,hamilton_07,False,SAL
0.09009339479777094,0.12930014324436737,0.2928932188134524,1.1980498911787407,2.477568356938702,hamilton_07,False,SAL
0.09009339479777094,0.12930014324436737,0.2928932188134524,1.1980498911787407,2.477568356938702,hamilton_07,False,SAL
0.09009339479777094,0.12930014324436737,0.2928932188134524,1.1980498911787407,2.477568356938702,hamilton_07,False,SAL
0.09009339479777094,0.12930014324436737,0.2928932188134524,1.1980498911787407,2.477568356938702,hamilton_07,False,SAL
0.09009339479777094,0.12930014324436737,0.2928932188134524,1.1980498911787407,2.477568356938702,hamilton_07,False,SAL
0.09009339479777094,0.12930014324436737,0.2928932188134524,1.1980498911787407,2.477568356938702,hamilton_07,False,SAL
0.09009339479777094,0.12930014324436737,0.2928932188134524,1.1980498911787407,2.477568356938702,hamilton_07,False,SAL
0.09009339479777094,0.12930014324436737,0.2928932188134524,1.1980498911787407,2.477568356938702,hamilton_07,False,SAL
0.09009339479777094,0.12930014324436737,0.2928932188134524,1.1980498911787407,2.477568356938702,hamilton_07,False,SAL
0.09009339479777094,0.12930014324436737,0.2928932188134524,1.1980498911787407,2.477568356938702,hamilton_07,False,SAL
0.09009339479777094,0.12930014324436737,0.2928932188134524,1.1980498911787407,2.477568356938702,hamilton_07,False,SAL
0.09009339479777094,0.12930014324436737,0.2928932188134524,1.1980498911787407,2.477568356938702,hamilton_07,False,SAL
0.09009339479777094,0.12930014324436737,0.2928932188134524,1.1980498911787407,2.477568356938702,hamilton_07,False,SAL
0.09009339479777094,0.12930014324436737,0.2928932188134524,1.1980498911787407,2.477568356938702,hamilton_07,False,SAL
0.09009339479777094,0.12930014324436737,0.2928932188134524,1.1980498911787407,2.477568356938702,hamilton_07,False,SAL
0.09009339479777094,0.12930014324436737,0.2928932188134524,1.1980498911787407,2.477568356938702,hamilton_07,False,SAL
0.09009339479777094,0.12930014324436737,0.2928932188134524,1.1980498911787407,2.477568356938702,hamilton_07,False,SAL
0.09009339479777094,0.12930014324436737,0.2928932188134524,1.1980498911787407,2.477568356938702,hamilton_07,False,SAL
0.09009339479777094,0.12930014324436737,0.2928932188134524,1.1980498911787407,2.477568356938702,hamilton_07,False,SAL
0.09009339479777094,0.12930014324436737,0.2928932188134524,1.1980498911787407,2.477568356938702,hamilton_07,False,SAL
0.09009339479777094,0.12930014324436737,0.2928932188134524,1.1980498911787407,2.477568356938702,hamilton_07,False,SAL
0.09009339479777094,0.12930014324436737,0.2928932188134524,1.1980498911787407,2.477568356938702,hamilton_07,False,SAL
0.09009339479777094,0.12930014324436737,0.2928932188134524,1.1980498911787407,2.477568356938702,hamilton_07,False,SAL
0.09009339479777094,0.12930014324436737,0.2928932188134524,1.1980498911787407,2.477568356938702,hamilton_07,False,SAL
0.09009339479777094,0.12930014324436737,0.2928932188134524,1.1980498911787407,2.477568356938702,hamilton_07,False,SAL
0.09009339479777094,0.12930014324436737,0.2928932188134524,1.1980498911787407,2.477568356938702,hamilton_07,False,SAL
0.09009339479777094,0.12930014324436737,0.2928932188134524,1.1980498911787407,2.477568356938702,hamilton_07,False,SAL
0.09009339479777094,0.12930014324436737,0.2928932188134524,1.1980498911787407,2.477568356938702,hamilton_07,False,SAL
0.09009339479777094,0.12930014324436737,0.2928932188134524,1.1980498911787407,2.477568356938702,hamilton_07,False,SAL
0.09009339479777094,0.12930014324436737,0.2928932188134524,1.1980498911787407,2.477568356938702,hamilton_07,False,SAL
0.09009339479777094,0.12930014324436737,0.2928932188134524,1.1980498911787407,2.477568356938702,hamilton_07,False,SAL
0.09009339479777094,0.12930014324436737,0.2928932188134524,1.1980498911787407,2.477568356938702,hamilton_07,False,SAL
0.09009339479777094,0.12930014324436737,0.2928932188134524,1.1980498911787407,2.477568356938702,hamilton_07,False,SAL
0.09009339479777094,0.12930014324436737,0.2928932188134524,1.1980498911787407,2.477568356938702,hamilton_07,False,SAL
0.09009339479777094,0.12930014324436737,0.2928932188134524,1.1980498911787407,2.477568356938702,hamilton_07,False,SAL
0.09009339479777094,0.12930014324436737,0.2928932188134524,1.1980498911787407,2.477568356938702,hamilton_07,False,SAL
0.09009339479777094,0.12930014324436737,0.2928932188134524,1.1980498911787407,2.477568356938702,hamilton_07,False,SAL
0.09009339479777094,0.12930014324436737,0.2928932188134524,1.1980498911787407,2.477568356938702,hamilton_07,False,SAL
0.09009339479777094,0.12930014324436737,0.2928932188134524,1.1980498911787407,2.477568356938702,hamilton_07,False,SAL
0.09009339479777094,0.12930014324436737,0.2928932188134524,1.1980498911787407,2.477568356938702,hamilton_07,False,SAL
0.09009339479777094,0.12930014324436737,0.2928932188134524,1.1980498911787407,2.477568356938702,hamilton_07,False,SAL
0.09009339479777094,0.12930014324436737,0.2928932188134524,1.1980498911787407,2.477568356938702,hamilton_07,False,SAL
0.09009339479777094,0.12930014324436737,0.2928932188134524,1.1980498911787407,2.477568356938702,hamilton_07,False,SAL
0.09009339479777094,0.12930014324436737,0.2928932188134524,1.1980498911787407,2.477568356938702,hamilton_07,False,SAL
0.11843341458267478,0.14785466714657208,0.348508287802602,1.0776729397400102,3.553002437480243,hamilton_08,False,CIT
0.11843341458267478,0.14785466714657208,0.348508287802602,1.0776729397400102,3.553002437480243,hamilton_08,False,CIT
0.11843341458267478,0.14785466714657208,0.348508287802602,1.0776729397400102,3.553002437480243,hamilton_08,False,CIT
0.11843341458267478,0.14785466714657208,0.348508287802602,1.0776729397400102,3.553002437480243,hamilton_08,False,CIT
0.11843341458267478,0.14785466714657208,0.348508287802602,1.0776729397400102,3.553002437480243,hamilton_08,False,CIT
0.11843341458267478,0.14785466714657208,0.348508287802602,1.0776729397400102,3.553002437480243,hamilton_08,False,CIT
0.11843341458267478,0.14785466714657208,0.348508287802602,1.0776729397400102,3.553002437480243,hamilton_08,False,CIT
0.11843341458267478,0.14785466714657208,0.348508287802602,1.0776729397400102,3.553002437480243,hamilton_08,False,CIT
0.11843341458267478,0.14785466714657208,0.348508287802602,1.0776729397400102,3.553002437480243,hamilton_08,False,CIT
0.11843341458267478,0.14785466714657208,0.348508287802602,1.0776729397400102,3.553002437480243,hamilton_08,False,CIT
0.11843341458267478,0.14785466714657208,0.348508287802602,1.0776729397400102,3.553002437480243,hamilton_08,False,CIT
0.11843341458267478,0.14785466714657208,0.348508287802602,1.0776729397400102,3.553002437480243,hamilton_08,False,CIT
0.11843341458267478,0.14785466714657208,0.348508287802602,1.0776729397400102,3.553002437480243,hamilton_08,False,CIT
0.11843341458267478,0.14785466714657208,0.348508287802602,1.0776729397400102,3.553002437480243,hamilton_08,False,CIT
0.11843341458267478,0.14785466714657208,0.348508287802602,1.0776729397400102,3.553002437480243,hamilton_08,False,CIT
0.11843341458267478,0.14785466714657208,0.348508287802602,1.0776729397400102,3.553002437480243,hamilton_08,False,CIT
0.11843341458267478,0.14785466714657208,0.348508287802602,1.0776729397400102,3.553002437480243,hamilton_08,False,CIT
0.11843341458267478,0.14785466714657208,0.348508287802602,1.0776729397400102,3.553002437480243,hamilton_08,False,CIT
0.11843341458267478,0.14785466714657208,0.348508287802602,1.0776729397400102,3.553002437480243,hamilton_08,False,CIT
0.11843341458267478,0.14785466714657208,0.348508287802602,1.0776729397400102,3.553002437480243,hamilton_08,False,CIT
0.11843341458267478,0.14785466714657208,0.348508287802602,1.0776729397400102,3.553002437480243,hamilton_08,False,CIT
0.11843341458267478,0.14785466714657208,0.348508287802602,1.0776729397400102,3.553002437480243,hamilton_08,False,CIT
0.11843341458267478,0.14785466714657208,0.348508287802602,1.0776729397400102,3.553002437480243,hamilton_08,False,CIT
0.11843341458267478,0.14785466714657208,0.348508287802602,1.0776729397400102,3.553002437480243,hamilton_08,False,CIT
0.11843341458267478,0.14785466714657208,0.348508287802602,1.0776729397400102,3.553002437480243,hamilton_08,False,CIT
0.11843341458267478,0.14785466714657208,0.348508287802602,1.0776729397400102,3.553002437480243,hamilton_08,False,CIT
0.11843341458267478,0.14785466714657208,0.348508287802602,1.0776729397400102,3.553002437480243,hamilton_08,False,CIT
0.11843341458267478,0.14785466714657208,0.348508287802602,1.0776729397400102,3.553002437480243,hamilton_08,False,CIT
0.11843341458267478,0.14785466714657208,0.348508287802602,1.0776729397400102,3.553002437480243,hamilton_08,False,CIT
0.11843341458267478,0.14785466714657208,0.348508287802602,1.0776729397400102,3.553002437480243,hamilton_08,False,CIT
0.11843341458267478,0.14785466714657208,0.348508287802602,1.0776729397400102,3.553002437480243,hamilton_08,False,CIT
0.11843341458267478,0.14785466714657208,0.348508287802602,1.0776729397400102,3.553002437480243,hamilton_08,False,CIT
0.11843341458267478,0.14785466714657208,0.348508287802602,1.0776729397400102,3.553002437480243,hamilton_08,False,CIT
0.11843341458267478,0.14785466714657208,0.348508287802602,1.0776729397400102,3.553002437480243,hamilton_08,False,CIT
0.11843341458267478,0.14785466714657208,0.348508287802602,1.0776729397400102,3.553002437480243,hamilton_08,False,CIT
0.11843341458267478,0.14785466714657208,0.348508287802602,1.0776729397400102,3.553002437480243,hamilton_08,False,CIT
0.11843341458267478,0.14785466714657208,0.348508287802602,1.0776729397400102,3.553002437480243,hamilton_08,False,CIT
0.11843341458267478,0.14785466714657208,0.348508287802602,1.0776729397400102,3.553002437480243,hamilton_08,False,CIT
0.11843341458267478,0.14785466714657208,0.348508287802602,1.0776729397400102,3.553002437480243,hamilton_08,False,CIT
0.11843341458267478,0.14785466714657208,0.348508287802602,1.0776729397400102,3.553002437480243,hamilton_08,False,CIT
0.11843341458267478,0.14785466714657208,0.348508287802602,1.0776729397400102,3.553002437480243,hamilton_08,False,CIT
0.11843341458267478,0.14785466714657208,0.348508287802602,1.0776729397400102,3.553002437480243,hamilton_08,False,CIT
0.11843341458267478,0.14785466714657208,0.348508287802602,1.0776729397400102,3.553002437480243,hamilton_08,False,CIT
0.11843341458267478,0.14785466714657208,0.348508287802602,1.0776729397400102,3.553002437480243,hamilton_08,False,CIT
0.11843341458267478,0.14785466714657208,0.348508287802602,1.0776729397400102,3.553002437480243,hamilton_08,False,CIT
0.11843341458267478,0.14785466714657208,0.348508287802602,1.0776729397400102,3.553002437480243,hamilton_08,False,CIT
0.11843341458267478,0.14785466714657208,0.348508287802602,1.0776729397400102,3.553002437480243,hamilton_08,False,CIT
0.11843341458267478,0.14785466714657208,0.348508287802602,1.0776729397400102,3.553002437480243,hamilton_08,False,CIT
0.11843341458267478,0.14785466714657208,0.348508287802602,1.0776729397400102,3.553002437480243,hamilton_08,False,CIT
0.11843341458267478,0.14785466714657208,0.348508287802602,1.0776729397400102,3.553002437480243,hamilton_08,False,CIT
0.11843341458267478,0.14785466714657208,0.348508287802602,1.0776729397400102,3.553002437480243,hamilton_08,False,CIT
0.11843341458267478,0.14785466714657208,0.348508287802602,1.0776729397400102,3.553002437480243,hamilton_08,False,CIT
0.11843341458267478,0.14785466714657208,0.348508287802602,1.0776729397400102,3.553002437480243,hamilton_08,False,CIT
0.11843341458267478,0.14785466714657208,0.348508287802602,1.0776729397400102,3.553002437480243,hamilton_08,False,CIT
0.11843341458267478,0.14785466714657208,0.348508287802602,1.0776729397400102,3.553002437480243,hamilton_08,False,CIT
0.11843341458267478,0.14785466714657208,0.348508287802602,1.0776729397400102,3.553002437480243,hamilton_08,False,CIT
0.11843341458267478,0.14785466714657208,0.348508287802602,1.0776729397400102,3.553002437480243,hamilton_08,False,CIT
0.11843341458267478,0.14785466714657208,0.348508287802602,1.0776729397400102,3.553002437480243,hamilton_08,False,CIT
0.11843341458267478,0.14785466714657208,0.348508287802602,1.0776729397400102,3.553002437480243,hamilton_08,False,CIT
0.11843341458267478,0.14785466714657208,0.348508287802602,1.0776729397400102,3.553002437480243,hamilton_08,False,CIT
0.11843341458267478,0.14785466714657208,0.348508287802602,1.0776729397400102,3.553002437480243,hamilton_08,False,CIT
0.1275876136734689,0.17176479771252243,0.46084326183986013,1.0623861348746668,3.444865569183661,hamilton_19,False,SAL
0.1275876136734689,0.17176479771252243,0.46084326183986013,1.0623861348746668,3.444865569183661,hamilton_19,False,SAL
0.1275876136734689,0.17176479771252243,0.46084326183986013,1.0623861348746668,3.444865569183661,hamilton_19,False,SAL
0.1275876136734689,0.17176479771252243,0.46084326183986013,1.0623861348746668,3.444865569183661,hamilton_19,False,SAL
0.1275876136734689,0.17176479771252243,0.46084326183986013,1.0623861348746668,3.444865569183661,hamilton_19,False,SAL
0.1275876136734689,0.17176479771252243,0.46084326183986013,1.0623861348746668,3.444865569183661,hamilton_19,False,SAL
0.1275876136734689,0.17176479771252243,0.46084326183986013,1.0623861348746668,3.444865569183661,hamilton_19,False,SAL
0.1275876136734689,0.17176479771252243,0.46084326183986013,1.0623861348746668,3.444865569183661,hamilton_19,False,SAL
0.1275876136734689,0.17176479771252243,0.46084326183986013,1.0623861348746668,3.444865569183661,hamilton_19,False,SAL
0.1275876136734689,0.17176479771252243,0.46084326183986013,1.0623861348746668,3.444865569183661,hamilton_19,False,SAL
0.1275876136734689,0.17176479771252243,0.46084326183986013,1.0623861348746668,3.444865569183661,hamilton_19,False,SAL
0.1275876136734689,0.17176479771252243,0.46084326183986013,1.0623861348746668,3.444865569183661,hamilton_19,False,SAL
0.1275876136734689,0.17176479771252243,0.46084326183986013,1.0623861348746668,3.444865569183661,hamilton_19,False,SAL
0.1275876136734689,0.17176479771252243,0.46084326183986013,1.0623861348746668,3.444865569183661,hamilton_19,False,SAL
0.1275876136734689,0.17176479771252243,0.46084326183986013,1.0623861348746668,3.444865569183661,hamilton_19,False,SAL
0.1275876136734689,0.17176479771252243,0.46084326183986013,1.0623861348746668,3.444865569183661,hamilton_19,False,SAL
0.1275876136734689,0.17176479771252243,0.46084326183986013,1.0623861348746668,3.444865569183661,hamilton_19,False,SAL
0.1275876136734689,0.17176479771252243,0.46084326183986013,1.0623861348746668,3.444865569183661,hamilton_19,False,SAL
0.1275876136734689,0.17176479771252243,0.46084326183986013,1.0623861348746668,3.444865569183661,hamilton_19,False,SAL
0.1275876136734689,0.17176479771252243,0.46084326183986013,1.0623861348746668,3.444865569183661,hamilton_19,False,SAL
0.1275876136734689,0.17176479771252243,0.46084326183986013,1.0623861348746668,3.444865569183661,hamilton_19,False,SAL
0.1275876136734689,0.17176479771252243,0.46084326183986013,1.0623861348746668,3.444865569183661,hamilton_19,False,SAL
0.1275876136734689,0.17176479771252243,0.46084326183986013,1.0623861348746668,3.444865569183661,hamilton_19,False,SAL
0.1275876136734689,0.17176479771252243,0.46084326183986013,1.0623861348746668,3.444865569183661,hamilton_19,False,SAL
0.1275876136734689,0.17176479771252243,0.46084326183986013,1.0623861348746668,3.444865569183661,hamilton_19,False,SAL
0.1275876136734689,0.17176479771252243,0.46084326183986013,1.0623861348746668,3.444865569183661,hamilton_19,False,SAL
0.1275876136734689,0.17176479771252243,0.46084326183986013,1.0623861348746668,3.444865569183661,hamilton_19,False,SAL
0.1275876136734689,0.17176479771252243,0.46084326183986013,1.0623861348746668,3.444865569183661,hamilton_19,False,SAL
0.1275876136734689,0.17176479771252243,0.46084326183986013,1.0623861348746668,3.444865569183661,hamilton_19,False,SAL
0.1275876136734689,0.17176479771252243,0.46084326183986013,1.0623861348746668,3.444865569183661,hamilton_19,False,SAL
0.1275876136734689,0.17176479771252243,0.46084326183986013,1.0623861348746668,3.444865569183661,hamilton_19,False,SAL
0.1275876136734689,0.17176479771252243,0.46084326183986013,1.0623861348746668,3.444865569183661,hamilton_19,False,SAL
0.1275876136734689,0.17176479771252243,0.46084326183986013,1.0623861348746668,3.444865569183661,hamilton_19,False,SAL
0.1275876136734689,0.17176479771252243,0.46084326183986013,1.0623861348746668,3.444865569183661,hamilton_19,False,SAL
0.1275876136734689,0.17176479771252243,0.46084326183986013,1.0623861348746668,3.444865569183661,hamilton_19,False,SAL
0.1275876136734689,0.17176479771252243,0.46084326183986013,1.0623861348746668,3.444865569183661,hamilton_19,False,SAL
0.1275876136734689,0.17176479771252243,0.46084326183986013,1.0623861348746668,3.444865569183661,hamilton_19,False,SAL
0.1275876136734689,0.17176479771252243,0.46084326183986013,1.0623861348746668,3.444865569183661,hamilton_19,False,SAL
0.1275876136734689,0.17176479771252243,0.46084326183986013,1.0623861348746668,3.444865569183661,hamilton_19,False,SAL
0.1275876136734689,0.17176479771252243,0.46084326183986013,1.0623861348746668,3.444865569183661,hamilton_19,False,SAL
0.1275876136734689,0.17176479771252243,0.46084326183986013,1.0623861348746668,3.444865569183661,hamilton_19,False,SAL
0.1275876136734689,0.17176479771252243,0.46084326183986013,1.0623861348746668,3.444865569183661,hamilton_19,False,SAL
0.1275876136734689,0.17176479771252243,0.46084326183986013,1.0623861348746668,3.444865569183661,hamilton_19,False,SAL
0.1275876136734689,0.17176479771252243,0.46084326183986013,1.0623861348746668,3.444865569183661,hamilton_19,False,SAL
0.1275876136734689,0.17176479771252243,0.46084326183986013,1.0623861348746668,3.444865569183661,hamilton_19,False,SAL
0.1275876136734689,0.17176479771252243,0.46084326183986013,1.0623861348746668,3.444865569183661,hamilton_19,False,SAL
0.1275876136734689,0.17176479771252243,0.46084326183986013,1.0623861348746668,3.444865569183661,hamilton_19,False,SAL
0.1275876136734689,0.17176479771252243,0.46084326183986013,1.0623861348746668,3.444865569183661,hamilton_19,False,SAL
0.1275876136734689,0.17176479771252243,0.46084326183986013,1.0623861348746668,3.444865569183661,hamilton_19,False,SAL
0.1275876136734689,0.17176479771252243,0.46084326183986013,1.0623861348746668,3.444865569183661,hamilton_19,False,SAL
0.1275876136734689,0.17176479771252243,0.46084326183986013,1.0623861348746668,3.444865569183661,hamilton_19,False,SAL
0.1275876136734689,0.17176479771252243,0.46084326183986013,1.0623861348746668,3.444865569183661,hamilton_19,False,SAL
0.1275876136734689,0.17176479771252243,0.46084326183986013,1.0623861348746668,3.444865569183661,hamilton_19,False,SAL
0.1275876136734689,0.17176479771252243,0.46084326183986013,1.0623861348746668,3.444865569183661,hamilton_19,False,SAL
0.1275876136734689,0.17176479771252243,0.46084326183986013,1.0623861348746668,3.444865569183661,hamilton_19,False,SAL
0.0617156083062574,0.08601570233067622,0.600750537591925,1.2507123451164484,1.573748011809564,hamilton_20,False,CIT
0.0617156083062574,0.08601570233067622,0.600750537591925,1.2507123451164484,1.573748011809564,hamilton_20,False,CIT
0.0617156083062574,0.08601570233067622,0.600750537591925,1.2507123451164484,1.573748011809564,hamilton_20,False,CIT
0.0617156083062574,0.08601570233067622,0.600750537591925,1.2507123451164484,1.573748011809564,hamilton_20,False,CIT
0.0617156083062574,0.08601570233067622,0.600750537591925,1.2507123451164484,1.573748011809564,hamilton_20,False,CIT
0.0617156083062574,0.08601570233067622,0.600750537591925,1.2507123451164484,1.573748011809564,hamilton_20,False,CIT
0.0617156083062574,0.08601570233067622,0.600750537591925,1.2507123451164484,1.573748011809564,hamilton_20,False,CIT
0.0617156083062574,0.08601570233067622,0.600750537591925,1.2507123451164484,1.573748011809564,hamilton_20,False,CIT
0.0617156083062574,0.08601570233067622,0.600750537591925,1.2507123451164484,1.573748011809564,hamilton_20,False,CIT
0.0617156083062574,0.08601570233067622,0.600750537591925,1.2507123451164484,1.573748011809564,hamilton_20,False,CIT
0.0617156083062574,0.08601570233067622,0.600750537591925,1.2507123451164484,1.573748011809564,hamilton_20,False,CIT
0.0617156083062574,0.08601570233067622,0.600750537591925,1.2507123451164484,1.573748011809564,hamilton_20,False,CIT
0.0617156083062574,0.08601570233067622,0.600750537591925,1.2507123451164484,1.573748011809564,hamilton_20,False,CIT
0.0617156083062574,0.08601570233067622,0.600750537591925,1.2507123451164484,1.573748011809564,hamilton_20,False,CIT
0.0617156083062574,0.08601570233067622,0.600750537591925,1.2507123451164484,1.573748011809564,hamilton_20,False,CIT
0.0617156083062574,0.08601570233067622,0.600750537591925,1.2507123451164484,1.573748011809564,hamilton_20,False,CIT
0.0617156083062574,0.08601570233067622,0.600750537591925,1.2507123451164484,1.573748011809564,hamilton_20,False,CIT
0.0617156083062574,0.08601570233067622,0.600750537591925,1.2507123451164484,1.573748011809564,hamilton_20,False,CIT
0.0617156083062574,0.08601570233067622,0.600750537591925,1.2507123451164484,1.573748011809564,hamilton_20,False,CIT
0.0617156083062574,0.08601570233067622,0.600750537591925,1.2507123451164484,1.573748011809564,hamilton_20,False,CIT
0.0617156083062574,0.08601570233067622,0.600750537591925,1.2507123451164484,1.573748011809564,hamilton_20,False,CIT
0.0617156083062574,0.08601570233067622,0.600750537591925,1.2507123451164484,1.573748011809564,hamilton_20,False,CIT
0.0617156083062574,0.08601570233067622,0.600750537591925,1.2507123451164484,1.573748011809564,hamilton_20,False,CIT
0.0617156083062574,0.08601570233067622,0.600750537591925,1.2507123451164484,1.573748011809564,hamilton_20,False,CIT
0.0617156083062574,0.08601570233067622,0.600750537591925,1.2507123451164484,1.573748011809564,hamilton_20,False,CIT
0.0617156083062574,0.08601570233067622,0.600750537591925,1.2507123451164484,1.573748011809564,hamilton_20,False,CIT
0.0617156083062574,0.08601570233067622,0.600750537591925,1.2507123451164484,1.573748011809564,hamilton_20,False,CIT
0.0617156083062574,0.08601570233067622,0.600750537591925,1.2507123451164484,1.573748011809564,hamilton_20,False,CIT
0.0617156083062574,0.08601570233067622,0.600750537591925,1.2507123451164484,1.573748011809564,hamilton_20,False,CIT
0.0617156083062574,0.08601570233067622,0.600750537591925,1.2507123451164484,1.573748011809564,hamilton_20,False,CIT
0.0617156083062574,0.08601570233067622,0.600750537591925,1.2507123451164484,1.573748011809564,hamilton_20,False,CIT
0.0617156083062574,0.08601570233067622,0.600750537591925,1.2507123451164484,1.573748011809564,hamilton_20,False,CIT
0.0617156083062574,0.08601570233067622,0.600750537591925,1.2507123451164484,1.573748011809564,hamilton_20,False,CIT
0.0617156083062574,0.08601570233067622,0.600750537591925,1.2507123451164484,1.573748011809564,hamilton_20,False,CIT
0.0617156083062574,0.08601570233067622,0.600750537591925,1.2507123451164484,1.573748011809564,hamilton_20,False,CIT
0.0617156083062574,0.08601570233067622,0.600750537591925,1.2507123451164484,1.573748011809564,hamilton_20,False,CIT
0.0617156083062574,0.08601570233067622,0.600750537591925,1.2507123451164484,1.573748011809564,hamilton_20,False,CIT
0.0617156083062574,0.08601570233067622,0.600750537591925,1.2507123451164484,1.573748011809564,hamilton_20,False,CIT
0.0617156083062574,0.08601570233067622,0.600750537591925,1.2507123451164484,1.573748011809564,hamilton_20,False,CIT
0.0617156083062574,0.08601570233067622,0.600750537591925,1.2507123451164484,1.573748011809564,hamilton_20,False,CIT
0.0617156083062574,0.08601570233067622,0.600750537591925,1.2507123451164484,1.573748011809564,hamilton_20,False,CIT
0.0617156083062574,0.08601570233067622,0.600750537591925,1.2507123451164484,1.573748011809564,hamilton_20,False,CIT
0.0617156083062574,0.08601570233067622,0.600750537591925,1.2507123451164484,1.573748011809564,hamilton_20,False,CIT
0.0617156083062574,0.08601570233067622,0.600750537591925,1.2507123451164484,1.573748011809564,hamilton_20,False,CIT
0.0617156083062574,0.08601570233067622,0.600750537591925,1.2507123451164484,1.573748011809564,hamilton_20,False,CIT
0.0617156083062574,0.08601570233067622,0.600750537591925,1.2507123451164484,1.573748011809564,hamilton_20,False,CIT
0.0617156083062574,0.08601570233067622,0.600750537591925,1.2507123451164484,1.573748011809564,hamilton_20,False,CIT
0.0617156083062574,0.08601570233067622,0.600750537591925,1.2507123451164484,1.573748011809564,hamilton_20,False,CIT
0.0617156083062574,0.08601570233067622,0.600750537591925,1.2507123451164484,1.573748011809564,hamilton_20,False,CIT
0.0617156083062574,0.08601570233067622,0.600750537591925,1.2507123451164484,1.573748011809564,hamilton_20,False,CIT
0.0617156083062574,0.08601570233067622,0.600750537591925,1.2507123451164484,1.573748011809564,hamilton_20,False,CIT
0.0617156083062574,0.08601570233067622,0.600750537591925,1.2507123451164484,1.573748011809564,hamilton_20,False,CIT
0.2630622243762239,0.3742006168721215,,,3.025215580326575,hamilton_25,False,DIS
0.2630622243762239,0.3742006168721215,,,3.025215580326575,hamilton_25,False,DIS
0.2630622243762239,0.3742006168721215,,,3.025215580326575,hamilton_25,False,DIS
0.2630622243762239,0.3742006168721215,,,3.025215580326575,hamilton_25,False,DIS
0.2630622243762239,0.3742006168721215,,,3.025215580326575,hamilton_25,False,DIS
0.2630622243762239,0.3742006168721215,,,3.025215580326575,hamilton_25,False,DIS
0.2630622243762239,0.3742006168721215,,,3.025215580326575,hamilton_25,False,DIS
0.2630622243762239,0.3742006168721215,,,3.025215580326575,hamilton_25,False,DIS
0.2630622243762239,0.3742006168721215,,,3.025215580326575,hamilton_25,False,DIS
0.2630622243762239,0.3742006168721215,,,3.025215580326575,hamilton_25,False,DIS
0.2630622243762239,0.3742006168721215,,,3.025215580326575,hamilton_25,False,DIS
0.2630622243762239,0.3742006168721215,,,3.025215580326575,hamilton_25,False,DIS
0.2630622243762239,0.3742006168721215,,,3.025215580326575,hamilton_25,False,DIS
0.2630622243762239,0.3742006168721215,,,3.025215580326575,hamilton_25,False,DIS
0.2630622243762239,0.3742006168721215,,,3.025215580326575,hamilton_25,False,DIS
0.2630622243762239,0.3742006168721215,,,3.025215580326575,hamilton_25,False,DIS
0.2630622243762239,0.3742006168721215,,,3.025215580326575,hamilton_25,False,DIS
0.2630622243762239,0.3742006168721215,,,3.025215580326575,hamilton_25,False,DIS
0.2630622243762239,0.3742006168721215,,,3.025215580326575,hamilton_25,False,DIS
0.2630622243762239,0.3742006168721215,,,3.025215580326575,hamilton_25,False,DIS
0.2630622243762239,0.3742006168721215,,,3.025215580326575,hamilton_25,False,DIS
0.2630622243762239,0.3742006168721215,,,3.025215580326575,hamilton_25,False,DIS
0.2630622243762239,0.3742006168721215,,,3.025215580326575,hamilton_25,False,DIS
0.08520072727369538,0.11459961046617995,0.6814499507965401,1.1632449703454653,0.9372080000106492,hamilton_26,False,DIS
0.08520072727369538,0.11459961046617995,0.6814499507965401,1.1632449703454653,0.9372080000106492,hamilton_26,False,DIS
0.08520072727369538,0.11459961046617995,0.6814499507965401,1.1632449703454653,0.9372080000106492,hamilton_26,False,DIS
0.08520072727369538,0.11459961046617995,0.6814499507965401,1.1632449703454653,0.9372080000106492,hamilton_26,False,DIS
0.08520072727369538,0.11459961046617995,0.6814499507965401,1.1632449703454653,0.9372080000106492,hamilton_26,False,DIS
0.08520072727369538,0.11459961046617995,0.6814499507965401,1.1632449703454653,0.9372080000106492,hamilton_26,False,DIS
0.08520072727369538,0.11459961046617995,0.6814499507965401,1.1632449703454653,0.9372080000106492,hamilton_26,False,DIS
0.08520072727369538,0.11459961046617995,0.6814499507965401,1.1632449703454653,0.9372080000106492,hamilton_26,False,DIS
0.08520072727369538,0.11459961046617995,0.6814499507965401,1.1632449703454653,0.9372080000106492,hamilton_26,False,DIS
0.08520072727369538,0.11459961046617995,0.6814499507965401,1.1632449703454653,0.9372080000106492,hamilton_26,False,DIS
0.08520072727369538,0.11459961046617995,0.6814499507965401,1.1632449703454653,0.9372080000106492,hamilton_26,False,DIS
0.08520072727369538,0.11459961046617995,0.6814499507965401,1.1632449703454653,0.9372080000106492,hamilton_26,False,DIS
0.08520072727369538,0.11459961046617995,0.6814499507965401,1.1632449703454653,0.9372080000106492,hamilton_26,False,DIS
0.08520072727369538,0.11459961046617995,0.6814499507965401,1.1632449703454653,0.9372080000106492,hamilton_26,False,DIS
0.08520072727369538,0.11459961046617995,0.6814499507965401,1.1632449703454653,0.9372080000106492,hamilton_26,False,DIS
0.08520072727369538,0.11459961046617995,0.6814499507965401,1.1632449703454653,0.9372080000106492,hamilton_26,False,DIS
0.08520072727369538,0.11459961046617995,0.6814499507965401,1.1632449703454653,0.9372080000106492,hamilton_26,False,DIS
0.08520072727369538,0.11459961046617995,0.6814499507965401,1.1632449703454653,0.9372080000106492,hamilton_26,False,DIS
0.08520072727369538,0.11459961046617995,0.6814499507965401,1.1632449703454653,0.9372080000106492,hamilton_26,False,DIS
0.08520072727369538,0.11459961046617995,0.6814499507965401,1.1632449703454653,0.9372080000106492,hamilton_26,False,DIS
0.08520072727369538,0.11459961046617995,0.6814499507965401,1.1632449703454653,0.9372080000106492,hamilton_26,False,DIS
0.08520072727369538,0.11459961046617995,0.6814499507965401,1.1632449703454653,0.9372080000106492,hamilton_26,False,DIS
0.08520072727369538,0.11459961046617995,0.6814499507965401,1.1632449703454653,0.9372080000106492,hamilton_26,False,DIS
0.08520072727369538,0.11459961046617995,0.6814499507965401,1.1632449703454653,0.9372080000106492,hamilton_26,False,DIS
0.09784211193852205,0.10205448682750283,0.2928932188134524,1.1218831469323505,1.565473791016353,hamilton_28,False,DIS
0.09784211193852205,0.10205448682750283,0.2928932188134524,1.1218831469323505,1.565473791016353,hamilton_28,False,DIS
0.09784211193852205,0.10205448682750283,0.2928932188134524,1.1218831469323505,1.565473791016353,hamilton_28,False,DIS
0.09784211193852205,0.10205448682750283,0.2928932188134524,1.1218831469323505,1.565473791016353,hamilton_28,False,DIS
0.09784211193852205,0.10205448682750283,0.2928932188134524,1.1218831469323505,1.565473791016353,hamilton_28,False,DIS
0.09784211193852205,0.10205448682750283,0.2928932188134524,1.1218831469323505,1.565473791016353,hamilton_28,False,DIS
0.09784211193852205,0.10205448682750283,0.2928932188134524,1.1218831469323505,1.565473791016353,hamilton_28,False,DIS
0.09784211193852205,0.10205448682750283,0.2928932188134524,1.1218831469323505,1.565473791016353,hamilton_28,False,DIS
0.09784211193852205,0.10205448682750283,0.2928932188134524,1.1218831469323505,1.565473791016353,hamilton_28,False,DIS
0.09784211193852205,0.10205448682750283,0.2928932188134524,1.1218831469323505,1.565473791016353,hamilton_28,False,DIS
0.09784211193852205,0.10205448682750283,0.2928932188134524,1.1218831469323505,1.565473791016353,hamilton_28,False,DIS
0.09784211193852205,0.10205448682750283,0.2928932188134524,1.1218831469323505,1.565473791016353,hamilton_28,False,DIS
0.09784211193852205,0.10205448682750283,0.2928932188134524,1.1218831469323505,1.565473791016353,hamilton_28,False,DIS
0.09784211193852205,0.10205448682750283,0.2928932188134524,1.1218831469323505,1.565473791016353,hamilton_28,False,DIS
0.09784211193852205,0.10205448682750283,0.2928932188134524,1.1218831469323505,1.565473791016353,hamilton_28,False,DIS
0.09784211193852205,0.10205448682750283,0.2928932188134524,1.1218831469323505,1.565473791016353,hamilton_28,False,DIS
0.09784211193852205,0.10205448682750283,0.2928932188134524,1.1218831469323505,1.565473791016353,hamilton_28,False,DIS
0.09784211193852205,0.10205448682750283,0.2928932188134524,1.1218831469323505,1.565473791016353,hamilton_28,False,DIS
0.09784211193852205,0.10205448682750283,0.2928932188134524,1.1218831469323505,1.565473791016353,hamilton_28,False,DIS
0.09784211193852205,0.10205448682750283,0.2928932188134524,1.1218831469323505,1.565473791016353,hamilton_28,False,DIS
0.09784211193852205,0.10205448682750283,0.2928932188134524,1.1218831469323505,1.565473791016353,hamilton_28,False,DIS
0.09784211193852205,0.10205448682750283,0.2928932188134524,1.1218831469323505,1.565473791016353,hamilton_28,False,DIS
0.09784211193852205,0.10205448682750283,0.2928932188134524,1.1218831469323505,1.565473791016353,hamilton_28,False,DIS
0.09784211193852205,0.10205448682750283,0.2928932188134524,1.1218831469323505,1.565473791016353,hamilton_28,False,DIS
0.09784211193852205,0.10205448682750283,0.2928932188134524,1.1218831469323505,1.565473791016353,hamilton_28,False,DIS
0.09784211193852205,0.10205448682750283,0.2928932188134524,1.1218831469323505,1.565473791016353,hamilton_28,False,DIS
0.09784211193852205,0.10205448682750283,0.2928932188134524,1.1218831469323505,1.565473791016353,hamilton_28,False,DIS
0.09784211193852205,0.10205448682750283,0.2928932188134524,1.1218831469323505,1.565473791016353,hamilton_28,False,DIS
0.09784211193852205,0.10205448682750283,0.2928932188134524,1.1218831469323505,1.565473791016353,hamilton_28,False,DIS
0.09784211193852205,0.10205448682750283,0.2928932188134524,1.1218831469323505,1.565473791016353,hamilton_28,False,DIS
0.09784211193852205,0.10205448682750283,0.2928932188134524,1.1218831469323505,1.565473791016353,hamilton_28,False,DIS
0.09784211193852205,0.10205448682750283,0.2928932188134524,1.1218831469323505,1.565473791016353,hamilton_28,False,DIS
0.09784211193852205,0.10205448682750283,0.2928932188134524,1.1218831469323505,1.565473791016353,hamilton_28,False,DIS
0.08624010192695855,0.15247843786046217,0.44525846268522984,1.1305695694817859,1.4660817327582956,hamilton_29,False,DIS
0.08624010192695855,0.15247843786046217,0.44525846268522984,1.1305695694817859,1.4660817327582956,hamilton_29,False,DIS
0.08624010192695855,0.15247843786046217,0.44525846268522984,1.1305695694817859,1.4660817327582956,hamilton_29,False,DIS
0.08624010192695855,0.15247843786046217,0.44525846268522984,1.1305695694817859,1.4660817327582956,hamilton_29,False,DIS
0.08624010192695855,0.15247843786046217,0.44525846268522984,1.1305695694817859,1.4660817327582956,hamilton_29,False,DIS
0.08624010192695855,0.15247843786046217,0.44525846268522984,1.1305695694817859,1.4660817327582956,hamilton_29,False,DIS
0.08624010192695855,0.15247843786046217,0.44525846268522984,1.1305695694817859,1.4660817327582956,hamilton_29,False,DIS
0.08624010192695855,0.15247843786046217,0.44525846268522984,1.1305695694817859,1.4660817327582956,hamilton_29,False,DIS
0.08624010192695855,0.15247843786046217,0.44525846268522984,1.1305695694817859,1.4660817327582956,hamilton_29,False,DIS
0.08624010192695855,0.15247843786046217,0.44525846268522984,1.1305695694817859,1.4660817327582956,hamilton_29,False,DIS
0.08624010192695855,0.15247843786046217,0.44525846268522984,1.1305695694817859,1.4660817327582956,hamilton_29,False,DIS
0.08624010192695855,0.15247843786046217,0.44525846268522984,1.1305695694817859,1.4660817327582956,hamilton_29,False,DIS
0.08624010192695855,0.15247843786046217,0.44525846268522984,1.1305695694817859,1.4660817327582956,hamilton_29,False,DIS
0.08624010192695855,0.15247843786046217,0.44525846268522984,1.1305695694817859,1.4660817327582956,hamilton_29,False,DIS
0.08624010192695855,0.15247843786046217,0.44525846268522984,1.1305695694817859,1.4660817327582956,hamilton_29,False,DIS
0.08624010192695855,0.15247843786046217,0.44525846268522984,1.1305695694817859,1.4660817327582956,hamilton_29,False,DIS
0.08624010192695855,0.15247843786046217,0.44525846268522984,1.1305695694817859,1.4660817327582956,hamilton_29,False,DIS
0.08624010192695855,0.15247843786046217,0.44525846268522984,1.1305695694817859,1.4660817327582956,hamilton_29,False,DIS
0.08624010192695855,0.15247843786046217,0.44525846268522984,1.1305695694817859,1.4660817327582956,hamilton_29,False,DIS
0.08624010192695855,0.15247843786046217,0.44525846268522984,1.1305695694817859,1.4660817327582956,hamilton_29,False,DIS
0.08624010192695855,0.15247843786046217,0.44525846268522984,1.1305695694817859,1.4660817327582956,hamilton_29,False,DIS
0.08624010192695855,0.15247843786046217,0.44525846268522984,1.1305695694817859,1.4660817327582956,hamilton_29,False,DIS
0.08624010192695855,0.15247843786046217,0.44525846268522984,1.1305695694817859,1.4660817327582956,hamilton_29,False,DIS
0.08624010192695855,0.15247843786046217,0.44525846268522984,1.1305695694817859,1.4660817327582956,hamilton_29,False,DIS
0.08624010192695855,0.15247843786046217,0.44525846268522984,1.1305695694817859,1.4660817327582956,hamilton_29,False,DIS
0.08624010192695855,0.15247843786046217,0.44525846268522984,1.1305695694817859,1.4660817327582956,hamilton_29,False,DIS
0.08624010192695855,0.15247843786046217,0.44525846268522984,1.1305695694817859,1.4660817327582956,hamilton_29,False,DIS
0.08624010192695855,0.15247843786046217,0.44525846268522984,1.1305695694817859,1.4660817327582956,hamilton_29,False,DIS
0.08624010192695855,0.15247843786046217,0.44525846268522984,1.1305695694817859,1.4660817327582956,hamilton_29,False,DIS
0.08624010192695855,0.15247843786046217,0.44525846268522984,1.1305695694817859,1.4660817327582956,hamilton_29,False,DIS
0.08624010192695855,0.15247843786046217,0.44525846268522984,1.1305695694817859,1.4660817327582956,hamilton_29,False,DIS
0.08624010192695855,0.15247843786046217,0.44525846268522984,1.1305695694817859,1.4660817327582956,hamilton_29,False,DIS
0.08624010192695855,0.15247843786046217,0.44525846268522984,1.1305695694817859,1.4660817327582956,hamilton_29,False,DIS
0.08624010192695855,0.15247843786046217,0.44525846268522984,1.1305695694817859,1.4660817327582956,hamilton_29,False,DIS
0.04426173873414274,0.08330431690511074,0.7221270287420744,1.3068323179554773,1.0844125989864974,hamilton_30,False,DIS
0.04426173873414274,0.08330431690511074,0.7221270287420744,1.3068323179554773,1.0844125989864974,hamilton_30,False,DIS
0.04426173873414274,0.08330431690511074,0.7221270287420744,1.3068323179554773,1.0844125989864974,hamilton_30,False,DIS
0.04426173873414274,0.08330431690511074,0.7221270287420744,1.3068323179554773,1.0844125989864974,hamilton_30,False,DIS
0.04426173873414274,0.08330431690511074,0.7221270287420744,1.3068323179554773,1.0844125989864974,hamilton_30,False,DIS
0.04426173873414274,0.08330431690511074,0.7221270287420744,1.3068323179554773,1.0844125989864974,hamilton_30,False,DIS
0.04426173873414274,0.08330431690511074,0.7221270287420744,1.3068323179554773,1.0844125989864974,hamilton_30,False,DIS
0.04426173873414274,0.08330431690511074,0.7221270287420744,1.3068323179554773,1.0844125989864974,hamilton_30,False,DIS
0.04426173873414274,0.08330431690511074,0.7221270287420744,1.3068323179554773,1.0844125989864974,hamilton_30,False,DIS
0.04426173873414274,0.08330431690511074,0.7221270287420744,1.3068323179554773,1.0844125989864974,hamilton_30,False,DIS
0.04426173873414274,0.08330431690511074,0.7221270287420744,1.3068323179554773,1.0844125989864974,hamilton_30,False,DIS
0.04426173873414274,0.08330431690511074,0.7221270287420744,1.3068323179554773,1.0844125989864974,hamilton_30,False,DIS
0.04426173873414274,0.08330431690511074,0.7221270287420744,1.3068323179554773,1.0844125989864974,hamilton_30,False,DIS
0.04426173873414274,0.08330431690511074,0.7221270287420744,1.3068323179554773,1.0844125989864974,hamilton_30,False,DIS
0.04426173873414274,0.08330431690511074,0.7221270287420744,1.3068323179554773,1.0844125989864974,hamilton_30,False,DIS
0.04426173873414274,0.08330431690511074,0.7221270287420744,1.3068323179554773,1.0844125989864974,hamilton_30,False,DIS
0.04426173873414274,0.08330431690511074,0.7221270287420744,1.3068323179554773,1.0844125989864974,hamilton_30,False,DIS
0.04426173873414274,0.08330431690511074,0.7221270287420744,1.3068323179554773,1.0844125989864974,hamilton_30,False,DIS
0.04426173873414274,0.08330431690511074,0.7221270287420744,1.3068323179554773,1.0844125989864974,hamilton_30,False,DIS
0.04426173873414274,0.08330431690511074,0.7221270287420744,1.3068323179554773,1.0844125989864974,hamilton_30,False,DIS
0.04426173873414274,0.08330431690511074,0.7221270287420744,1.3068323179554773,1.0844125989864974,hamilton_30,False,DIS
0.04426173873414274,0.08330431690511074,0.7221270287420744,1.3068323179554773,1.0844125989864974,hamilton_30,False,DIS
0.04426173873414274,0.08330431690511074,0.7221270287420744,1.3068323179554773,1.0844125989864974,hamilton_30,False,DIS
0.04426173873414274,0.08330431690511074,0.7221270287420744,1.3068323179554773,1.0844125989864974,hamilton_30,False,DIS
0.04426173873414274,0.08330431690511074,0.7221270287420744,1.3068323179554773,1.0844125989864974,hamilton_30,False,DIS
0.04426173873414274,0.08330431690511074,0.7221270287420744,1.3068323179554773,1.0844125989864974,hamilton_30,False,DIS
0.04426173873414274,0.08330431690511074,0.7221270287420744,1.3068323179554773,1.0844125989864974,hamilton_30,False,DIS
0.04426173873414274,0.08330431690511074,0.7221270287420744,1.3068323179554773,1.0844125989864974,hamilton_30,False,DIS
0.04426173873414274,0.08330431690511074,0.7221270287420744,1.3068323179554773,1.0844125989864974,hamilton_30,False,DIS
0.04426173873414274,0.08330431690511074,0.7221270287420744,1.3068323179554773,1.0844125989864974,hamilton_30,False,DIS
0.04426173873414274,0.08330431690511074,0.7221270287420744,1.3068323179554773,1.0844125989864974,hamilton_30,False,DIS
0.04426173873414274,0.08330431690511074,0.7221270287420744,1.3068323179554773,1.0844125989864974,hamilton_30,False,DIS
0.04426173873414274,0.08330431690511074,0.7221270287420744,1.3068323179554773,1.0844125989864974,hamilton_30,False,DIS
0.04426173873414274,0.08330431690511074,0.7221270287420744,1.3068323179554773,1.0844125989864974,hamilton_30,False,DIS
0.04426173873414274,0.08330431690511074,0.7221270287420744,1.3068323179554773,1.0844125989864974,hamilton_30,False,DIS
0.04426173873414274,0.08330431690511074,0.7221270287420744,1.3068323179554773,1.0844125989864974,hamilton_30,False,DIS
0.04426173873414274,0.08330431690511074,0.7221270287420744,1.3068323179554773,1.0844125989864974,hamilton_30,False,DIS
0.04426173873414274,0.08330431690511074,0.7221270287420744,1.3068323179554773,1.0844125989864974,hamilton_30,False,DIS
0.04426173873414274,0.08330431690511074,0.7221270287420744,1.3068323179554773,1.0844125989864974,hamilton_30,False,DIS
0.04426173873414274,0.08330431690511074,0.7221270287420744,1.3068323179554773,1.0844125989864974,hamilton_30,False,DIS
0.04426173873414274,0.08330431690511074,0.7221270287420744,1.3068323179554773,1.0844125989864974,hamilton_30,False,DIS
0.04426173873414274,0.08330431690511074,0.7221270287420744,1.3068323179554773,1.0844125989864974,hamilton_30,False,DIS
0.04426173873414274,0.08330431690511074,0.7221270287420744,1.3068323179554773,1.0844125989864974,hamilton_30,False,DIS
0.04426173873414274,0.08330431690511074,0.7221270287420744,1.3068323179554773,1.0844125989864974,hamilton_30,False,DIS
0.04426173873414274,0.08330431690511074,0.7221270287420744,1.3068323179554773,1.0844125989864974,hamilton_30,False,DIS
0.04426173873414274,0.08330431690511074,0.7221270287420744,1.3068323179554773,1.0844125989864974,hamilton_30,False,DIS
0.04426173873414274,0.08330431690511074,0.7221270287420744,1.3068323179554773,1.0844125989864974,hamilton_30,False,DIS
0.04426173873414274,0.08330431690511074,0.7221270287420744,1.3068323179554773,1.0844125989864974,hamilton_30,False,DIS
0.04426173873414274,0.08330431690511074,0.7221270287420744,1.3068323179554773,1.0844125989864974,hamilton_30,False,DIS
0.13554112929137938,0.20818200293612896,0.2928932188134524,1.075557555036848,1.8975758100793112,chronic_08,False,CIT
0.13554112929137938,0.20818200293612896,0.2928932188134524,1.075557555036848,1.8975758100793112,chronic_08,False,CIT
0.13554112929137938,0.20818200293612896,0.2928932188134524,1.075557555036848,1.8975758100793112,chronic_08,False,CIT
0.13554112929137938,0.20818200293612896,0.2928932188134524,1.075557555036848,1.8975758100793112,chronic_08,False,CIT
0.13554112929137938,0.20818200293612896,0.2928932188134524,1.075557555036848,1.8975758100793112,chronic_08,False,CIT
0.13554112929137938,0.20818200293612896,0.2928932188134524,1.075557555036848,1.8975758100793112,chronic_08,False,CIT
0.13554112929137938,0.20818200293612896,0.2928932188134524,1.075557555036848,1.8975758100793112,chronic_08,False,CIT
0.13554112929137938,0.20818200293612896,0.2928932188134524,1.075557555036848,1.8975758100793112,chronic_08,False,CIT
0.13554112929137938,0.20818200293612896,0.2928932188134524,1.075557555036848,1.8975758100793112,chronic_08,False,CIT
0.13554112929137938,0.20818200293612896,0.2928932188134524,1.075557555036848,1.8975758100793112,chronic_08,False,CIT
0.13554112929137938,0.20818200293612896,0.2928932188134524,1.075557555036848,1.8975758100793112,chronic_08,False,CIT
0.13554112929137938,0.20818200293612896,0.2928932188134524,1.075557555036848,1.8975758100793112,chronic_08,False,CIT
0.13554112929137938,0.20818200293612896,0.2928932188134524,1.075557555036848,1.8975758100793112,chronic_08,False,CIT
0.13554112929137938,0.20818200293612896,0.2928932188134524,1.075557555036848,1.8975758100793112,chronic_08,False,CIT
0.13554112929137938,0.20818200293612896,0.2928932188134524,1.075557555036848,1.8975758100793112,chronic_08,False,CIT
0.13554112929137938,0.20818200293612896,0.2928932188134524,1.075557555036848,1.8975758100793112,chronic_08,False,CIT
0.13554112929137938,0.20818200293612896,0.2928932188134524,1.075557555036848,1.8975758100793112,chronic_08,False,CIT
0.13554112929137938,0.20818200293612896,0.2928932188134524,1.075557555036848,1.8975758100793112,chronic_08,False,CIT
0.13554112929137938,0.20818200293612896,0.2928932188134524,1.075557555036848,1.8975758100793112,chronic_08,False,CIT
0.13554112929137938,0.20818200293612896,0.2928932188134524,1.075557555036848,1.8975758100793112,chronic_08,False,CIT
0.13554112929137938,0.20818200293612896,0.2928932188134524,1.075557555036848,1.8975758100793112,chronic_08,False,CIT
0.13554112929137938,0.20818200293612896,0.2928932188134524,1.075557555036848,1.8975758100793112,chronic_08,False,CIT
0.13554112929137938,0.20818200293612896,0.2928932188134524,1.075557555036848,1.8975758100793112,chronic_08,False,CIT
0.13554112929137938,0.20818200293612896,0.2928932188134524,1.075557555036848,1.8975758100793112,chronic_08,False,CIT
0.13554112929137938,0.20818200293612896,0.2928932188134524,1.075557555036848,1.8975758100793112,chronic_08,False,CIT
0.13554112929137938,0.20818200293612896,0.2928932188134524,1.075557555036848,1.8975758100793112,chronic_08,False,CIT
0.13554112929137938,0.20818200293612896,0.2928932188134524,1.075557555036848,1.8975758100793112,chronic_08,False,CIT
0.13554112929137938,0.20818200293612896,0.2928932188134524,1.075557555036848,1.8975758100793112,chronic_08,False,CIT
0.10023058938328122,0.1118675652836493,1.0,1.1195086863859574,0.5011529469164062,chronic_09,False,SAL
0.10023058938328122,0.1118675652836493,1.0,1.1195086863859574,0.5011529469164062,chronic_09,False,SAL
0.10023058938328122,0.1118675652836493,1.0,1.1195086863859574,0.5011529469164062,chronic_09,False,SAL
0.10023058938328122,0.1118675652836493,1.0,1.1195086863859574,0.5011529469164062,chronic_09,False,SAL
0.10023058938328122,0.1118675652836493,1.0,1.1195086863859574,0.5011529469164062,chronic_09,False,SAL
0.10023058938328122,0.1118675652836493,1.0,1.1195086863859574,0.5011529469164062,chronic_09,False,SAL
0.10023058938328122,0.1118675652836493,1.0,1.1195086863859574,0.5011529469164062,chronic_09,False,SAL
0.10023058938328122,0.1118675652836493,1.0,1.1195086863859574,0.5011529469164062,chronic_09,False,SAL
0.10023058938328122,0.1118675652836493,1.0,1.1195086863859574,0.5011529469164062,chronic_09,False,SAL
0.10023058938328122,0.1118675652836493,1.0,1.1195086863859574,0.5011529469164062,chronic_09,False,SAL
0.23325148661662723,0.30365742477356816,0.2928932188134524,0.8684272621644445,2.2158891228579587,chronic_01,False,CIT
0.23325148661662723,0.30365742477356816,0.2928932188134524,0.8684272621644445,2.2158891228579587,chronic_01,False,CIT
0.23325148661662723,0.30365742477356816,0.2928932188134524,0.8684272621644445,2.2158891228579587,chronic_01,False,CIT
0.23325148661662723,0.30365742477356816,0.2928932188134524,0.8684272621644445,2.2158891228579587,chronic_01,False,CIT
0.23325148661662723,0.30365742477356816,0.2928932188134524,0.8684272621644445,2.2158891228579587,chronic_01,False,CIT
0.23325148661662723,0.30365742477356816,0.2928932188134524,0.8684272621644445,2.2158891228579587,chronic_01,False,CIT
0.23325148661662723,0.30365742477356816,0.2928932188134524,0.8684272621644445,2.2158891228579587,chronic_01,False,CIT
0.23325148661662723,0.30365742477356816,0.2928932188134524,0.8684272621644445,2.2158891228579587,chronic_01,False,CIT
0.23325148661662723,0.30365742477356816,0.2928932188134524,0.8684272621644445,2.2158891228579587,chronic_01,False,CIT
0.23325148661662723,0.30365742477356816,0.2928932188134524,0.8684272621644445,2.2158891228579587,chronic_01,False,CIT
0.23325148661662723,0.30365742477356816,0.2928932188134524,0.8684272621644445,2.2158891228579587,chronic_01,False,CIT
0.23325148661662723,0.30365742477356816,0.2928932188134524,0.8684272621644445,2.2158891228579587,chronic_01,False,CIT
0.23325148661662723,0.30365742477356816,0.2928932188134524,0.8684272621644445,2.2158891228579587,chronic_01,False,CIT
0.23325148661662723,0.30365742477356816,0.2928932188134524,0.8684272621644445,2.2158891228579587,chronic_01,False,CIT
0.23325148661662723,0.30365742477356816,0.2928932188134524,0.8684272621644445,2.2158891228579587,chronic_01,False,CIT
0.23325148661662723,0.30365742477356816,0.2928932188134524,0.8684272621644445,2.2158891228579587,chronic_01,False,CIT
0.23325148661662723,0.30365742477356816,0.2928932188134524,0.8684272621644445,2.2158891228579587,chronic_01,False,CIT
0.23325148661662723,0.30365742477356816,0.2928932188134524,0.8684272621644445,2.2158891228579587,chronic_01,False,CIT
0.23325148661662723,0.30365742477356816,0.2928932188134524,0.8684272621644445,2.2158891228579587,chronic_01,False,CIT
