neuron_id,lag,time,cc,session_name,bin_width,block
1074,0,0.0,0.010682540513833794,hamilton_01,0.05,pre
1075,0,0.0,0.009008535936707392,hamilton_01,0.05,pre
1079,0,0.0,0.0015147064407911627,hamilton_01,0.05,pre
1080,0,0.0,-0.004473497194480928,hamilton_01,0.05,pre
1082,0,0.0,0.002302896118268627,hamilton_01,0.05,pre
1084,0,0.0,0.020364121651356194,hamilton_01,0.05,pre
1087,0,0.0,-0.011295787649135596,hamilton_01,0.05,pre
1093,0,0.0,-0.07012325196596442,hamilton_02,0.05,pre
1094,0,0.0,-0.02048850433830991,hamilton_02,0.05,pre
1095,0,0.0,0.024086160336901,hamilton_02,0.05,pre
1099,0,0.0,0.005860894055353954,hamilton_02,0.05,pre
1111,0,0.0,-0.07028636662793326,hamilton_02,0.05,pre
1143,0,0.0,0.0099584143776365,hamilton_13,0.05,pre
1145,0,0.0,0.028532729313415713,hamilton_13,0.05,pre
1151,0,0.0,0.022859871591263202,hamilton_13,0.05,pre
1152,0,0.0,0.018620889699110642,hamilton_13,0.05,pre
1153,0,0.0,0.006830510100441805,hamilton_13,0.05,pre
1154,0,0.0,0.026235191253286286,hamilton_13,0.05,pre
1157,0,0.0,-0.011576394920832043,hamilton_13,0.05,pre
1159,0,0.0,0.005825631013159734,hamilton_13,0.05,pre
1166,0,0.0,-0.1639091966125306,hamilton_14,0.05,pre
1168,0,0.0,-0.08326849500861673,hamilton_14,0.05,pre
1170,0,0.0,-0.03738181781263503,hamilton_14,0.05,pre
1171,0,0.0,-0.03504568088260441,hamilton_14,0.05,pre
1174,0,0.0,-0.024100516984531622,hamilton_14,0.05,pre
1175,0,0.0,-0.16749482135976032,hamilton_14,0.05,pre
1250,0,0.0,0.04065906205195973,hamilton_23,0.05,pre
1255,0,0.0,0.030605949332518714,hamilton_23,0.05,pre
1260,0,0.0,0.005415370047858343,hamilton_23,0.05,pre
1261,0,0.0,0.002912271014442596,hamilton_23,0.05,pre
1265,0,0.0,0.030833578564787686,hamilton_23,0.05,pre
1266,0,0.0,-0.0012115901896149644,hamilton_23,0.05,pre
1269,0,0.0,0.0005317484982662325,hamilton_23,0.05,pre
1270,0,0.0,0.02299381442705858,hamilton_23,0.05,pre
1271,0,0.0,0.009514229904477612,hamilton_23,0.05,pre
1272,0,0.0,0.01176040005647834,hamilton_23,0.05,pre
1274,0,0.0,0.04661149059203063,hamilton_23,0.05,pre
1279,0,0.0,0.007392952288453926,hamilton_23,0.05,pre
1280,0,0.0,0.005518038798546894,hamilton_23,0.05,pre
1281,0,0.0,0.04123336746619145,hamilton_23,0.05,pre
1282,0,0.0,0.001954689759596544,hamilton_23,0.05,pre
1283,0,0.0,0.037361031562783475,hamilton_23,0.05,pre
1285,0,0.0,-6.964558721899363e-05,hamilton_23,0.05,pre
1288,0,0.0,0.047589532714177964,hamilton_23,0.05,pre
1289,0,0.0,0.03414200734320418,hamilton_23,0.05,pre
1292,0,0.0,0.01749670320938347,hamilton_23,0.05,pre
1293,0,0.0,0.04229858965185969,hamilton_23,0.05,pre
1299,0,0.0,0.05408325058823886,hamilton_23,0.05,pre
1301,0,0.0,0.03834416631068063,hamilton_23,0.05,pre
1303,0,0.0,0.055758612984737825,hamilton_23,0.05,pre
1304,0,0.0,0.042178001602293506,hamilton_23,0.05,pre
1305,0,0.0,0.046946784012401675,hamilton_23,0.05,pre
1311,0,0.0,0.03066738128179303,hamilton_23,0.05,pre
1312,0,0.0,0.005881843431624949,hamilton_23,0.05,pre
1315,0,0.0,-0.005565490359173072,hamilton_23,0.05,pre
1316,0,0.0,0.025351580885616957,hamilton_23,0.05,pre
1318,0,0.0,0.012647600875725527,hamilton_23,0.05,pre
1321,0,0.0,-0.005974069764528075,hamilton_23,0.05,pre
1322,0,0.0,0.057284666869151096,hamilton_23,0.05,pre
1323,0,0.0,0.02486953071066068,hamilton_23,0.05,pre
1326,0,0.0,0.001369240525556927,hamilton_23,0.05,pre
1327,0,0.0,0.009588672175153634,hamilton_23,0.05,pre
1328,0,0.0,0.04172621718636269,hamilton_23,0.05,pre
1330,0,0.0,-0.06559477957383883,hamilton_23,0.05,pre
1332,0,0.0,-0.001981298862294333,hamilton_23,0.05,pre
1333,0,0.0,0.041373782009688574,hamilton_23,0.05,pre
1334,0,0.0,0.06612832107882792,hamilton_23,0.05,pre
1336,0,0.0,0.008827703323377503,hamilton_23,0.05,pre
1337,0,0.0,0.037661509901579425,hamilton_23,0.05,pre
1341,0,0.0,-0.003507481785987024,hamilton_23,0.05,pre
1344,0,0.0,0.002371515568351455,hamilton_23,0.05,pre
1345,0,0.0,-0.01004692983982118,hamilton_23,0.05,pre
1346,0,0.0,0.038150768319592625,hamilton_23,0.05,pre
1349,0,0.0,0.027444830438693002,hamilton_23,0.05,pre
1353,0,0.0,0.008661508919702668,hamilton_07,0.05,pre
1354,0,0.0,0.0249312187750649,hamilton_07,0.05,pre
1357,0,0.0,0.03568484815626599,hamilton_07,0.05,pre
1358,0,0.0,0.010166247554768009,hamilton_07,0.05,pre
1360,0,0.0,0.009096239424978178,hamilton_07,0.05,pre
1361,0,0.0,0.015272113060835,hamilton_07,0.05,pre
1364,0,0.0,0.011244988627136071,hamilton_07,0.05,pre
1365,0,0.0,0.018914642874473187,hamilton_07,0.05,pre
1369,0,0.0,0.022675087419922687,hamilton_07,0.05,pre
1370,0,0.0,0.011100471743202613,hamilton_07,0.05,pre
1372,0,0.0,0.02346831521675522,hamilton_07,0.05,pre
1373,0,0.0,0.02361302642144128,hamilton_07,0.05,pre
1375,0,0.0,0.012983436586228572,hamilton_07,0.05,pre
1378,0,0.0,-0.007265945996208265,hamilton_07,0.05,pre
1379,0,0.0,0.017907609067808257,hamilton_07,0.05,pre
1380,0,0.0,0.011085853789157208,hamilton_07,0.05,pre
1384,0,0.0,-0.0018897968361677822,hamilton_07,0.05,pre
1385,0,0.0,0.009662998213504304,hamilton_07,0.05,pre
1389,0,0.0,0.03822647770129643,hamilton_07,0.05,pre
1391,0,0.0,0.019524419940048665,hamilton_07,0.05,pre
1395,0,0.0,0.02570043790246447,hamilton_07,0.05,pre
1396,0,0.0,0.08380335557584936,hamilton_07,0.05,pre
1397,0,0.0,0.08198120087912716,hamilton_07,0.05,pre
1404,0,0.0,0.005817781158567131,hamilton_07,0.05,pre
1405,0,0.0,0.006842976784208341,hamilton_07,0.05,pre
1413,0,0.0,0.027739960814222336,hamilton_07,0.05,pre
1416,0,0.0,0.016872720262583154,hamilton_08,0.05,pre
1419,0,0.0,0.06596636852416626,hamilton_08,0.05,pre
1424,0,0.0,0.03614460098157734,hamilton_08,0.05,pre
1426,0,0.0,0.06921652501648187,hamilton_08,0.05,pre
1429,0,0.0,0.02827509526115386,hamilton_08,0.05,pre
1435,0,0.0,0.013454595944457802,hamilton_08,0.05,pre
1438,0,0.0,0.04105506593273847,hamilton_08,0.05,pre
1440,0,0.0,-0.023376048477102195,hamilton_08,0.05,pre
1441,0,0.0,0.02107612762706052,hamilton_08,0.05,pre
1443,0,0.0,0.010878553788625652,hamilton_08,0.05,pre
1452,0,0.0,0.00799374393655279,hamilton_08,0.05,pre
1460,0,0.0,0.10386793475501861,hamilton_08,0.05,pre
1461,0,0.0,0.09846391775017073,hamilton_08,0.05,pre
1463,0,0.0,0.06071541889196543,hamilton_08,0.05,pre
1465,0,0.0,-0.016690620105888402,hamilton_08,0.05,pre
1466,0,0.0,-0.0020611082081435136,hamilton_08,0.05,pre
1467,0,0.0,0.005597523936546398,hamilton_08,0.05,pre
1468,0,0.0,0.024134560784660978,hamilton_08,0.05,pre
1469,0,0.0,0.012861074632241424,hamilton_08,0.05,pre
1471,0,0.0,0.00832608225895732,hamilton_08,0.05,pre
1474,0,0.0,0.053322623392943365,hamilton_08,0.05,pre
1475,0,0.0,0.06197674251976323,hamilton_08,0.05,pre
1478,0,0.0,0.015817955796911684,hamilton_08,0.05,pre
1479,0,0.0,0.05367665248609889,hamilton_08,0.05,pre
1481,0,0.0,-0.0008753199231106934,hamilton_08,0.05,pre
1484,0,0.0,0.04900361553288373,hamilton_08,0.05,pre
1485,0,0.0,0.05896520287016296,hamilton_08,0.05,pre
1487,0,0.0,0.010967674691901309,hamilton_08,0.05,pre
1489,0,0.0,0.026199796716571404,hamilton_08,0.05,pre
1492,0,0.0,-0.0024751724145198523,hamilton_08,0.05,pre
1494,0,0.0,-0.0007174105601668644,hamilton_19,0.05,pre
1495,0,0.0,0.12495647776077126,hamilton_19,0.05,pre
1496,0,0.0,0.12492986361397841,hamilton_19,0.05,pre
1497,0,0.0,-0.010235519153964217,hamilton_19,0.05,pre
1500,0,0.0,0.023787412304340474,hamilton_19,0.05,pre
1501,0,0.0,0.03169968746290578,hamilton_19,0.05,pre
1505,0,0.0,-0.004330190257754406,hamilton_19,0.05,pre
1507,0,0.0,0.04982916420028352,hamilton_19,0.05,pre
1510,0,0.0,-0.012958327396843114,hamilton_19,0.05,pre
1514,0,0.0,0.0007958422311826207,hamilton_19,0.05,pre
1519,0,0.0,0.02859091812409611,hamilton_19,0.05,pre
1525,0,0.0,0.12484773662269578,hamilton_19,0.05,pre
1529,0,0.0,-0.010385780720986544,hamilton_19,0.05,pre
1530,0,0.0,0.022826897209264996,hamilton_19,0.05,pre
1532,0,0.0,0.017415384582182118,hamilton_19,0.05,pre
1533,0,0.0,0.08860502339964368,hamilton_19,0.05,pre
1535,0,0.0,0.10597790847252085,hamilton_19,0.05,pre
1538,0,0.0,0.05460468806846019,hamilton_19,0.05,pre
1541,0,0.0,0.04826295720667393,hamilton_19,0.05,pre
1542,0,0.0,0.03546360222057829,hamilton_19,0.05,pre
1543,0,0.0,0.021831876722392677,hamilton_19,0.05,pre
1544,0,0.0,0.07122385889088693,hamilton_19,0.05,pre
1545,0,0.0,0.018781915603227804,hamilton_19,0.05,pre
1547,0,0.0,-0.006109503052755054,hamilton_19,0.05,pre
1550,0,0.0,-0.1586821351346883,hamilton_19,0.05,pre
1551,0,0.0,0.05379030580622764,hamilton_19,0.05,pre
1552,0,0.0,0.035451718795359265,hamilton_19,0.05,pre
1553,0,0.0,0.02716231221948802,hamilton_19,0.05,pre
1554,0,0.0,-0.0031491559253011103,hamilton_20,0.05,pre
1558,0,0.0,0.008280296750493374,hamilton_20,0.05,pre
1560,0,0.0,-0.011754905767274478,hamilton_20,0.05,pre
1563,0,0.0,0.009346036353693181,hamilton_20,0.05,pre
1564,0,0.0,0.002435005168727019,hamilton_20,0.05,pre
1565,0,0.0,-0.004649696636824549,hamilton_20,0.05,pre
1567,0,0.0,0.015943325608881613,hamilton_20,0.05,pre
1569,0,0.0,0.0003122797373993341,hamilton_20,0.05,pre
1571,0,0.0,0.02866688603980769,hamilton_20,0.05,pre
1573,0,0.0,0.002285846849850893,hamilton_20,0.05,pre
1574,0,0.0,0.01821378476976229,hamilton_20,0.05,pre
1576,0,0.0,0.025964108656821215,hamilton_20,0.05,pre
1578,0,0.0,0.017471398876611376,hamilton_20,0.05,pre
1579,0,0.0,-0.003205218572974897,hamilton_20,0.05,pre
1580,0,0.0,0.029668551592198392,hamilton_20,0.05,pre
1581,0,0.0,0.005764077025133853,hamilton_20,0.05,pre
1584,0,0.0,-0.006416776196308956,hamilton_20,0.05,pre
1585,0,0.0,0.00375842630243865,hamilton_20,0.05,pre
1587,0,0.0,0.008144441618273017,hamilton_20,0.05,pre
1593,0,0.0,0.013247844939711794,hamilton_20,0.05,pre
1595,0,0.0,0.02005928644395455,hamilton_20,0.05,pre
1596,0,0.0,0.014283360644288392,hamilton_20,0.05,pre
1597,0,0.0,0.0017515937210021684,hamilton_20,0.05,pre
1602,0,0.0,0.001919760918951277,hamilton_20,0.05,pre
1603,0,0.0,0.0052319919627045065,hamilton_20,0.05,pre
1605,0,0.0,0.014638007816048614,hamilton_20,0.05,pre
1608,0,0.0,0.014623146494327954,hamilton_20,0.05,pre
1610,0,0.0,-0.0032743287522475273,hamilton_20,0.05,pre
1611,0,0.0,0.002380011251142593,hamilton_20,0.05,pre
1075,0,0.0,0.02148910255849604,hamilton_01,0.1,pre
1079,0,0.0,0.015680475121155054,hamilton_01,0.1,pre
1082,0,0.0,0.001370348632084744,hamilton_01,0.1,pre
1087,0,0.0,-0.012466957979573047,hamilton_01,0.1,pre
1089,0,0.0,0.008760025298776621,hamilton_02,0.1,pre
1093,0,0.0,-0.01021869849520344,hamilton_02,0.1,pre
1094,0,0.0,0.0016995368456050816,hamilton_02,0.1,pre
1096,0,0.0,0.031451709555874445,hamilton_02,0.1,pre
1099,0,0.0,0.020164329726288264,hamilton_02,0.1,pre
1100,0,0.0,-0.07220644554145803,hamilton_02,0.1,pre
1103,0,0.0,0.03771736276424586,hamilton_02,0.1,pre
1104,0,0.0,0.046970566900508263,hamilton_02,0.1,pre
1105,0,0.0,-0.06338856214591082,hamilton_02,0.1,pre
1143,0,0.0,0.03987309449134764,hamilton_13,0.1,pre
1144,0,0.0,-0.03716707782571672,hamilton_13,0.1,pre
1145,0,0.0,0.0758943254342389,hamilton_13,0.1,pre
1148,0,0.0,-0.08515354777443362,hamilton_13,0.1,pre
1149,0,0.0,0.021935814851295005,hamilton_13,0.1,pre
1150,0,0.0,0.058550167672779645,hamilton_13,0.1,pre
1151,0,0.0,0.04514723775363589,hamilton_13,0.1,pre
1153,0,0.0,0.026206843213290944,hamilton_13,0.1,pre
1154,0,0.0,0.05362760451963992,hamilton_13,0.1,pre
1165,0,0.0,0.026894915256470035,hamilton_14,0.1,pre
1166,0,0.0,-0.02339601388346248,hamilton_14,0.1,pre
1168,0,0.0,0.0021475858404623872,hamilton_14,0.1,pre
1171,0,0.0,-0.014035075779165756,hamilton_14,0.1,pre
1247,0,0.0,0.0768691149282685,hamilton_23,0.1,pre
1255,0,0.0,0.044744761438992586,hamilton_23,0.1,pre
1260,0,0.0,0.003688984090358471,hamilton_23,0.1,pre
1264,0,0.0,0.09616545897399098,hamilton_23,0.1,pre
1265,0,0.0,0.03792754081256184,hamilton_23,0.1,pre
1272,0,0.0,0.0369739573754459,hamilton_23,0.1,pre
1273,0,0.0,0.008206099674194417,hamilton_23,0.1,pre
1274,0,0.0,0.07399721869282355,hamilton_23,0.1,pre
1277,0,0.0,0.09853645661335862,hamilton_23,0.1,pre
1281,0,0.0,0.07920222686042319,hamilton_23,0.1,pre
1282,0,0.0,0.00873751220675317,hamilton_23,0.1,pre
1283,0,0.0,0.06297228626073434,hamilton_23,0.1,pre
1284,0,0.0,0.07213964357497,hamilton_23,0.1,pre
1285,0,0.0,0.07118507287912025,hamilton_23,0.1,pre
1286,0,0.0,0.009309438210855408,hamilton_23,0.1,pre
1288,0,0.0,0.058160794974782576,hamilton_23,0.1,pre
1292,0,0.0,0.019185501440821755,hamilton_23,0.1,pre
1294,0,0.0,0.017016009629708524,hamilton_23,0.1,pre
1299,0,0.0,0.06081279031097654,hamilton_23,0.1,pre
1302,0,0.0,0.06613725905655932,hamilton_23,0.1,pre
1311,0,0.0,0.02160755734276091,hamilton_23,0.1,pre
1312,0,0.0,0.02429426720618733,hamilton_23,0.1,pre
1315,0,0.0,0.006276718081874035,hamilton_23,0.1,pre
1317,0,0.0,0.04863784169012964,hamilton_23,0.1,pre
1320,0,0.0,-0.0024305130068893893,hamilton_23,0.1,pre
1323,0,0.0,0.024765629561703407,hamilton_23,0.1,pre
1326,0,0.0,0.006969785074631369,hamilton_23,0.1,pre
1327,0,0.0,-0.012615402122843785,hamilton_23,0.1,pre
1330,0,0.0,-0.04080972223442238,hamilton_23,0.1,pre
1331,0,0.0,0.031564564530182415,hamilton_23,0.1,pre
1332,0,0.0,-0.03248547000726915,hamilton_23,0.1,pre
1334,0,0.0,0.0795307774849203,hamilton_23,0.1,pre
1336,0,0.0,0.0027551667909810457,hamilton_23,0.1,pre
1338,0,0.0,-0.028472414035021938,hamilton_23,0.1,pre
1339,0,0.0,0.002468715804054891,hamilton_23,0.1,pre
1341,0,0.0,-0.003958027896959815,hamilton_23,0.1,pre
1342,0,0.0,0.06555398455486926,hamilton_23,0.1,pre
1343,0,0.0,0.05515294737302583,hamilton_23,0.1,pre
1344,0,0.0,0.011299307502352845,hamilton_23,0.1,pre
1346,0,0.0,0.04264032373815167,hamilton_23,0.1,pre
1347,0,0.0,0.036707473985640386,hamilton_23,0.1,pre
1349,0,0.0,0.028737164044478507,hamilton_23,0.1,pre
1350,0,0.0,0.039150439095750465,hamilton_07,0.1,pre
1351,0,0.0,0.011403972942931858,hamilton_07,0.1,pre
1358,0,0.0,0.019237970111320453,hamilton_07,0.1,pre
1361,0,0.0,0.01872622206781122,hamilton_07,0.1,pre
1363,0,0.0,0.020066646137017464,hamilton_07,0.1,pre
1365,0,0.0,0.04934439408005303,hamilton_07,0.1,pre
1366,0,0.0,0.003009444348050823,hamilton_07,0.1,pre
1369,0,0.0,0.04556146435324823,hamilton_07,0.1,pre
1370,0,0.0,0.023754506605404763,hamilton_07,0.1,pre
1372,0,0.0,0.0245243796809141,hamilton_07,0.1,pre
1384,0,0.0,-0.0173770038395558,hamilton_07,0.1,pre
1386,0,0.0,0.08551357924739462,hamilton_07,0.1,pre
1387,0,0.0,0.07408214473274372,hamilton_07,0.1,pre
1390,0,0.0,0.03918844619012695,hamilton_07,0.1,pre
1391,0,0.0,0.01247366536260073,hamilton_07,0.1,pre
1392,0,0.0,-0.0022514276954064385,hamilton_07,0.1,pre
1394,0,0.0,0.0011229168849198324,hamilton_07,0.1,pre
1396,0,0.0,0.07807739170945195,hamilton_07,0.1,pre
1397,0,0.0,0.07069332572254484,hamilton_07,0.1,pre
1398,0,0.0,0.052502176091299264,hamilton_07,0.1,pre
1399,0,0.0,0.03327481970867997,hamilton_07,0.1,pre
1411,0,0.0,0.016823138785385463,hamilton_07,0.1,pre
1413,0,0.0,0.027975141600538735,hamilton_07,0.1,pre
1414,0,0.0,0.08526461728852634,hamilton_08,0.1,pre
1417,0,0.0,0.0686570942162737,hamilton_08,0.1,pre
1419,0,0.0,0.0956908630336658,hamilton_08,0.1,pre
1421,0,0.0,0.04260169369900204,hamilton_08,0.1,pre
1426,0,0.0,0.10814715956704371,hamilton_08,0.1,pre
1430,0,0.0,0.040102604934524305,hamilton_08,0.1,pre
1438,0,0.0,0.054124685088363884,hamilton_08,0.1,pre
1443,0,0.0,0.039259083521226236,hamilton_08,0.1,pre
1445,0,0.0,-0.008810016268607718,hamilton_08,0.1,pre
1447,0,0.0,0.055525303159741586,hamilton_08,0.1,pre
1448,0,0.0,0.0037518478315514627,hamilton_08,0.1,pre
1449,0,0.0,-0.02146937466021277,hamilton_08,0.1,pre
1455,0,0.0,0.09958733005930163,hamilton_08,0.1,pre
1459,0,0.0,0.22841889849436936,hamilton_08,0.1,pre
1461,0,0.0,0.17943784476401162,hamilton_08,0.1,pre
1466,0,0.0,-0.007311380461583449,hamilton_08,0.1,pre
1468,0,0.0,0.02072834185163316,hamilton_08,0.1,pre
1472,0,0.0,0.08874880854574409,hamilton_08,0.1,pre
1473,0,0.0,0.0293658599274103,hamilton_08,0.1,pre
1477,0,0.0,0.08960330140476425,hamilton_08,0.1,pre
1479,0,0.0,0.11527575244258269,hamilton_08,0.1,pre
1482,0,0.0,0.12072012205468606,hamilton_08,0.1,pre
1484,0,0.0,0.06803441784924676,hamilton_08,0.1,pre
1487,0,0.0,0.01643422481776191,hamilton_08,0.1,pre
1488,0,0.0,-0.019885217129086107,hamilton_08,0.1,pre
1492,0,0.0,-0.005186320939258765,hamilton_08,0.1,pre
1494,0,0.0,-0.008962039440922031,hamilton_19,0.1,pre
1495,0,0.0,0.13513067603101578,hamilton_19,0.1,pre
1496,0,0.0,0.13538054246058126,hamilton_19,0.1,pre
1499,0,0.0,0.018021503805708296,hamilton_19,0.1,pre
1502,0,0.0,-0.07563133502764441,hamilton_19,0.1,pre
1505,0,0.0,2.1981183596703157e-05,hamilton_19,0.1,pre
1510,0,0.0,-0.02108598100258753,hamilton_19,0.1,pre
1511,0,0.0,-0.012419401948421217,hamilton_19,0.1,pre
1514,0,0.0,0.005931917074612543,hamilton_19,0.1,pre
1515,0,0.0,-0.02023065046045063,hamilton_19,0.1,pre
1517,0,0.0,0.08534638728485201,hamilton_19,0.1,pre
1519,0,0.0,0.05302900866316599,hamilton_19,0.1,pre
1521,0,0.0,0.0824340710636101,hamilton_19,0.1,pre
1525,0,0.0,0.16346699179056798,hamilton_19,0.1,pre
1527,0,0.0,0.029367539583503854,hamilton_19,0.1,pre
1528,0,0.0,-0.0008465644401287582,hamilton_19,0.1,pre
1530,0,0.0,0.02240956750119648,hamilton_19,0.1,pre
1533,0,0.0,0.13921791488107563,hamilton_19,0.1,pre
1538,0,0.0,0.09290344894018727,hamilton_19,0.1,pre
1540,0,0.0,0.008315810201138314,hamilton_19,0.1,pre
1543,0,0.0,0.029398782075693138,hamilton_19,0.1,pre
1544,0,0.0,0.07647495065693176,hamilton_19,0.1,pre
1545,0,0.0,0.025136909020858914,hamilton_19,0.1,pre
1550,0,0.0,-0.21520721882761454,hamilton_19,0.1,pre
1551,0,0.0,0.08085057840419935,hamilton_19,0.1,pre
1552,0,0.0,0.05496528065447453,hamilton_19,0.1,pre
1553,0,0.0,0.019241014030593154,hamilton_19,0.1,pre
1554,0,0.0,0.009537387646875653,hamilton_20,0.1,pre
1556,0,0.0,-0.007911219549147013,hamilton_20,0.1,pre
1560,0,0.0,0.017252285244119498,hamilton_20,0.1,pre
1563,0,0.0,0.022637384041935254,hamilton_20,0.1,pre
1564,0,0.0,0.0097784478579102,hamilton_20,0.1,pre
1565,0,0.0,0.028227398977169763,hamilton_20,0.1,pre
1568,0,0.0,0.0276737040388954,hamilton_20,0.1,pre
1570,0,0.0,-0.007589011922975099,hamilton_20,0.1,pre
1571,0,0.0,0.03696230176379701,hamilton_20,0.1,pre
1575,0,0.0,-0.0016808807545644372,hamilton_20,0.1,pre
1576,0,0.0,0.029019338245484656,hamilton_20,0.1,pre
1581,0,0.0,0.01058819969918861,hamilton_20,0.1,pre
1585,0,0.0,0.011080986771050046,hamilton_20,0.1,pre
1586,0,0.0,0.045628244471673976,hamilton_20,0.1,pre
1587,0,0.0,0.005748896916915764,hamilton_20,0.1,pre
1589,0,0.0,0.018807520716995277,hamilton_20,0.1,pre
1590,0,0.0,0.00022489726127921273,hamilton_20,0.1,pre
1593,0,0.0,-0.005013975490974581,hamilton_20,0.1,pre
1594,0,0.0,0.014214560376637837,hamilton_20,0.1,pre
1596,0,0.0,0.01249095992511815,hamilton_20,0.1,pre
1597,0,0.0,0.010223635778313611,hamilton_20,0.1,pre
1599,0,0.0,0.0117864143333194,hamilton_20,0.1,pre
1600,0,0.0,-0.01776609634512769,hamilton_20,0.1,pre
1604,0,0.0,0.01705843782623994,hamilton_20,0.1,pre
1605,0,0.0,0.009594590739442289,hamilton_20,0.1,pre
1072,0,0.0,-0.03205047229494382,hamilton_01,0.5,pre
1074,0,0.0,0.07541836261839009,hamilton_01,0.5,pre
1076,0,0.0,-0.002612567018498393,hamilton_01,0.5,pre
1078,0,0.0,0.013464272325427856,hamilton_01,0.5,pre
1079,0,0.0,0.035546725439320456,hamilton_01,0.5,pre
1084,0,0.0,0.08371270562806578,hamilton_01,0.5,pre
1085,0,0.0,-0.04459685695204929,hamilton_01,0.5,pre
1086,0,0.0,-0.13718281876723346,hamilton_01,0.5,pre
1088,0,0.0,0.14302376466354366,hamilton_02,0.5,pre
1093,0,0.0,0.19278260720658424,hamilton_02,0.5,pre
1094,0,0.0,0.24587150075382613,hamilton_02,0.5,pre
1098,0,0.0,0.059334320978304975,hamilton_02,0.5,pre
1099,0,0.0,0.20268476169539815,hamilton_02,0.5,pre
1102,0,0.0,0.21994520621754157,hamilton_02,0.5,pre
1104,0,0.0,0.11996401124604002,hamilton_02,0.5,pre
1105,0,0.0,-0.032317133378465174,hamilton_02,0.5,pre
1111,0,0.0,-0.0020638167541121794,hamilton_02,0.5,pre
1144,0,0.0,-0.20856377283763047,hamilton_13,0.5,pre
1146,0,0.0,-0.11658809538259723,hamilton_13,0.5,pre
1148,0,0.0,-0.14951748704274231,hamilton_13,0.5,pre
1153,0,0.0,-0.10722098541827808,hamilton_13,0.5,pre
1157,0,0.0,-0.05468492069705228,hamilton_13,0.5,pre
1158,0,0.0,0.011082105642402723,hamilton_13,0.5,pre
1168,0,0.0,0.1656659329016458,hamilton_14,0.5,pre
1172,0,0.0,0.07296175056242993,hamilton_14,0.5,pre
1174,0,0.0,0.12136140742778123,hamilton_14,0.5,pre
1247,0,0.0,0.18767868594018114,hamilton_23,0.5,pre
1255,0,0.0,0.1491363228404608,hamilton_23,0.5,pre
1258,0,0.0,0.0638911089477607,hamilton_23,0.5,pre
1265,0,0.0,0.14664502798714033,hamilton_23,0.5,pre
1267,0,0.0,0.05386458138299812,hamilton_23,0.5,pre
1270,0,0.0,0.08882649531722983,hamilton_23,0.5,pre
1273,0,0.0,0.018978188351686548,hamilton_23,0.5,pre
1274,0,0.0,0.1766308364178781,hamilton_23,0.5,pre
1280,0,0.0,0.0039467554741906274,hamilton_23,0.5,pre
1281,0,0.0,0.14624306119354427,hamilton_23,0.5,pre
1282,0,0.0,0.01796875593336208,hamilton_23,0.5,pre
1291,0,0.0,0.017030364377694257,hamilton_23,0.5,pre
1292,0,0.0,0.03523202857098166,hamilton_23,0.5,pre
1294,0,0.0,0.00320517773274323,hamilton_23,0.5,pre
1301,0,0.0,0.12779044195300565,hamilton_23,0.5,pre
1302,0,0.0,0.2058804038608298,hamilton_23,0.5,pre
1304,0,0.0,0.11076562394119077,hamilton_23,0.5,pre
1305,0,0.0,0.15119812305726693,hamilton_23,0.5,pre
1312,0,0.0,0.002150289582240342,hamilton_23,0.5,pre
1314,0,0.0,0.11330755434546651,hamilton_23,0.5,pre
1319,0,0.0,0.21248202374300998,hamilton_23,0.5,pre
1320,0,0.0,-0.021132972808647264,hamilton_23,0.5,pre
1321,0,0.0,-0.0030874336736718033,hamilton_23,0.5,pre
1327,0,0.0,-0.033304212844116644,hamilton_23,0.5,pre
1328,0,0.0,0.20953121426023377,hamilton_23,0.5,pre
1329,0,0.0,0.1936383428937709,hamilton_23,0.5,pre
1333,0,0.0,0.14854147475128,hamilton_23,0.5,pre
1334,0,0.0,0.2165712714614628,hamilton_23,0.5,pre
1337,0,0.0,0.11542577146820868,hamilton_23,0.5,pre
1338,0,0.0,-0.09842669742767837,hamilton_23,0.5,pre
1341,0,0.0,-0.06110659229451392,hamilton_23,0.5,pre
1342,0,0.0,0.1872387766953433,hamilton_23,0.5,pre
1344,0,0.0,0.0448047928681697,hamilton_23,0.5,pre
1345,0,0.0,-0.03007880236534968,hamilton_23,0.5,pre
1350,0,0.0,0.1018345111094587,hamilton_07,0.5,pre
1351,0,0.0,0.01577686879689895,hamilton_07,0.5,pre
1355,0,0.0,-0.14567304395179662,hamilton_07,0.5,pre
1356,0,0.0,-0.0849898740849894,hamilton_07,0.5,pre
1361,0,0.0,0.0820843940520197,hamilton_07,0.5,pre
1363,0,0.0,0.04944720692285945,hamilton_07,0.5,pre
1375,0,0.0,0.052393912912289516,hamilton_07,0.5,pre
1378,0,0.0,-0.0700685405887111,hamilton_07,0.5,pre
1379,0,0.0,0.21053598329054812,hamilton_07,0.5,pre
1380,0,0.0,0.14245528356294238,hamilton_07,0.5,pre
1384,0,0.0,-0.1393915716154425,hamilton_07,0.5,pre
1386,0,0.0,0.2701564899876779,hamilton_07,0.5,pre
1387,0,0.0,0.2521167766092735,hamilton_07,0.5,pre
1390,0,0.0,0.09580544837785226,hamilton_07,0.5,pre
1394,0,0.0,-0.009112897600018146,hamilton_07,0.5,pre
1395,0,0.0,0.09793077220588904,hamilton_07,0.5,pre
1397,0,0.0,-0.13405793440736985,hamilton_07,0.5,pre
1401,0,0.0,0.27757928522481595,hamilton_07,0.5,pre
1406,0,0.0,0.22920858256061996,hamilton_07,0.5,pre
1407,0,0.0,-0.015638501061875795,hamilton_07,0.5,pre
1408,0,0.0,0.14051371962558165,hamilton_07,0.5,pre
1410,0,0.0,0.1095789896949819,hamilton_07,0.5,pre
1414,0,0.0,0.21264333759128165,hamilton_08,0.5,pre
1416,0,0.0,0.05155727201898343,hamilton_08,0.5,pre
1419,0,0.0,0.20893947231715393,hamilton_08,0.5,pre
1422,0,0.0,0.2162396219780396,hamilton_08,0.5,pre
1423,0,0.0,0.1111948899836223,hamilton_08,0.5,pre
1424,0,0.0,0.03630882558922199,hamilton_08,0.5,pre
1430,0,0.0,0.12986686507334352,hamilton_08,0.5,pre
1435,0,0.0,0.1392987682321415,hamilton_08,0.5,pre
1437,0,0.0,-0.09052703427230994,hamilton_08,0.5,pre
1441,0,0.0,0.03761351023505797,hamilton_08,0.5,pre
1442,0,0.0,-0.019460149686089726,hamilton_08,0.5,pre
1447,0,0.0,0.0671519632870184,hamilton_08,0.5,pre
1455,0,0.0,0.14588609959473078,hamilton_08,0.5,pre
1458,0,0.0,0.16975325590927035,hamilton_08,0.5,pre
1459,0,0.0,0.27494902762751794,hamilton_08,0.5,pre
1465,0,0.0,0.001638684446329363,hamilton_08,0.5,pre
1468,0,0.0,0.05121434730122065,hamilton_08,0.5,pre
1469,0,0.0,0.12745235442341413,hamilton_08,0.5,pre
1472,0,0.0,0.21517052799125483,hamilton_08,0.5,pre
1478,0,0.0,0.07083926490749344,hamilton_08,0.5,pre
1481,0,0.0,0.013597320609620775,hamilton_08,0.5,pre
1482,0,0.0,0.14382127889355767,hamilton_08,0.5,pre
1483,0,0.0,0.2521833058412885,hamilton_08,0.5,pre
1485,0,0.0,0.2046191709123725,hamilton_08,0.5,pre
1488,0,0.0,-0.04478940631833925,hamilton_08,0.5,pre
1491,0,0.0,0.00916088604894812,hamilton_08,0.5,pre
1492,0,0.0,-0.01292150318129633,hamilton_08,0.5,pre
1499,0,0.0,0.03387002395542195,hamilton_19,0.5,pre
1501,0,0.0,0.08004988549737771,hamilton_19,0.5,pre
1502,0,0.0,-0.21119990876048583,hamilton_19,0.5,pre
1504,0,0.0,-0.12227173988137628,hamilton_19,0.5,pre
1509,0,0.0,0.004618117085914827,hamilton_19,0.5,pre
1510,0,0.0,-0.08563685742100942,hamilton_19,0.5,pre
1511,0,0.0,-0.039173150313156095,hamilton_19,0.5,pre
1512,0,0.0,0.13425992460634162,hamilton_19,0.5,pre
1514,0,0.0,0.011315913624198674,hamilton_19,0.5,pre
1516,0,0.0,0.333205028457553,hamilton_19,0.5,pre
1521,0,0.0,0.2489356108367911,hamilton_19,0.5,pre
1522,0,0.0,0.265794286668379,hamilton_19,0.5,pre
1525,0,0.0,0.35198907808991015,hamilton_19,0.5,pre
1529,0,0.0,-0.059688748679207974,hamilton_19,0.5,pre
1531,0,0.0,-0.05453553919457132,hamilton_19,0.5,pre
1533,0,0.0,0.3428071323924688,hamilton_19,0.5,pre
1537,0,0.0,0.3200852724490184,hamilton_19,0.5,pre
1542,0,0.0,0.15609964102131377,hamilton_19,0.5,pre
1545,0,0.0,0.07501347476341284,hamilton_19,0.5,pre
1548,0,0.0,0.015889086360558385,hamilton_19,0.5,pre
1552,0,0.0,0.1339038480003579,hamilton_19,0.5,pre
1553,0,0.0,0.07373466940005002,hamilton_19,0.5,pre
1554,0,0.0,0.00920176459739247,hamilton_20,0.5,pre
1556,0,0.0,0.0025382155195660732,hamilton_20,0.5,pre
1557,0,0.0,-0.04674316562995214,hamilton_20,0.5,pre
1558,0,0.0,0.08022064089486833,hamilton_20,0.5,pre
1559,0,0.0,0.017302247144313276,hamilton_20,0.5,pre
1562,0,0.0,0.07976286835288955,hamilton_20,0.5,pre
1563,0,0.0,0.017868423812377753,hamilton_20,0.5,pre
1564,0,0.0,0.010649362094740626,hamilton_20,0.5,pre
1565,0,0.0,-0.035847953171481504,hamilton_20,0.5,pre
1568,0,0.0,0.06073613811203499,hamilton_20,0.5,pre
1569,0,0.0,0.024137948047166007,hamilton_20,0.5,pre
1581,0,0.0,0.023874079616765725,hamilton_20,0.5,pre
1582,0,0.0,0.0032934874877098507,hamilton_20,0.5,pre
1585,0,0.0,-0.010420391388911567,hamilton_20,0.5,pre
1588,0,0.0,0.028653201186924354,hamilton_20,0.5,pre
1589,0,0.0,0.04013133174131975,hamilton_20,0.5,pre
1592,0,0.0,0.017771707102218506,hamilton_20,0.5,pre
1594,0,0.0,0.08810816564441237,hamilton_20,0.5,pre
1595,0,0.0,0.05910794785393152,hamilton_20,0.5,pre
1596,0,0.0,0.04089701146570675,hamilton_20,0.5,pre
1602,0,0.0,0.04306974786682193,hamilton_20,0.5,pre
1603,0,0.0,0.022648177508147575,hamilton_20,0.5,pre
1605,0,0.0,0.05432074521124195,hamilton_20,0.5,pre
1606,0,0.0,0.05662550476883352,hamilton_20,0.5,pre
1609,0,0.0,0.02622600160578178,hamilton_20,0.5,pre
1072,0,0.0,-0.02667544740088458,hamilton_01,1.0,pre
1074,0,0.0,0.1017124833702136,hamilton_01,1.0,pre
1076,0,0.0,-0.039240131794543394,hamilton_01,1.0,pre
1078,0,0.0,0.05578054585181668,hamilton_01,1.0,pre
1079,0,0.0,0.07747175155813714,hamilton_01,1.0,pre
1082,0,0.0,0.06672569746124236,hamilton_01,1.0,pre
1084,0,0.0,0.12050967574457216,hamilton_01,1.0,pre
1086,0,0.0,-0.2114335538124236,hamilton_01,1.0,pre
1095,0,0.0,0.2797904503165721,hamilton_02,1.0,pre
1099,0,0.0,0.28404669149411976,hamilton_02,1.0,pre
1100,0,0.0,-0.051454076168553874,hamilton_02,1.0,pre
1106,0,0.0,0.34373009310008024,hamilton_02,1.0,pre
1144,0,0.0,-0.2574590472502815,hamilton_13,1.0,pre
1146,0,0.0,-0.15415563294307996,hamilton_13,1.0,pre
1148,0,0.0,-0.10998371145578853,hamilton_13,1.0,pre
1153,0,0.0,-0.16955816691911613,hamilton_13,1.0,pre
1157,0,0.0,-0.007916190252942783,hamilton_13,1.0,pre
1159,0,0.0,0.06489907184549862,hamilton_13,1.0,pre
1165,0,0.0,0.1061061858443467,hamilton_14,1.0,pre
1166,0,0.0,0.09346574878529598,hamilton_14,1.0,pre
1168,0,0.0,0.1788934513541091,hamilton_14,1.0,pre
1171,0,0.0,0.03226130499839673,hamilton_14,1.0,pre
1172,0,0.0,0.02009670483895438,hamilton_14,1.0,pre
1173,0,0.0,0.05946669495415552,hamilton_14,1.0,pre
1251,0,0.0,0.06007207303583888,hamilton_23,1.0,pre
1255,0,0.0,0.18112419506070745,hamilton_23,1.0,pre
1260,0,0.0,-0.02013311715655613,hamilton_23,1.0,pre
1263,0,0.0,0.06602406294360211,hamilton_23,1.0,pre
1265,0,0.0,0.11088412663263525,hamilton_23,1.0,pre
1267,0,0.0,0.08669775219576235,hamilton_23,1.0,pre
1269,0,0.0,0.06968984808736578,hamilton_23,1.0,pre
1270,0,0.0,0.16003288173302796,hamilton_23,1.0,pre
1271,0,0.0,0.031163739757542035,hamilton_23,1.0,pre
1273,0,0.0,0.03296400816966654,hamilton_23,1.0,pre
1274,0,0.0,0.22327073690282845,hamilton_23,1.0,pre
1280,0,0.0,0.031635891839066295,hamilton_23,1.0,pre
1281,0,0.0,0.13967034212967425,hamilton_23,1.0,pre
1284,0,0.0,0.12541508582150307,hamilton_23,1.0,pre
1291,0,0.0,-0.041053180230843034,hamilton_23,1.0,pre
1292,0,0.0,0.043593117372793325,hamilton_23,1.0,pre
1294,0,0.0,0.03418496211673605,hamilton_23,1.0,pre
1301,0,0.0,0.12194486954665774,hamilton_23,1.0,pre
1302,0,0.0,0.09063948984005293,hamilton_23,1.0,pre
1304,0,0.0,0.039518406400306315,hamilton_23,1.0,pre
1305,0,0.0,0.15972008381975172,hamilton_23,1.0,pre
1312,0,0.0,0.04754652875952788,hamilton_23,1.0,pre
1314,0,0.0,0.07134136062686135,hamilton_23,1.0,pre
1319,0,0.0,0.19837993653677352,hamilton_23,1.0,pre
1321,0,0.0,0.07029730776633505,hamilton_23,1.0,pre
1326,0,0.0,0.02996372558897028,hamilton_23,1.0,pre
1328,0,0.0,0.2094362077949278,hamilton_23,1.0,pre
1329,0,0.0,0.11816630661562119,hamilton_23,1.0,pre
1332,0,0.0,-0.12004077141364822,hamilton_23,1.0,pre
1333,0,0.0,0.16833793644960607,hamilton_23,1.0,pre
1336,0,0.0,-0.052621895489506076,hamilton_23,1.0,pre
1338,0,0.0,-0.007825159508494718,hamilton_23,1.0,pre
1341,0,0.0,-0.0085466544740783,hamilton_23,1.0,pre
1342,0,0.0,0.15481888013742773,hamilton_23,1.0,pre
1344,0,0.0,0.06746289269642503,hamilton_23,1.0,pre
1349,0,0.0,0.0737315461913075,hamilton_23,1.0,pre
1355,0,0.0,-0.19004686872782675,hamilton_07,1.0,pre
1356,0,0.0,-0.11327298590065736,hamilton_07,1.0,pre
1361,0,0.0,0.07617087867251755,hamilton_07,1.0,pre
1363,0,0.0,0.00879282379206594,hamilton_07,1.0,pre
1367,0,0.0,0.043330510358495784,hamilton_07,1.0,pre
1370,0,0.0,0.045958704848753244,hamilton_07,1.0,pre
1378,0,0.0,-0.08429524514208565,hamilton_07,1.0,pre
1379,0,0.0,0.08136805327915805,hamilton_07,1.0,pre
1380,0,0.0,0.09758582494482504,hamilton_07,1.0,pre
1384,0,0.0,-0.11724062777807392,hamilton_07,1.0,pre
1387,0,0.0,0.16330341843011867,hamilton_07,1.0,pre
1391,0,0.0,-0.07234125174024643,hamilton_07,1.0,pre
1394,0,0.0,-0.0007038663256900642,hamilton_07,1.0,pre
1397,0,0.0,-0.1411392586012159,hamilton_07,1.0,pre
1398,0,0.0,0.08625270920970987,hamilton_07,1.0,pre
1402,0,0.0,0.03153807682588397,hamilton_07,1.0,pre
1406,0,0.0,0.169898403537568,hamilton_07,1.0,pre
1410,0,0.0,0.1398759259402209,hamilton_07,1.0,pre
1416,0,0.0,0.025143500065348087,hamilton_08,1.0,pre
1419,0,0.0,0.23949323710049905,hamilton_08,1.0,pre
1422,0,0.0,0.26334042292683335,hamilton_08,1.0,pre
1424,0,0.0,0.018225639809700718,hamilton_08,1.0,pre
1429,0,0.0,0.032966184166374445,hamilton_08,1.0,pre
1430,0,0.0,0.15659110965118428,hamilton_08,1.0,pre
1435,0,0.0,0.22417083980798974,hamilton_08,1.0,pre
1437,0,0.0,-0.1557207980675614,hamilton_08,1.0,pre
1441,0,0.0,0.06830800027960629,hamilton_08,1.0,pre
1442,0,0.0,-0.052852974185076534,hamilton_08,1.0,pre
1443,0,0.0,0.10036767122996612,hamilton_08,1.0,pre
1447,0,0.0,0.10941519350929242,hamilton_08,1.0,pre
1449,0,0.0,-0.08169123556288692,hamilton_08,1.0,pre
1458,0,0.0,0.21285782294741962,hamilton_08,1.0,pre
1459,0,0.0,0.33268260607576144,hamilton_08,1.0,pre
1460,0,0.0,0.2932161722569748,hamilton_08,1.0,pre
1461,0,0.0,0.25498640211182916,hamilton_08,1.0,pre
1465,0,0.0,-0.03964250152527176,hamilton_08,1.0,pre
1467,0,0.0,-0.0755606197629543,hamilton_08,1.0,pre
1468,0,0.0,0.08336558781647377,hamilton_08,1.0,pre
1469,0,0.0,0.22802133277384512,hamilton_08,1.0,pre
1470,0,0.0,0.2714218979634855,hamilton_08,1.0,pre
1471,0,0.0,0.0008171081197996933,hamilton_08,1.0,pre
1474,0,0.0,0.34636462275032087,hamilton_08,1.0,pre
1475,0,0.0,0.2645411462243755,hamilton_08,1.0,pre
1476,0,0.0,-0.15550459168212263,hamilton_08,1.0,pre
1477,0,0.0,0.25624777811475713,hamilton_08,1.0,pre
1481,0,0.0,-0.033884481221970346,hamilton_08,1.0,pre
1482,0,0.0,0.24145026514173928,hamilton_08,1.0,pre
1483,0,0.0,0.3269434580965272,hamilton_08,1.0,pre
1484,0,0.0,0.19654345578878474,hamilton_08,1.0,pre
1485,0,0.0,0.2545962982231591,hamilton_08,1.0,pre
1497,0,0.0,-0.037476489323672736,hamilton_19,1.0,pre
1499,0,0.0,0.038854853613180446,hamilton_19,1.0,pre
1502,0,0.0,-0.26595423990365824,hamilton_19,1.0,pre
1504,0,0.0,-0.14910716567583637,hamilton_19,1.0,pre
1509,0,0.0,-0.018290174586933813,hamilton_19,1.0,pre
1510,0,0.0,-0.05988098255754334,hamilton_19,1.0,pre
1512,0,0.0,0.15459169383337018,hamilton_19,1.0,pre
1521,0,0.0,0.22413441968173436,hamilton_19,1.0,pre
1522,0,0.0,0.2389051488612446,hamilton_19,1.0,pre
1524,0,0.0,0.11390148705752168,hamilton_19,1.0,pre
1527,0,0.0,0.1469409442706371,hamilton_19,1.0,pre
1531,0,0.0,-0.04087931574407897,hamilton_19,1.0,pre
1533,0,0.0,0.3322880689251165,hamilton_19,1.0,pre
1537,0,0.0,0.31943193657155555,hamilton_19,1.0,pre
1538,0,0.0,0.2558633452305981,hamilton_19,1.0,pre
1540,0,0.0,-0.023453904249410608,hamilton_19,1.0,pre
1553,0,0.0,0.06023983033557278,hamilton_19,1.0,pre
1554,0,0.0,0.034776531345468244,hamilton_20,1.0,pre
1556,0,0.0,-0.00643032927528855,hamilton_20,1.0,pre
1558,0,0.0,0.14450583781040438,hamilton_20,1.0,pre
1559,0,0.0,0.025981013976145686,hamilton_20,1.0,pre
1560,0,0.0,-0.02888096822267975,hamilton_20,1.0,pre
1562,0,0.0,0.13144851549584993,hamilton_20,1.0,pre
1563,0,0.0,0.005176976971876838,hamilton_20,1.0,pre
1564,0,0.0,0.026366496317951196,hamilton_20,1.0,pre
1565,0,0.0,0.010007321779263601,hamilton_20,1.0,pre
1567,0,0.0,0.03650136489720465,hamilton_20,1.0,pre
1568,0,0.0,0.08812793730692585,hamilton_20,1.0,pre
1569,0,0.0,-0.010161662055933844,hamilton_20,1.0,pre
1578,0,0.0,-0.0035896355713340663,hamilton_20,1.0,pre
1579,0,0.0,0.06436558670312945,hamilton_20,1.0,pre
1580,0,0.0,0.08410599736257718,hamilton_20,1.0,pre
1581,0,0.0,0.07823803452679823,hamilton_20,1.0,pre
1582,0,0.0,-0.00366849529736788,hamilton_20,1.0,pre
1585,0,0.0,-0.044107861136116824,hamilton_20,1.0,pre
1588,0,0.0,0.0012714157686074038,hamilton_20,1.0,pre
1589,0,0.0,0.03711979329062772,hamilton_20,1.0,pre
1594,0,0.0,0.1111497506152943,hamilton_20,1.0,pre
1595,0,0.0,0.09900774206543184,hamilton_20,1.0,pre
1596,0,0.0,0.03154682766720106,hamilton_20,1.0,pre
1597,0,0.0,0.02113810829109142,hamilton_20,1.0,pre
1598,0,0.0,0.011889060149527668,hamilton_20,1.0,pre
1602,0,0.0,0.05185735378933638,hamilton_20,1.0,pre
1603,0,0.0,0.0008696456019009137,hamilton_20,1.0,pre
1605,0,0.0,0.091789230297023,hamilton_20,1.0,pre
1606,0,0.0,0.08730704954635113,hamilton_20,1.0,pre
1608,0,0.0,-0.03581501863303936,hamilton_20,1.0,pre
1609,0,0.0,0.03292532567724,hamilton_20,1.0,pre
1070,0,0.0,-0.0028792780562581317,hamilton_01,0.05,base_shock
1071,0,0.0,-0.016972758143572214,hamilton_01,0.05,base_shock
1075,0,0.0,0.0001977082934776434,hamilton_01,0.05,base_shock
1076,0,0.0,0.0015383586417948081,hamilton_01,0.05,base_shock
1077,0,0.0,-0.02250228769127917,hamilton_01,0.05,base_shock
1085,0,0.0,-0.005910667191613369,hamilton_01,0.05,base_shock
1087,0,0.0,-0.005584868079278444,hamilton_01,0.05,base_shock
1093,0,0.0,-0.011305173848538625,hamilton_02,0.05,base_shock
1095,0,0.0,-0.025125223494739814,hamilton_02,0.05,base_shock
1100,0,0.0,-0.01974892344732732,hamilton_02,0.05,base_shock
1103,0,0.0,0.030385371935868453,hamilton_02,0.05,base_shock
1104,0,0.0,-0.003968234444766822,hamilton_02,0.05,base_shock
1105,0,0.0,-0.01110008548548113,hamilton_02,0.05,base_shock
1108,0,0.0,0.013878246810677643,hamilton_02,0.05,base_shock
1109,0,0.0,0.07729618338587896,hamilton_02,0.05,base_shock
1111,0,0.0,0.04575677117169544,hamilton_02,0.05,base_shock
1143,0,0.0,0.035891044856673694,hamilton_13,0.05,base_shock
1144,0,0.0,0.11448171535175893,hamilton_13,0.05,base_shock
1145,0,0.0,0.06065967902174258,hamilton_13,0.05,base_shock
1149,0,0.0,0.12854648866488605,hamilton_13,0.05,base_shock
1152,0,0.0,0.06058808024153394,hamilton_13,0.05,base_shock
1153,0,0.0,-0.002344855647753286,hamilton_13,0.05,base_shock
1154,0,0.0,0.038708054717598854,hamilton_13,0.05,base_shock
1158,0,0.0,-0.00900657233893872,hamilton_13,0.05,base_shock
1165,0,0.0,0.002920154906724361,hamilton_14,0.05,base_shock
1167,0,0.0,5.5003265958259446e-05,hamilton_14,0.05,base_shock
1171,0,0.0,-0.002219322335071718,hamilton_14,0.05,base_shock
1173,0,0.0,-0.026175472178642294,hamilton_14,0.05,base_shock
1247,0,0.0,0.07276349643547675,hamilton_23,0.05,base_shock
1249,0,0.0,0.004363717940704732,hamilton_23,0.05,base_shock
1250,0,0.0,0.03439276854708501,hamilton_23,0.05,base_shock
1251,0,0.0,0.017847928356626595,hamilton_23,0.05,base_shock
1258,0,0.0,0.0032463390546834878,hamilton_23,0.05,base_shock
1264,0,0.0,0.13019137960758945,hamilton_23,0.05,base_shock
1266,0,0.0,0.07653683472262256,hamilton_23,0.05,base_shock
1270,0,0.0,0.04064366377138272,hamilton_23,0.05,base_shock
1272,0,0.0,0.03691851019790752,hamilton_23,0.05,base_shock
1274,0,0.0,0.03088756460264357,hamilton_23,0.05,base_shock
1276,0,0.0,0.05219248938430757,hamilton_23,0.05,base_shock
1283,0,0.0,0.06406068727382301,hamilton_23,0.05,base_shock
1285,0,0.0,-0.002309379563074311,hamilton_23,0.05,base_shock
1288,0,0.0,0.04523406706981983,hamilton_23,0.05,base_shock
1293,0,0.0,0.03755194325728956,hamilton_23,0.05,base_shock
1294,0,0.0,0.04393205463123043,hamilton_23,0.05,base_shock
1299,0,0.0,0.06517296429911662,hamilton_23,0.05,base_shock
1301,0,0.0,0.03775374436657992,hamilton_23,0.05,base_shock
1304,0,0.0,0.0296882469761904,hamilton_23,0.05,base_shock
1306,0,0.0,0.02566357641104258,hamilton_23,0.05,base_shock
1310,0,0.0,0.02273743480133028,hamilton_23,0.05,base_shock
1311,0,0.0,0.02003550164233822,hamilton_23,0.05,base_shock
1315,0,0.0,0.009854908663331743,hamilton_23,0.05,base_shock
1321,0,0.0,0.01579458446446407,hamilton_23,0.05,base_shock
1322,0,0.0,0.03926584019983021,hamilton_23,0.05,base_shock
1327,0,0.0,0.01048869281215244,hamilton_23,0.05,base_shock
1332,0,0.0,0.004163257899138327,hamilton_23,0.05,base_shock
1333,0,0.0,0.05455766093871025,hamilton_23,0.05,base_shock
1335,0,0.0,0.01464395115789028,hamilton_23,0.05,base_shock
1336,0,0.0,0.06057698166623005,hamilton_23,0.05,base_shock
1338,0,0.0,0.04830365280555915,hamilton_23,0.05,base_shock
1339,0,0.0,0.012030461142574608,hamilton_23,0.05,base_shock
1340,0,0.0,0.012382313221856196,hamilton_23,0.05,base_shock
1341,0,0.0,0.03671478944874605,hamilton_23,0.05,base_shock
1342,0,0.0,0.06607831833698122,hamilton_23,0.05,base_shock
1343,0,0.0,0.036692190447872114,hamilton_23,0.05,base_shock
1345,0,0.0,0.07577372545284691,hamilton_23,0.05,base_shock
1348,0,0.0,0.02085089755211996,hamilton_23,0.05,base_shock
1349,0,0.0,0.03579468874414066,hamilton_23,0.05,base_shock
1353,0,0.0,0.009496972624903129,hamilton_07,0.05,base_shock
1364,0,0.0,0.0788741625656159,hamilton_07,0.05,base_shock
1365,0,0.0,0.011007629754497887,hamilton_07,0.05,base_shock
1366,0,0.0,0.027562769722511628,hamilton_07,0.05,base_shock
1368,0,0.0,0.023215628594331933,hamilton_07,0.05,base_shock
1370,0,0.0,0.017441675421141677,hamilton_07,0.05,base_shock
1371,0,0.0,0.04521215196261196,hamilton_07,0.05,base_shock
1373,0,0.0,0.025560228296446993,hamilton_07,0.05,base_shock
1375,0,0.0,0.011347851222169088,hamilton_07,0.05,base_shock
1384,0,0.0,-0.0065577782642657545,hamilton_07,0.05,base_shock
1385,0,0.0,0.03744944456546698,hamilton_07,0.05,base_shock
1387,0,0.0,0.024473387266721772,hamilton_07,0.05,base_shock
1390,0,0.0,0.07558021544615605,hamilton_07,0.05,base_shock
1392,0,0.0,0.014664663102431133,hamilton_07,0.05,base_shock
1393,0,0.0,0.03759511580634831,hamilton_07,0.05,base_shock
1394,0,0.0,0.0021338958254039976,hamilton_07,0.05,base_shock
1395,0,0.0,0.009917977400654155,hamilton_07,0.05,base_shock
1396,0,0.0,-0.017362299922888205,hamilton_07,0.05,base_shock
1397,0,0.0,0.0028665346151853523,hamilton_07,0.05,base_shock
1398,0,0.0,0.023478120612401825,hamilton_07,0.05,base_shock
1401,0,0.0,-0.022928293827286856,hamilton_07,0.05,base_shock
1402,0,0.0,0.044938292967696386,hamilton_07,0.05,base_shock
1403,0,0.0,0.021414632795801584,hamilton_07,0.05,base_shock
1404,0,0.0,0.019981112838913767,hamilton_07,0.05,base_shock
1410,0,0.0,-0.009610628357047952,hamilton_07,0.05,base_shock
1411,0,0.0,0.018681908865519594,hamilton_07,0.05,base_shock
1412,0,0.0,0.02614378360458691,hamilton_07,0.05,base_shock
1416,0,0.0,0.04260155214878767,hamilton_08,0.05,base_shock
1417,0,0.0,0.07077169108610713,hamilton_08,0.05,base_shock
1419,0,0.0,0.048583254433540446,hamilton_08,0.05,base_shock
1421,0,0.0,-0.004066850697243296,hamilton_08,0.05,base_shock
1426,0,0.0,0.01280987723194623,hamilton_08,0.05,base_shock
1429,0,0.0,0.010632053275151706,hamilton_08,0.05,base_shock
1434,0,0.0,0.03846374878353143,hamilton_08,0.05,base_shock
1437,0,0.0,0.0037713996492094197,hamilton_08,0.05,base_shock
1440,0,0.0,0.015889101021949292,hamilton_08,0.05,base_shock
1445,0,0.0,0.02462921819166939,hamilton_08,0.05,base_shock
1448,0,0.0,0.06132194761422242,hamilton_08,0.05,base_shock
1449,0,0.0,0.009022623413237497,hamilton_08,0.05,base_shock
1458,0,0.0,0.024762118495890228,hamilton_08,0.05,base_shock
1461,0,0.0,0.029105755716277968,hamilton_08,0.05,base_shock
1463,0,0.0,0.052924668739419846,hamilton_08,0.05,base_shock
1465,0,0.0,0.024541899563259317,hamilton_08,0.05,base_shock
1467,0,0.0,0.008487337543368632,hamilton_08,0.05,base_shock
1469,0,0.0,-0.011001500347829858,hamilton_08,0.05,base_shock
1471,0,0.0,0.007227833857433377,hamilton_08,0.05,base_shock
1472,0,0.0,0.03889446049366441,hamilton_08,0.05,base_shock
1475,0,0.0,0.09151526599846779,hamilton_08,0.05,base_shock
1476,0,0.0,0.013972612346225828,hamilton_08,0.05,base_shock
1477,0,0.0,0.02282843594822502,hamilton_08,0.05,base_shock
1478,0,0.0,0.015032281516553751,hamilton_08,0.05,base_shock
1481,0,0.0,0.04747817991161739,hamilton_08,0.05,base_shock
1482,0,0.0,0.040147684413597486,hamilton_08,0.05,base_shock
1483,0,0.0,0.061909998500333706,hamilton_08,0.05,base_shock
1484,0,0.0,0.08809770417566234,hamilton_08,0.05,base_shock
1487,0,0.0,0.027045928859394205,hamilton_08,0.05,base_shock
1488,0,0.0,0.02535130718893827,hamilton_08,0.05,base_shock
1489,0,0.0,0.0864995163879523,hamilton_08,0.05,base_shock
1490,0,0.0,0.04153566554058508,hamilton_08,0.05,base_shock
1491,0,0.0,0.04623000242744233,hamilton_08,0.05,base_shock
1493,0,0.0,0.03672198273064565,hamilton_19,0.05,base_shock
1494,0,0.0,0.02296101489013676,hamilton_19,0.05,base_shock
1496,0,0.0,0.01016277148110225,hamilton_19,0.05,base_shock
1499,0,0.0,-0.019338397878350864,hamilton_19,0.05,base_shock
1500,0,0.0,0.05269377514542837,hamilton_19,0.05,base_shock
1505,0,0.0,-0.004300124918781137,hamilton_19,0.05,base_shock
1507,0,0.0,0.016741143045871338,hamilton_19,0.05,base_shock
1511,0,0.0,0.014948793635474493,hamilton_19,0.05,base_shock
1517,0,0.0,0.0893899596525714,hamilton_19,0.05,base_shock
1519,0,0.0,0.07380145113118111,hamilton_19,0.05,base_shock
1522,0,0.0,0.09196951668669971,hamilton_19,0.05,base_shock
1528,0,0.0,0.019894222054645392,hamilton_19,0.05,base_shock
1532,0,0.0,-0.016446185064298968,hamilton_19,0.05,base_shock
1533,0,0.0,0.07181190638683857,hamilton_19,0.05,base_shock
1534,0,0.0,0.07421898890933155,hamilton_19,0.05,base_shock
1536,0,0.0,0.00715195869228788,hamilton_19,0.05,base_shock
1537,0,0.0,0.08883724551433873,hamilton_19,0.05,base_shock
1538,0,0.0,0.09544276103497862,hamilton_19,0.05,base_shock
1543,0,0.0,0.05581195769887496,hamilton_19,0.05,base_shock
1544,0,0.0,0.02253170160149995,hamilton_19,0.05,base_shock
1545,0,0.0,0.010186743753896282,hamilton_19,0.05,base_shock
1547,0,0.0,0.00015668728836833325,hamilton_19,0.05,base_shock
1552,0,0.0,0.03788530848029789,hamilton_19,0.05,base_shock
1554,0,0.0,0.033155423897787716,hamilton_20,0.05,base_shock
1560,0,0.0,0.014725758209450334,hamilton_20,0.05,base_shock
1568,0,0.0,0.01797290306370631,hamilton_20,0.05,base_shock
1578,0,0.0,0.03926921612403949,hamilton_20,0.05,base_shock
1579,0,0.0,0.02510840230928752,hamilton_20,0.05,base_shock
1581,0,0.0,-0.047010385602332734,hamilton_20,0.05,base_shock
1584,0,0.0,0.010785899857873281,hamilton_20,0.05,base_shock
1585,0,0.0,-0.006049994628942473,hamilton_20,0.05,base_shock
1586,0,0.0,0.017151457311195772,hamilton_20,0.05,base_shock
1587,0,0.0,-0.018721431817719156,hamilton_20,0.05,base_shock
1589,0,0.0,0.03393319474450474,hamilton_20,0.05,base_shock
1590,0,0.0,0.034583111751796056,hamilton_20,0.05,base_shock
1592,0,0.0,0.04887953838967988,hamilton_20,0.05,base_shock
1594,0,0.0,0.03483899585319863,hamilton_20,0.05,base_shock
1596,0,0.0,0.022708756552350173,hamilton_20,0.05,base_shock
1600,0,0.0,0.007759120831283296,hamilton_20,0.05,base_shock
1601,0,0.0,-0.003920687073341625,hamilton_20,0.05,base_shock
1605,0,0.0,0.05415371922709416,hamilton_20,0.05,base_shock
1608,0,0.0,0.012561434252974605,hamilton_20,0.05,base_shock
1610,0,0.0,-0.0031541517101730506,hamilton_20,0.05,base_shock
1611,0,0.0,0.01044001888359038,hamilton_20,0.05,base_shock
1069,0,0.0,-0.005800926529948012,hamilton_01,0.1,base_shock
1070,0,0.0,0.013471931161272415,hamilton_01,0.1,base_shock
1071,0,0.0,-0.0001859207028437184,hamilton_01,0.1,base_shock
1072,0,0.0,-0.011254413653517455,hamilton_01,0.1,base_shock
1074,0,0.0,-0.006298235020191955,hamilton_01,0.1,base_shock
1077,0,0.0,-0.001004339825232611,hamilton_01,0.1,base_shock
1078,0,0.0,0.017007117936879226,hamilton_01,0.1,base_shock
1080,0,0.0,0.017587487822080982,hamilton_01,0.1,base_shock
1084,0,0.0,-0.019196192768863772,hamilton_01,0.1,base_shock
1087,0,0.0,0.02169012343365534,hamilton_01,0.1,base_shock
1088,0,0.0,-0.003072402440021919,hamilton_02,0.1,base_shock
1093,0,0.0,0.016409599076584243,hamilton_02,0.1,base_shock
1095,0,0.0,0.01686064260680428,hamilton_02,0.1,base_shock
1098,0,0.0,0.004410101585340205,hamilton_02,0.1,base_shock
1100,0,0.0,0.005160930966193636,hamilton_02,0.1,base_shock
1103,0,0.0,0.037236969288243,hamilton_02,0.1,base_shock
1105,0,0.0,-0.004239043660836466,hamilton_02,0.1,base_shock
1110,0,0.0,0.05765524008834413,hamilton_02,0.1,base_shock
1143,0,0.0,0.04473592997638482,hamilton_13,0.1,base_shock
1144,0,0.0,0.03206159226295616,hamilton_13,0.1,base_shock
1145,0,0.0,0.06323086675230156,hamilton_13,0.1,base_shock
1146,0,0.0,0.03376382123970584,hamilton_13,0.1,base_shock
1148,0,0.0,0.005106433936686428,hamilton_13,0.1,base_shock
1151,0,0.0,-0.0048995352577581724,hamilton_13,0.1,base_shock
1152,0,0.0,0.08317323175320582,hamilton_13,0.1,base_shock
1154,0,0.0,0.019624278380507263,hamilton_13,0.1,base_shock
1156,0,0.0,0.034881757185401555,hamilton_13,0.1,base_shock
1162,0,0.0,0.023208282919996596,hamilton_13,0.1,base_shock
1164,0,0.0,0.048369730331576974,hamilton_13,0.1,base_shock
1165,0,0.0,0.024805711467338783,hamilton_14,0.1,base_shock
1166,0,0.0,-0.07748195760288862,hamilton_14,0.1,base_shock
1167,0,0.0,0.0105802071982741,hamilton_14,0.1,base_shock
1168,0,0.0,-0.025081083180624464,hamilton_14,0.1,base_shock
1170,0,0.0,0.023547134982933315,hamilton_14,0.1,base_shock
1171,0,0.0,0.020056501435001366,hamilton_14,0.1,base_shock
1247,0,0.0,0.11067897931212431,hamilton_23,0.1,base_shock
1250,0,0.0,0.057408206795065884,hamilton_23,0.1,base_shock
1254,0,0.0,-0.0005641318593134742,hamilton_23,0.1,base_shock
1255,0,0.0,0.08780078184712592,hamilton_23,0.1,base_shock
1258,0,0.0,0.006166895714998242,hamilton_23,0.1,base_shock
1261,0,0.0,-0.024252080227603178,hamilton_23,0.1,base_shock
1264,0,0.0,0.19822490276582425,hamilton_23,0.1,base_shock
1266,0,0.0,0.13485002864965442,hamilton_23,0.1,base_shock
1270,0,0.0,0.06535719262532864,hamilton_23,0.1,base_shock
1271,0,0.0,0.032411854237848585,hamilton_23,0.1,base_shock
1273,0,0.0,-0.016770863466618303,hamilton_23,0.1,base_shock
1274,0,0.0,0.051428478778974315,hamilton_23,0.1,base_shock
1277,0,0.0,0.0035562739095599235,hamilton_23,0.1,base_shock
1281,0,0.0,0.0016120398411759373,hamilton_23,0.1,base_shock
1282,0,0.0,0.021174186872512706,hamilton_23,0.1,base_shock
1284,0,0.0,0.03482265987864774,hamilton_23,0.1,base_shock
1285,0,0.0,0.01578489409848091,hamilton_23,0.1,base_shock
1286,0,0.0,0.012761754579466414,hamilton_23,0.1,base_shock
1301,0,0.0,0.07599156114258848,hamilton_23,0.1,base_shock
1303,0,0.0,0.05901050685512508,hamilton_23,0.1,base_shock
1304,0,0.0,0.04450001010642583,hamilton_23,0.1,base_shock
1310,0,0.0,0.02624366459376869,hamilton_23,0.1,base_shock
1314,0,0.0,0.07140501551539123,hamilton_23,0.1,base_shock
1315,0,0.0,0.024943148306219257,hamilton_23,0.1,base_shock
1316,0,0.0,0.00980328831642383,hamilton_23,0.1,base_shock
1318,0,0.0,0.09843413373382001,hamilton_23,0.1,base_shock
1319,0,0.0,0.16774782440874916,hamilton_23,0.1,base_shock
1322,0,0.0,0.0447413881521048,hamilton_23,0.1,base_shock
1323,0,0.0,0.03296480845370909,hamilton_23,0.1,base_shock
1325,0,0.0,0.12494439902406068,hamilton_23,0.1,base_shock
1326,0,0.0,-0.0037627137131902937,hamilton_23,0.1,base_shock
1328,0,0.0,0.07199101718973853,hamilton_23,0.1,base_shock
1333,0,0.0,0.08576685013684003,hamilton_23,0.1,base_shock
1334,0,0.0,0.09571373581457888,hamilton_23,0.1,base_shock
1335,0,0.0,0.01304916136310104,hamilton_23,0.1,base_shock
1336,0,0.0,0.09617984989765069,hamilton_23,0.1,base_shock
1338,0,0.0,0.06798835875851512,hamilton_23,0.1,base_shock
1340,0,0.0,0.010637144725646778,hamilton_23,0.1,base_shock
1341,0,0.0,0.12307754385071296,hamilton_23,0.1,base_shock
1342,0,0.0,0.11520697073641788,hamilton_23,0.1,base_shock
1345,0,0.0,0.1192523366766302,hamilton_23,0.1,base_shock
1346,0,0.0,0.05884212632378469,hamilton_23,0.1,base_shock
1348,0,0.0,0.03517098157497082,hamilton_23,0.1,base_shock
1353,0,0.0,0.03756597288866344,hamilton_07,0.1,base_shock
1354,0,0.0,0.037545129965823945,hamilton_07,0.1,base_shock
1355,0,0.0,0.05063402413830193,hamilton_07,0.1,base_shock
1356,0,0.0,0.01854113916314467,hamilton_07,0.1,base_shock
1360,0,0.0,0.021006355636477476,hamilton_07,0.1,base_shock
1362,0,0.0,0.08083313311787757,hamilton_07,0.1,base_shock
1364,0,0.0,0.11375388547073564,hamilton_07,0.1,base_shock
1366,0,0.0,0.05795956987268267,hamilton_07,0.1,base_shock
1367,0,0.0,0.029915450100399837,hamilton_07,0.1,base_shock
1368,0,0.0,0.03478386447754801,hamilton_07,0.1,base_shock
1369,0,0.0,0.058650744331356364,hamilton_07,0.1,base_shock
1371,0,0.0,0.07399398360241004,hamilton_07,0.1,base_shock
1372,0,0.0,0.03052298840326256,hamilton_07,0.1,base_shock
1375,0,0.0,0.03437900710421945,hamilton_07,0.1,base_shock
1378,0,0.0,0.001755296243257892,hamilton_07,0.1,base_shock
1384,0,0.0,0.0011486611489734935,hamilton_07,0.1,base_shock
1385,0,0.0,0.07713156710644001,hamilton_07,0.1,base_shock
1391,0,0.0,0.006818800924345715,hamilton_07,0.1,base_shock
1394,0,0.0,0.022429587869942536,hamilton_07,0.1,base_shock
1395,0,0.0,0.010442157261876094,hamilton_07,0.1,base_shock
1399,0,0.0,0.055497239889399703,hamilton_07,0.1,base_shock
1402,0,0.0,0.06635756752964207,hamilton_07,0.1,base_shock
1407,0,0.0,0.053564608823424814,hamilton_07,0.1,base_shock
1409,0,0.0,0.05201423478121357,hamilton_07,0.1,base_shock
1410,0,0.0,-0.021744407206695307,hamilton_07,0.1,base_shock
1412,0,0.0,0.04929898087086871,hamilton_07,0.1,base_shock
1414,0,0.0,0.03461821901654996,hamilton_08,0.1,base_shock
1416,0,0.0,0.0715880069157017,hamilton_08,0.1,base_shock
1419,0,0.0,0.0799578402502378,hamilton_08,0.1,base_shock
1421,0,0.0,0.00036693261150066287,hamilton_08,0.1,base_shock
1422,0,0.0,0.11383664110689332,hamilton_08,0.1,base_shock
1426,0,0.0,0.039961691028987834,hamilton_08,0.1,base_shock
1429,0,0.0,0.021433660181113506,hamilton_08,0.1,base_shock
1430,0,0.0,0.04284839403575522,hamilton_08,0.1,base_shock
1435,0,0.0,0.08150468531877697,hamilton_08,0.1,base_shock
1437,0,0.0,0.004134446424451609,hamilton_08,0.1,base_shock
1439,0,0.0,0.04000742591543814,hamilton_08,0.1,base_shock
1440,0,0.0,0.020756337664122985,hamilton_08,0.1,base_shock
1442,0,0.0,0.05388350972789928,hamilton_08,0.1,base_shock
1443,0,0.0,0.10543694685068496,hamilton_08,0.1,base_shock
1445,0,0.0,0.10176491232678568,hamilton_08,0.1,base_shock
1446,0,0.0,0.033890000261400335,hamilton_08,0.1,base_shock
1448,0,0.0,0.09784082549539876,hamilton_08,0.1,base_shock
1452,0,0.0,0.039786306305836676,hamilton_08,0.1,base_shock
1455,0,0.0,0.06249199305425539,hamilton_08,0.1,base_shock
1458,0,0.0,0.03899655322247606,hamilton_08,0.1,base_shock
1463,0,0.0,0.08564604040941094,hamilton_08,0.1,base_shock
1468,0,0.0,0.0020484970021684553,hamilton_08,0.1,base_shock
1471,0,0.0,0.006799785313037984,hamilton_08,0.1,base_shock
1472,0,0.0,0.07241220397425488,hamilton_08,0.1,base_shock
1474,0,0.0,0.09743968276448595,hamilton_08,0.1,base_shock
1477,0,0.0,0.04010319115206393,hamilton_08,0.1,base_shock
1478,0,0.0,0.033563445455206065,hamilton_08,0.1,base_shock
1479,0,0.0,0.11141935689738611,hamilton_08,0.1,base_shock
1481,0,0.0,0.06157573935116025,hamilton_08,0.1,base_shock
1482,0,0.0,0.07107315886708114,hamilton_08,0.1,base_shock
1486,0,0.0,0.06303151564620794,hamilton_08,0.1,base_shock
1487,0,0.0,0.04993824988699205,hamilton_08,0.1,base_shock
1490,0,0.0,0.07125800373581345,hamilton_08,0.1,base_shock
1491,0,0.0,0.05171804307446018,hamilton_08,0.1,base_shock
1492,0,0.0,0.014714081473634236,hamilton_08,0.1,base_shock
1494,0,0.0,0.04532629867053652,hamilton_19,0.1,base_shock
1496,0,0.0,0.05060255035442143,hamilton_19,0.1,base_shock
1499,0,0.0,0.0038347228466074,hamilton_19,0.1,base_shock
1500,0,0.0,0.09304992186166011,hamilton_19,0.1,base_shock
1502,0,0.0,0.040741197712759435,hamilton_19,0.1,base_shock
1503,0,0.0,0.013066441193225772,hamilton_19,0.1,base_shock
1504,0,0.0,-0.013314430224302499,hamilton_19,0.1,base_shock
1505,0,0.0,0.031969610562705184,hamilton_19,0.1,base_shock
1507,0,0.0,0.056071767713531104,hamilton_19,0.1,base_shock
1509,0,0.0,0.03616822893655361,hamilton_19,0.1,base_shock
1511,0,0.0,0.01353104203759027,hamilton_19,0.1,base_shock
1512,0,0.0,0.01964040265158553,hamilton_19,0.1,base_shock
1513,0,0.0,0.017661977180089435,hamilton_19,0.1,base_shock
1514,0,0.0,0.03995801450087609,hamilton_19,0.1,base_shock
1515,0,0.0,0.01501577283909841,hamilton_19,0.1,base_shock
1519,0,0.0,0.025330813146983655,hamilton_19,0.1,base_shock
1522,0,0.0,0.07579894501474871,hamilton_19,0.1,base_shock
1524,0,0.0,-0.021284155699203364,hamilton_19,0.1,base_shock
1532,0,0.0,-0.00018085666462833763,hamilton_19,0.1,base_shock
1533,0,0.0,0.0557886081053738,hamilton_19,0.1,base_shock
1536,0,0.0,0.03513427782047889,hamilton_19,0.1,base_shock
1538,0,0.0,0.0626423525070306,hamilton_19,0.1,base_shock
1543,0,0.0,0.04769011674034901,hamilton_19,0.1,base_shock
1544,0,0.0,0.03686678687341471,hamilton_19,0.1,base_shock
1545,0,0.0,0.00879777663801495,hamilton_19,0.1,base_shock
1547,0,0.0,-0.012755548762313,hamilton_19,0.1,base_shock
1548,0,0.0,0.028834682863630202,hamilton_19,0.1,base_shock
1552,0,0.0,0.029842497347817368,hamilton_19,0.1,base_shock
1556,0,0.0,0.013818090828122685,hamilton_20,0.1,base_shock
1557,0,0.0,-0.02820426480831932,hamilton_20,0.1,base_shock
1558,0,0.0,0.06994059414112011,hamilton_20,0.1,base_shock
1560,0,0.0,0.029837630004452772,hamilton_20,0.1,base_shock
1562,0,0.0,0.03604853456212317,hamilton_20,0.1,base_shock
1565,0,0.0,0.028499832170777967,hamilton_20,0.1,base_shock
1567,0,0.0,0.026395169492307025,hamilton_20,0.1,base_shock
1569,0,0.0,0.1334820010784166,hamilton_20,0.1,base_shock
1572,0,0.0,0.17458540954648247,hamilton_20,0.1,base_shock
1573,0,0.0,0.12306473337893967,hamilton_20,0.1,base_shock
1575,0,0.0,0.08043699860077254,hamilton_20,0.1,base_shock
1576,0,0.0,0.029007842404863978,hamilton_20,0.1,base_shock
1578,0,0.0,0.09856430117086283,hamilton_20,0.1,base_shock
1581,0,0.0,-0.05721332167547583,hamilton_20,0.1,base_shock
1582,0,0.0,0.026362998109044196,hamilton_20,0.1,base_shock
1584,0,0.0,0.023775073117721722,hamilton_20,0.1,base_shock
1588,0,0.0,0.037171584788438135,hamilton_20,0.1,base_shock
1589,0,0.0,0.062140986381320484,hamilton_20,0.1,base_shock
1592,0,0.0,0.09075339997859809,hamilton_20,0.1,base_shock
1593,0,0.0,0.03722855756249693,hamilton_20,0.1,base_shock
1594,0,0.0,0.08492571234420143,hamilton_20,0.1,base_shock
1595,0,0.0,0.045585777877394824,hamilton_20,0.1,base_shock
1596,0,0.0,0.058138559055080564,hamilton_20,0.1,base_shock
1597,0,0.0,0.02660183452119841,hamilton_20,0.1,base_shock
1601,0,0.0,0.01945485477183056,hamilton_20,0.1,base_shock
1605,0,0.0,0.12117159916994356,hamilton_20,0.1,base_shock
1609,0,0.0,0.1027041541381512,hamilton_20,0.1,base_shock
1072,0,0.0,0.003346607665042129,hamilton_01,0.5,base_shock
1077,0,0.0,0.08987960134622451,hamilton_01,0.5,base_shock
1078,0,0.0,0.03889994824531132,hamilton_01,0.5,base_shock
1080,0,0.0,0.0581205910601133,hamilton_01,0.5,base_shock
1081,0,0.0,-0.004222188226395056,hamilton_01,0.5,base_shock
1085,0,0.0,0.0017334073933657531,hamilton_01,0.5,base_shock
1086,0,0.0,-0.00534771234623743,hamilton_01,0.5,base_shock
1087,0,0.0,-0.021123018559096502,hamilton_01,0.5,base_shock
1094,0,0.0,0.1473336887140604,hamilton_02,0.5,base_shock
1098,0,0.0,0.0535571381554046,hamilton_02,0.5,base_shock
1099,0,0.0,0.06035335690317274,hamilton_02,0.5,base_shock
1102,0,0.0,0.1374885347697604,hamilton_02,0.5,base_shock
1105,0,0.0,0.05265848567321782,hamilton_02,0.5,base_shock
1107,0,0.0,0.027924330676206754,hamilton_02,0.5,base_shock
1108,0,0.0,0.020368621688575575,hamilton_02,0.5,base_shock
1109,0,0.0,0.065425492807357,hamilton_02,0.5,base_shock
1111,0,0.0,0.0785843502000113,hamilton_02,0.5,base_shock
1147,0,0.0,0.1102947576987603,hamilton_13,0.5,base_shock
1148,0,0.0,-0.06218410196727557,hamilton_13,0.5,base_shock
1150,0,0.0,0.05978832650884261,hamilton_13,0.5,base_shock
1152,0,0.0,0.04697108681859413,hamilton_13,0.5,base_shock
1153,0,0.0,-0.03396535336194587,hamilton_13,0.5,base_shock
1157,0,0.0,-0.09227924871978964,hamilton_13,0.5,base_shock
1159,0,0.0,0.012941665636571363,hamilton_13,0.5,base_shock
1165,0,0.0,0.01944344402534191,hamilton_14,0.5,base_shock
1171,0,0.0,0.07334690941055953,hamilton_14,0.5,base_shock
1173,0,0.0,0.05000265932694755,hamilton_14,0.5,base_shock
1247,0,0.0,0.27829274670430176,hamilton_23,0.5,base_shock
1249,0,0.0,0.013380217038560042,hamilton_23,0.5,base_shock
1251,0,0.0,0.0338392092937705,hamilton_23,0.5,base_shock
1254,0,0.0,-0.009186512864321403,hamilton_23,0.5,base_shock
1255,0,0.0,0.21993639827220612,hamilton_23,0.5,base_shock
1258,0,0.0,0.017872635371312146,hamilton_23,0.5,base_shock
1265,0,0.0,0.2663301181224169,hamilton_23,0.5,base_shock
1267,0,0.0,0.09500156505432707,hamilton_23,0.5,base_shock
1269,0,0.0,0.08414283811406251,hamilton_23,0.5,base_shock
1271,0,0.0,0.0961386297764728,hamilton_23,0.5,base_shock
1272,0,0.0,0.15683005035568426,hamilton_23,0.5,base_shock
1273,0,0.0,-0.036490262982354936,hamilton_23,0.5,base_shock
1274,0,0.0,0.19681964737566734,hamilton_23,0.5,base_shock
1283,0,0.0,0.19058421337285222,hamilton_23,0.5,base_shock
1284,0,0.0,0.10035672790024723,hamilton_23,0.5,base_shock
1285,0,0.0,0.015911097539265787,hamilton_23,0.5,base_shock
1289,0,0.0,0.0696109519509594,hamilton_23,0.5,base_shock
1291,0,0.0,0.03951358979466112,hamilton_23,0.5,base_shock
1301,0,0.0,0.18842571762994942,hamilton_23,0.5,base_shock
1303,0,0.0,0.17786892579526303,hamilton_23,0.5,base_shock
1306,0,0.0,0.044663131823534305,hamilton_23,0.5,base_shock
1311,0,0.0,0.05956249203736339,hamilton_23,0.5,base_shock
1312,0,0.0,0.0266685737684411,hamilton_23,0.5,base_shock
1314,0,0.0,0.15079290132229153,hamilton_23,0.5,base_shock
1315,0,0.0,0.08794295917272094,hamilton_23,0.5,base_shock
1316,0,0.0,0.011792897312448267,hamilton_23,0.5,base_shock
1319,0,0.0,0.3453776977932538,hamilton_23,0.5,base_shock
1320,0,0.0,0.17311194638211683,hamilton_23,0.5,base_shock
1321,0,0.0,0.04933394649402297,hamilton_23,0.5,base_shock
1322,0,0.0,0.1244890571000022,hamilton_23,0.5,base_shock
1328,0,0.0,0.23013077937193305,hamilton_23,0.5,base_shock
1330,0,0.0,-0.026243717796247623,hamilton_23,0.5,base_shock
1334,0,0.0,0.22743919405031318,hamilton_23,0.5,base_shock
1337,0,0.0,0.055321380115909084,hamilton_23,0.5,base_shock
1343,0,0.0,0.09748899083370048,hamilton_23,0.5,base_shock
1345,0,0.0,0.2519046218355664,hamilton_23,0.5,base_shock
1347,0,0.0,0.2536745189971343,hamilton_23,0.5,base_shock
1349,0,0.0,0.19401207470589024,hamilton_23,0.5,base_shock
1352,0,0.0,0.041091472019659334,hamilton_07,0.5,base_shock
1353,0,0.0,0.04365876111941144,hamilton_07,0.5,base_shock
1354,0,0.0,0.0346397877326403,hamilton_07,0.5,base_shock
1355,0,0.0,0.03397957118435165,hamilton_07,0.5,base_shock
1356,0,0.0,0.06297406568349863,hamilton_07,0.5,base_shock
1357,0,0.0,0.04304473063207799,hamilton_07,0.5,base_shock
1360,0,0.0,0.040661720007752485,hamilton_07,0.5,base_shock
1363,0,0.0,0.1555815117233864,hamilton_07,0.5,base_shock
1365,0,0.0,-0.0014854859170025472,hamilton_07,0.5,base_shock
1367,0,0.0,0.016445663521419438,hamilton_07,0.5,base_shock
1369,0,0.0,0.08638156369360472,hamilton_07,0.5,base_shock
1372,0,0.0,0.03673779899376375,hamilton_07,0.5,base_shock
1373,0,0.0,0.08336520740695376,hamilton_07,0.5,base_shock
1385,0,0.0,0.18238274220416492,hamilton_07,0.5,base_shock
1389,0,0.0,0.08651817548929229,hamilton_07,0.5,base_shock
1392,0,0.0,0.022476584490727546,hamilton_07,0.5,base_shock
1393,0,0.0,0.2104336604192738,hamilton_07,0.5,base_shock
1394,0,0.0,0.051717540961372856,hamilton_07,0.5,base_shock
1395,0,0.0,0.02887770926340309,hamilton_07,0.5,base_shock
1397,0,0.0,0.046519183915876165,hamilton_07,0.5,base_shock
1402,0,0.0,0.06408848670248862,hamilton_07,0.5,base_shock
1403,0,0.0,0.0425951745145218,hamilton_07,0.5,base_shock
1405,0,0.0,0.16628888146384105,hamilton_07,0.5,base_shock
1410,0,0.0,-0.004259841687870646,hamilton_07,0.5,base_shock
1411,0,0.0,0.08822966232169534,hamilton_07,0.5,base_shock
1412,0,0.0,0.19028901382702743,hamilton_07,0.5,base_shock
1414,0,0.0,0.12132641800491552,hamilton_08,0.5,base_shock
1419,0,0.0,0.16890249937384433,hamilton_08,0.5,base_shock
1426,0,0.0,0.22482818170084454,hamilton_08,0.5,base_shock
1434,0,0.0,0.10229458594251577,hamilton_08,0.5,base_shock
1437,0,0.0,-0.02775425549798081,hamilton_08,0.5,base_shock
1442,0,0.0,-0.03482161422791298,hamilton_08,0.5,base_shock
1445,0,0.0,0.09473353050809044,hamilton_08,0.5,base_shock
1448,0,0.0,0.20541583100706995,hamilton_08,0.5,base_shock
1449,0,0.0,0.04032750423490215,hamilton_08,0.5,base_shock
1452,0,0.0,0.07602213360455841,hamilton_08,0.5,base_shock
1456,0,0.0,0.1193337299622839,hamilton_08,0.5,base_shock
1458,0,0.0,0.07694012060954175,hamilton_08,0.5,base_shock
1460,0,0.0,0.24267058138313896,hamilton_08,0.5,base_shock
1463,0,0.0,0.19732619035522114,hamilton_08,0.5,base_shock
1466,0,0.0,-0.026152900666059936,hamilton_08,0.5,base_shock
1469,0,0.0,-0.10739213021867147,hamilton_08,0.5,base_shock
1474,0,0.0,0.23544750721771343,hamilton_08,0.5,base_shock
1475,0,0.0,0.20946866687391932,hamilton_08,0.5,base_shock
1476,0,0.0,0.03476118711925453,hamilton_08,0.5,base_shock
1477,0,0.0,0.16376400793989568,hamilton_08,0.5,base_shock
1480,0,0.0,0.18481847836925006,hamilton_08,0.5,base_shock
1483,0,0.0,0.2253563015953587,hamilton_08,0.5,base_shock
1485,0,0.0,0.2104965207158498,hamilton_08,0.5,base_shock
1487,0,0.0,0.08267992416132114,hamilton_08,0.5,base_shock
1489,0,0.0,0.13881044096854586,hamilton_08,0.5,base_shock
1491,0,0.0,0.09957614894936259,hamilton_08,0.5,base_shock
1494,0,0.0,-0.034907515519289466,hamilton_19,0.5,base_shock
1497,0,0.0,-0.07130943527899301,hamilton_19,0.5,base_shock
1498,0,0.0,-0.015115521325428068,hamilton_19,0.5,base_shock
1499,0,0.0,-0.03708423884353993,hamilton_19,0.5,base_shock
1505,0,0.0,-0.0407324374508038,hamilton_19,0.5,base_shock
1507,0,0.0,0.07341408222910567,hamilton_19,0.5,base_shock
1509,0,0.0,-0.021216764322459197,hamilton_19,0.5,base_shock
1512,0,0.0,0.02459416009963023,hamilton_19,0.5,base_shock
1513,0,0.0,-0.06181120086740531,hamilton_19,0.5,base_shock
1514,0,0.0,0.04627852431303819,hamilton_19,0.5,base_shock
1515,0,0.0,-0.0035984538864981186,hamilton_19,0.5,base_shock
1516,0,0.0,0.33560485117691974,hamilton_19,0.5,base_shock
1517,0,0.0,0.24190973926483836,hamilton_19,0.5,base_shock
1521,0,0.0,0.20002227939240302,hamilton_19,0.5,base_shock
1522,0,0.0,0.2951666756654344,hamilton_19,0.5,base_shock
1526,0,0.0,-0.018325815660619138,hamilton_19,0.5,base_shock
1528,0,0.0,0.017667601667694852,hamilton_19,0.5,base_shock
1529,0,0.0,0.018450225815333447,hamilton_19,0.5,base_shock
1532,0,0.0,-0.011906087363787987,hamilton_19,0.5,base_shock
1533,0,0.0,0.1876797388807799,hamilton_19,0.5,base_shock
1534,0,0.0,0.09008348613787814,hamilton_19,0.5,base_shock
1535,0,0.0,0.2625468693759527,hamilton_19,0.5,base_shock
1536,0,0.0,0.041503616629439764,hamilton_19,0.5,base_shock
1543,0,0.0,0.1552716355974957,hamilton_19,0.5,base_shock
1549,0,0.0,-0.056763549967894206,hamilton_19,0.5,base_shock
1551,0,0.0,0.157342851627549,hamilton_19,0.5,base_shock
1557,0,0.0,-0.06694948991380012,hamilton_20,0.5,base_shock
1558,0,0.0,0.12317583566728635,hamilton_20,0.5,base_shock
1560,0,0.0,0.03866022125736991,hamilton_20,0.5,base_shock
1563,0,0.0,0.09174554865567525,hamilton_20,0.5,base_shock
1564,0,0.0,0.18948316122220346,hamilton_20,0.5,base_shock
1567,0,0.0,0.03839698921154907,hamilton_20,0.5,base_shock
1568,0,0.0,0.08213391488826849,hamilton_20,0.5,base_shock
1570,0,0.0,0.18686624006396968,hamilton_20,0.5,base_shock
1571,0,0.0,-0.00810119799863592,hamilton_20,0.5,base_shock
1573,0,0.0,0.22136052974438997,hamilton_20,0.5,base_shock
1577,0,0.0,0.11708605983822866,hamilton_20,0.5,base_shock
1578,0,0.0,0.1345760491825295,hamilton_20,0.5,base_shock
1579,0,0.0,0.05979154026007602,hamilton_20,0.5,base_shock
1586,0,0.0,0.06607804197196437,hamilton_20,0.5,base_shock
1587,0,0.0,-0.1313147103384972,hamilton_20,0.5,base_shock
1588,0,0.0,-0.016519261063118507,hamilton_20,0.5,base_shock
1594,0,0.0,0.12909307366451833,hamilton_20,0.5,base_shock
1595,0,0.0,0.06718532784263306,hamilton_20,0.5,base_shock
1596,0,0.0,0.06027791489232177,hamilton_20,0.5,base_shock
1598,0,0.0,0.06452835189194438,hamilton_20,0.5,base_shock
1599,0,0.0,0.10264540524785769,hamilton_20,0.5,base_shock
1601,0,0.0,0.029264098475711403,hamilton_20,0.5,base_shock
1602,0,0.0,0.15706664427175168,hamilton_20,0.5,base_shock
1605,0,0.0,0.2141137528670234,hamilton_20,0.5,base_shock
1611,0,0.0,0.006605557617000017,hamilton_20,0.5,base_shock
1072,0,0.0,0.06476311890761433,hamilton_01,1.0,base_shock
1077,0,0.0,-0.05961438270162476,hamilton_01,1.0,base_shock
1078,0,0.0,0.08450944806571024,hamilton_01,1.0,base_shock
1084,0,0.0,-0.07535368287076834,hamilton_01,1.0,base_shock
1085,0,0.0,0.11941351820419072,hamilton_01,1.0,base_shock
1089,0,0.0,0.12108610380095915,hamilton_02,1.0,base_shock
1094,0,0.0,0.1606666213594358,hamilton_02,1.0,base_shock
1098,0,0.0,0.20489477914536525,hamilton_02,1.0,base_shock
1099,0,0.0,0.14418452490458844,hamilton_02,1.0,base_shock
1102,0,0.0,0.23262012967559806,hamilton_02,1.0,base_shock
1103,0,0.0,0.08079506234978627,hamilton_02,1.0,base_shock
1106,0,0.0,0.29373959473685185,hamilton_02,1.0,base_shock
1107,0,0.0,0.045544960000429756,hamilton_02,1.0,base_shock
1109,0,0.0,0.15519595402526856,hamilton_02,1.0,base_shock
1110,0,0.0,0.1368900527470378,hamilton_02,1.0,base_shock
1111,0,0.0,0.06791954965471156,hamilton_02,1.0,base_shock
1147,0,0.0,0.18112197789338186,hamilton_13,1.0,base_shock
1148,0,0.0,0.02099134553492022,hamilton_13,1.0,base_shock
1150,0,0.0,0.029755495968724805,hamilton_13,1.0,base_shock
1152,0,0.0,0.0801590888362041,hamilton_13,1.0,base_shock
1157,0,0.0,-0.14609564291924962,hamilton_13,1.0,base_shock
1159,0,0.0,0.032421749839650245,hamilton_13,1.0,base_shock
1162,0,0.0,0.15818143531154424,hamilton_13,1.0,base_shock
1164,0,0.0,0.16465410121966165,hamilton_13,1.0,base_shock
1165,0,0.0,0.0784135827696201,hamilton_14,1.0,base_shock
1166,0,0.0,0.11895651825421515,hamilton_14,1.0,base_shock
1167,0,0.0,0.07097852105720562,hamilton_14,1.0,base_shock
1168,0,0.0,0.14807967308407502,hamilton_14,1.0,base_shock
1170,0,0.0,0.1349773434151298,hamilton_14,1.0,base_shock
1174,0,0.0,0.1553358430177524,hamilton_14,1.0,base_shock
1250,0,0.0,0.17054336354403343,hamilton_23,1.0,base_shock
1251,0,0.0,0.07799830151870736,hamilton_23,1.0,base_shock
1258,0,0.0,0.03483256705863645,hamilton_23,1.0,base_shock
1263,0,0.0,0.22833296869396139,hamilton_23,1.0,base_shock
1265,0,0.0,0.27822573204691253,hamilton_23,1.0,base_shock
1267,0,0.0,0.1145105938858293,hamilton_23,1.0,base_shock
1269,0,0.0,0.06039018973426691,hamilton_23,1.0,base_shock
1272,0,0.0,0.11723656334582239,hamilton_23,1.0,base_shock
1274,0,0.0,0.3128368966518763,hamilton_23,1.0,base_shock
1281,0,0.0,0.08779462626041391,hamilton_23,1.0,base_shock
1282,0,0.0,0.05413847282722908,hamilton_23,1.0,base_shock
1285,0,0.0,0.004328731859406034,hamilton_23,1.0,base_shock
1286,0,0.0,0.0274067546833943,hamilton_23,1.0,base_shock
1289,0,0.0,0.2271173172874463,hamilton_23,1.0,base_shock
1291,0,0.0,0.013180507390795414,hamilton_23,1.0,base_shock
1301,0,0.0,0.16319172894985604,hamilton_23,1.0,base_shock
1303,0,0.0,0.1388174924424795,hamilton_23,1.0,base_shock
1304,0,0.0,0.20028517335473112,hamilton_23,1.0,base_shock
1311,0,0.0,0.08153670525887827,hamilton_23,1.0,base_shock
1312,0,0.0,0.0654643763741321,hamilton_23,1.0,base_shock
1314,0,0.0,0.178335609458389,hamilton_23,1.0,base_shock
1315,0,0.0,0.07589416931738165,hamilton_23,1.0,base_shock
1316,0,0.0,0.0053930867341692,hamilton_23,1.0,base_shock
1320,0,0.0,0.20687015876122353,hamilton_23,1.0,base_shock
1321,0,0.0,0.02703822590255279,hamilton_23,1.0,base_shock
1322,0,0.0,0.21424359073239158,hamilton_23,1.0,base_shock
1328,0,0.0,0.24376454436001063,hamilton_23,1.0,base_shock
1330,0,0.0,-0.028935251506730583,hamilton_23,1.0,base_shock
1343,0,0.0,0.17221250224964882,hamilton_23,1.0,base_shock
1344,0,0.0,0.04437021839925043,hamilton_23,1.0,base_shock
1345,0,0.0,0.2801500542004072,hamilton_23,1.0,base_shock
1349,0,0.0,0.24398882743725583,hamilton_23,1.0,base_shock
1352,0,0.0,-0.0020764109479800767,hamilton_07,1.0,base_shock
1353,0,0.0,0.03440453927929133,hamilton_07,1.0,base_shock
1354,0,0.0,0.004247333410752769,hamilton_07,1.0,base_shock
1356,0,0.0,-0.01874897119545866,hamilton_07,1.0,base_shock
1357,0,0.0,-0.026821008051463466,hamilton_07,1.0,base_shock
1358,0,0.0,0.01685783639565782,hamilton_07,1.0,base_shock
1363,0,0.0,0.03543733995976259,hamilton_07,1.0,base_shock
1365,0,0.0,-0.029024110402337863,hamilton_07,1.0,base_shock
1367,0,0.0,-0.007424871202659342,hamilton_07,1.0,base_shock
1369,0,0.0,0.07527219051996843,hamilton_07,1.0,base_shock
1372,0,0.0,0.006547679728151476,hamilton_07,1.0,base_shock
1373,0,0.0,-0.02842220094715589,hamilton_07,1.0,base_shock
1385,0,0.0,-0.006273051455527651,hamilton_07,1.0,base_shock
1389,0,0.0,0.028010898829268736,hamilton_07,1.0,base_shock
1392,0,0.0,-0.023905537561436027,hamilton_07,1.0,base_shock
1394,0,0.0,0.03841206020735823,hamilton_07,1.0,base_shock
1401,0,0.0,-0.14183726370799007,hamilton_07,1.0,base_shock
1402,0,0.0,0.006154056400243904,hamilton_07,1.0,base_shock
1405,0,0.0,0.029438871977510113,hamilton_07,1.0,base_shock
1407,0,0.0,-0.020418073744451388,hamilton_07,1.0,base_shock
1410,0,0.0,-0.061432203462306385,hamilton_07,1.0,base_shock
1411,0,0.0,-0.00400304675377868,hamilton_07,1.0,base_shock
1412,0,0.0,0.07719595111038474,hamilton_07,1.0,base_shock
1416,0,0.0,0.27949367583351176,hamilton_08,1.0,base_shock
1419,0,0.0,0.24320120175303994,hamilton_08,1.0,base_shock
1421,0,0.0,0.041983726062694696,hamilton_08,1.0,base_shock
1426,0,0.0,0.3224931093437893,hamilton_08,1.0,base_shock
1429,0,0.0,0.05325386148941959,hamilton_08,1.0,base_shock
1434,0,0.0,0.1471084745778727,hamilton_08,1.0,base_shock
1437,0,0.0,-0.07715689355906966,hamilton_08,1.0,base_shock
1442,0,0.0,-0.1219809378297037,hamilton_08,1.0,base_shock
1445,0,0.0,0.1543768685456986,hamilton_08,1.0,base_shock
1449,0,0.0,0.06243775856642396,hamilton_08,1.0,base_shock
1452,0,0.0,0.1309947452660683,hamilton_08,1.0,base_shock
1455,0,0.0,0.13570932230988964,hamilton_08,1.0,base_shock
1456,0,0.0,0.34017657519739797,hamilton_08,1.0,base_shock
1458,0,0.0,0.11635250352663004,hamilton_08,1.0,base_shock
1460,0,0.0,0.37038378584515463,hamilton_08,1.0,base_shock
1463,0,0.0,0.29415174767413876,hamilton_08,1.0,base_shock
1466,0,0.0,-0.033407969216655425,hamilton_08,1.0,base_shock
1467,0,0.0,0.034665009011939585,hamilton_08,1.0,base_shock
1469,0,0.0,-0.22992608385029875,hamilton_08,1.0,base_shock
1472,0,0.0,0.30156863255584515,hamilton_08,1.0,base_shock
1474,0,0.0,0.35572734599676437,hamilton_08,1.0,base_shock
1475,0,0.0,0.3307075745629683,hamilton_08,1.0,base_shock
1477,0,0.0,0.2828447766845389,hamilton_08,1.0,base_shock
1480,0,0.0,0.26726247342783277,hamilton_08,1.0,base_shock
1483,0,0.0,0.3099230670765629,hamilton_08,1.0,base_shock
1485,0,0.0,0.30840258774405876,hamilton_08,1.0,base_shock
1487,0,0.0,0.13890827295593033,hamilton_08,1.0,base_shock
1488,0,0.0,0.08087109926009313,hamilton_08,1.0,base_shock
1489,0,0.0,0.30745185081678233,hamilton_08,1.0,base_shock
1490,0,0.0,0.3401049052434548,hamilton_08,1.0,base_shock
1491,0,0.0,0.1593565477709921,hamilton_08,1.0,base_shock
1494,0,0.0,-0.13935135558364703,hamilton_19,1.0,base_shock
1497,0,0.0,0.08631659486554186,hamilton_19,1.0,base_shock
1498,0,0.0,-0.010673530552290708,hamilton_19,1.0,base_shock
1502,0,0.0,-0.05353513941239993,hamilton_19,1.0,base_shock
1505,0,0.0,-0.012855109308333609,hamilton_19,1.0,base_shock
1507,0,0.0,0.06516333104194971,hamilton_19,1.0,base_shock
1509,0,0.0,-0.06804703584225187,hamilton_19,1.0,base_shock
1512,0,0.0,-0.05485930416390961,hamilton_19,1.0,base_shock
1513,0,0.0,-0.0017610563673352768,hamilton_19,1.0,base_shock
1514,0,0.0,-0.019444204362519178,hamilton_19,1.0,base_shock
1516,0,0.0,0.21361882201038163,hamilton_19,1.0,base_shock
1521,0,0.0,0.16777563713374757,hamilton_19,1.0,base_shock
1526,0,0.0,0.019013206311126265,hamilton_19,1.0,base_shock
1528,0,0.0,-0.025755601189470265,hamilton_19,1.0,base_shock
1529,0,0.0,-0.05635410057306883,hamilton_19,1.0,base_shock
1530,0,0.0,-0.08980757734252572,hamilton_19,1.0,base_shock
1532,0,0.0,0.10029494613722685,hamilton_19,1.0,base_shock
1533,0,0.0,-0.0772111793023152,hamilton_19,1.0,base_shock
1534,0,0.0,0.10060080042204274,hamilton_19,1.0,base_shock
1535,0,0.0,0.05639873282023164,hamilton_19,1.0,base_shock
1536,0,0.0,0.04458404013544304,hamilton_19,1.0,base_shock
1541,0,0.0,0.025628652046984328,hamilton_19,1.0,base_shock
1543,0,0.0,0.01940446923205932,hamilton_19,1.0,base_shock
1545,0,0.0,-0.019548958120752153,hamilton_19,1.0,base_shock
1549,0,0.0,-0.10902171672292883,hamilton_19,1.0,base_shock
1550,0,0.0,-0.10194593008976885,hamilton_19,1.0,base_shock
1551,0,0.0,-0.12697365432731508,hamilton_19,1.0,base_shock
1552,0,0.0,0.06559219296650926,hamilton_19,1.0,base_shock
1560,0,0.0,0.046820097788181574,hamilton_20,1.0,base_shock
1563,0,0.0,0.07512415553306448,hamilton_20,1.0,base_shock
1567,0,0.0,0.04763582400842644,hamilton_20,1.0,base_shock
1568,0,0.0,0.08829955203883819,hamilton_20,1.0,base_shock
1570,0,0.0,0.1698901881325404,hamilton_20,1.0,base_shock
1571,0,0.0,-0.01761197347565927,hamilton_20,1.0,base_shock
1573,0,0.0,0.22102451611995355,hamilton_20,1.0,base_shock
1576,0,0.0,0.04170110891046215,hamilton_20,1.0,base_shock
1577,0,0.0,0.13905663485473263,hamilton_20,1.0,base_shock
1578,0,0.0,0.1633579244722744,hamilton_20,1.0,base_shock
1579,0,0.0,0.06898163028116716,hamilton_20,1.0,base_shock
1586,0,0.0,0.06704685531068218,hamilton_20,1.0,base_shock
1587,0,0.0,-0.17316709213299383,hamilton_20,1.0,base_shock
1588,0,0.0,-0.03629915965511524,hamilton_20,1.0,base_shock
1594,0,0.0,0.1289191914346446,hamilton_20,1.0,base_shock
1595,0,0.0,0.09251801572608244,hamilton_20,1.0,base_shock
1596,0,0.0,0.06560091118893603,hamilton_20,1.0,base_shock
1599,0,0.0,0.15036304709599957,hamilton_20,1.0,base_shock
1601,0,0.0,0.024896898582284523,hamilton_20,1.0,base_shock
1602,0,0.0,0.13986678793924825,hamilton_20,1.0,base_shock
1605,0,0.0,0.22388428057515528,hamilton_20,1.0,base_shock
1608,0,0.0,0.15098960927462052,hamilton_20,1.0,base_shock
1611,0,0.0,0.0028693586013270023,hamilton_20,1.0,base_shock
