,fold,offset,f1score,session_name
0,0,-0.5,0.5679630342703119,hamilton_01
1,1,-0.5,0.5577608632816262,hamilton_01
2,2,-0.5,0.5344709228204374,hamilton_01
3,3,-0.5,0.5735886107020127,hamilton_01
4,4,-0.5,0.44110671936758894,hamilton_01
5,0,-0.4,0.60723912206392,hamilton_01
6,1,-0.4,0.6219464144996061,hamilton_01
7,2,-0.4,0.5742574257425742,hamilton_01
8,3,-0.4,0.5279904544098639,hamilton_01
9,4,-0.4,0.51004851004851,hamilton_01
10,0,-0.3,0.6158377595364557,hamilton_01
11,1,-0.3,0.5191919191919192,hamilton_01
12,2,-0.3,0.5643137254901962,hamilton_01
13,3,-0.3,0.5146611748553496,hamilton_01
14,4,-0.3,0.5500445500445501,hamilton_01
15,0,-0.2,0.5587811208305297,hamilton_01
16,1,-0.2,0.6565656565656566,hamilton_01
17,2,-0.2,0.5939001667157007,hamilton_01
18,3,-0.2,0.49186149748446284,hamilton_01
19,4,-0.2,0.6234301412872841,hamilton_01
20,0,-0.1,0.47914057230947105,hamilton_01
21,1,-0.1,0.5488461538461539,hamilton_01
22,2,-0.1,0.4850980392156862,hamilton_01
23,3,-0.1,0.5009881422924902,hamilton_01
24,4,-0.1,0.48469387755102045,hamilton_01
25,0,-0.0,0.6661532537543319,hamilton_01
26,1,-0.0,0.5914020517830972,hamilton_01
27,2,-0.0,0.6020488573680063,hamilton_01
28,3,-0.0,0.6925871379479627,hamilton_01
29,4,-0.0,0.5740904187506128,hamilton_01
30,0,0.1,0.8128440366972477,hamilton_01
31,1,0.1,0.8512107361664885,hamilton_01
32,2,0.1,0.8415686274509804,hamilton_01
33,3,0.1,0.7891021179278115,hamilton_01
34,4,0.1,0.8118073943316662,hamilton_01
35,0,0.2,0.76140350877193,hamilton_01
36,1,0.2,0.6756912997398593,hamilton_01
37,2,0.2,0.7254901960784315,hamilton_01
38,3,0.2,0.77002277002277,hamilton_01
39,4,0.2,0.6831372549019608,hamilton_01
40,0,0.3,0.5446428571428572,hamilton_01
41,1,0.3,0.7054293415479399,hamilton_01
42,2,0.3,0.5900405900405901,hamilton_01
43,3,0.3,0.6313504981750024,hamilton_01
44,4,0.3,0.6020488573680064,hamilton_01
45,0,0.4,0.6560362269968205,hamilton_01
46,1,0.4,0.6167260815107428,hamilton_01
47,2,0.4,0.5381057905385875,hamilton_01
48,3,0.4,0.6330878743249877,hamilton_01
49,4,0.4,0.5992063492063492,hamilton_01
50,0,0.5,0.5783908487936172,hamilton_01
51,1,0.5,0.5684615384615385,hamilton_01
52,2,0.5,0.626877165960724,hamilton_01
53,3,0.5,0.5243328100470956,hamilton_01
54,4,0.5,0.5330054107230693,hamilton_01
55,0,0.6,0.6851851851851851,hamilton_01
56,1,0.6,0.676190476190476,hamilton_01
57,2,0.6,0.5961371318203766,hamilton_01
58,3,0.6,0.5837912087912088,hamilton_01
59,4,0.6,0.6721101819970488,hamilton_01
60,0,0.7,0.5446428571428571,hamilton_01
61,1,0.7,0.44907407407407407,hamilton_01
62,2,0.7,0.5868055555555556,hamilton_01
63,3,0.7,0.5037342767295597,hamilton_01
64,4,0.7,0.5441522762951335,hamilton_01
65,0,0.8,0.5294117647058824,hamilton_01
66,1,0.8,0.5376428852975956,hamilton_01
67,2,0.8,0.5286869464767039,hamilton_01
68,3,0.8,0.5140893470790378,hamilton_01
69,4,0.8,0.5247058823529411,hamilton_01
70,0,0.9,0.5158384190642256,hamilton_01
71,1,0.9,0.5131333005410723,hamilton_01
72,2,0.9,0.49425625920471283,hamilton_01
73,3,0.9,0.5441522762951334,hamilton_01
74,4,0.9,0.5808300395256917,hamilton_01
75,0,1.0,0.5933093455217349,hamilton_01
76,1,1.0,0.5096153846153846,hamilton_01
77,2,1.0,0.5195616649043545,hamilton_01
78,3,1.0,0.595028067361668,hamilton_01
79,4,1.0,0.5140893470790378,hamilton_01
80,0,1.1,0.5980005767567047,hamilton_01
81,1,1.1,0.5294117647058824,hamilton_01
82,2,1.1,0.5587811208305297,hamilton_01
83,3,1.1,0.5544554455445544,hamilton_01
84,4,1.1,0.5882469921447748,hamilton_01
85,0,1.2,0.5780663780663782,hamilton_01
86,1,1.2,0.5081018518518519,hamilton_01
87,2,1.2,0.6076923076923078,hamilton_01
88,3,1.2,0.5423561859732072,hamilton_01
89,4,1.2,0.4627659574468085,hamilton_01
90,0,1.3,0.5780663780663781,hamilton_01
91,1,1.3,0.5876010781671159,hamilton_01
92,2,1.3,0.6274509803921567,hamilton_01
93,3,1.3,0.4950495049504951,hamilton_01
94,4,1.3,0.5821513002364066,hamilton_01
95,0,1.4,0.5058823529411764,hamilton_01
96,1,1.4,0.5049019607843137,hamilton_01
97,2,1.4,0.6426886792452831,hamilton_01
98,3,1.4,0.5735886107020127,hamilton_01
99,4,1.4,0.5140893470790378,hamilton_01
0,0,-0.5,1.0,hamilton_02
1,1,-0.5,1.0,hamilton_02
2,2,-0.5,1.0,hamilton_02
3,3,-0.5,1.0,hamilton_02
4,4,-0.5,1.0,hamilton_02
5,0,-0.3,1.0,hamilton_02
6,1,-0.3,1.0,hamilton_02
7,2,-0.3,1.0,hamilton_02
8,3,-0.3,1.0,hamilton_02
9,4,-0.3,1.0,hamilton_02
10,0,-0.2,1.0,hamilton_02
11,1,-0.2,1.0,hamilton_02
12,2,-0.2,1.0,hamilton_02
13,3,-0.2,1.0,hamilton_02
14,4,-0.2,1.0,hamilton_02
15,0,-0.1,1.0,hamilton_02
16,1,-0.1,1.0,hamilton_02
17,2,-0.1,1.0,hamilton_02
18,3,-0.1,1.0,hamilton_02
19,4,-0.1,1.0,hamilton_02
20,0,-0.0,1.0,hamilton_02
21,1,-0.0,1.0,hamilton_02
22,2,-0.0,1.0,hamilton_02
23,3,-0.0,1.0,hamilton_02
24,4,-0.0,1.0,hamilton_02
25,0,0.1,1.0,hamilton_02
26,1,0.1,1.0,hamilton_02
27,2,0.1,1.0,hamilton_02
28,3,0.1,1.0,hamilton_02
29,4,0.1,1.0,hamilton_02
30,0,0.2,1.0,hamilton_02
31,1,0.2,1.0,hamilton_02
32,2,0.2,1.0,hamilton_02
33,3,0.2,1.0,hamilton_02
34,4,0.2,1.0,hamilton_02
35,0,0.3,1.0,hamilton_02
36,1,0.3,1.0,hamilton_02
37,2,0.3,1.0,hamilton_02
38,3,0.3,1.0,hamilton_02
39,4,0.3,1.0,hamilton_02
40,0,0.4,1.0,hamilton_02
41,1,0.4,1.0,hamilton_02
42,2,0.4,1.0,hamilton_02
43,3,0.4,1.0,hamilton_02
44,4,0.4,1.0,hamilton_02
45,0,0.5,1.0,hamilton_02
46,1,0.5,1.0,hamilton_02
47,2,0.5,1.0,hamilton_02
48,3,0.5,1.0,hamilton_02
49,4,0.5,1.0,hamilton_02
50,0,0.6,1.0,hamilton_02
51,1,0.6,1.0,hamilton_02
52,2,0.6,1.0,hamilton_02
53,3,0.6,1.0,hamilton_02
54,4,0.6,1.0,hamilton_02
55,0,0.7,1.0,hamilton_02
56,1,0.7,1.0,hamilton_02
57,2,0.7,1.0,hamilton_02
58,3,0.7,1.0,hamilton_02
59,4,0.7,1.0,hamilton_02
60,0,0.8,1.0,hamilton_02
61,1,0.8,1.0,hamilton_02
62,2,0.8,1.0,hamilton_02
63,3,0.8,1.0,hamilton_02
64,4,0.8,1.0,hamilton_02
65,0,0.9,1.0,hamilton_02
66,1,0.9,1.0,hamilton_02
67,2,0.9,1.0,hamilton_02
68,3,0.9,1.0,hamilton_02
69,4,0.9,1.0,hamilton_02
70,0,1.0,1.0,hamilton_02
71,1,1.0,1.0,hamilton_02
72,2,1.0,1.0,hamilton_02
73,3,1.0,1.0,hamilton_02
74,4,1.0,1.0,hamilton_02
75,0,1.1,1.0,hamilton_02
76,1,1.1,1.0,hamilton_02
77,2,1.1,1.0,hamilton_02
78,3,1.1,1.0,hamilton_02
79,4,1.1,1.0,hamilton_02
80,0,1.2,1.0,hamilton_02
81,1,1.2,1.0,hamilton_02
82,2,1.2,1.0,hamilton_02
83,3,1.2,1.0,hamilton_02
84,4,1.2,1.0,hamilton_02
85,0,1.3,1.0,hamilton_02
86,1,1.3,1.0,hamilton_02
87,2,1.3,1.0,hamilton_02
88,3,1.3,1.0,hamilton_02
89,4,1.3,1.0,hamilton_02
90,0,1.4,1.0,hamilton_02
91,1,1.4,1.0,hamilton_02
92,2,1.4,1.0,hamilton_02
93,3,1.4,1.0,hamilton_02
94,4,1.4,1.0,hamilton_02
95,0,-0.4,1.0,hamilton_02
96,1,-0.4,1.0,hamilton_02
97,2,-0.4,1.0,hamilton_02
98,3,-0.4,1.0,hamilton_02
99,4,-0.4,1.0,hamilton_02
0,0,-0.5,0.6439344869066346,hamilton_12
1,1,-0.5,0.5818606825619449,hamilton_12
2,2,-0.5,0.5912698412698413,hamilton_12
3,3,-0.5,0.5624468988954969,hamilton_12
4,4,-0.5,0.5577673692427791,hamilton_12
5,0,-0.4,0.43641509433962267,hamilton_12
6,1,-0.4,0.5393472261870778,hamilton_12
7,2,-0.4,0.562942008486563,hamilton_12
8,3,-0.4,0.44907407407407407,hamilton_12
9,4,-0.4,0.5426900584795321,hamilton_12
10,0,-0.3,0.5197449804929108,hamilton_12
11,1,-0.3,0.6107331821617537,hamilton_12
12,2,-0.3,0.5533559577677225,hamilton_12
13,3,-0.3,0.548846153846154,hamilton_12
14,4,-0.3,0.6176103047197923,hamilton_12
15,0,-0.2,0.650188679245283,hamilton_12
16,1,-0.2,0.528604118993135,hamilton_12
17,2,-0.2,0.562446898895497,hamilton_12
18,3,-0.2,0.5976911976911976,hamilton_12
19,4,-0.2,0.5980005767567048,hamilton_12
20,0,-0.1,0.5303951367781155,hamilton_12
21,1,-0.1,0.6683712121212121,hamilton_12
22,2,-0.1,0.5604551920341394,hamilton_12
23,3,-0.1,0.5767797419971333,hamilton_12
24,4,-0.1,0.4744897959183674,hamilton_12
25,0,-0.0,0.8645833333333333,hamilton_12
26,1,-0.0,0.845925925925926,hamilton_12
27,2,-0.0,0.8645833333333333,hamilton_12
28,3,-0.0,0.8348892032060349,hamilton_12
29,4,-0.0,0.8248299319727891,hamilton_12
30,0,0.1,0.8937494195226154,hamilton_12
31,1,0.1,0.845925925925926,hamilton_12
32,2,0.1,0.8263450834879407,hamilton_12
33,3,0.1,0.9025487256371814,hamilton_12
34,4,0.1,0.9506032107912986,hamilton_12
35,0,0.2,0.6385964912280702,hamilton_12
36,1,0.2,0.6406412069778407,hamilton_12
37,2,0.2,0.5631067961165048,hamilton_12
38,3,0.2,0.5818937033890306,hamilton_12
39,4,0.2,0.5912698412698413,hamilton_12
40,0,0.3,0.5299435028248588,hamilton_12
41,1,0.3,0.5575286718460969,hamilton_12
42,2,0.3,0.548035136384651,hamilton_12
43,3,0.3,0.5226520382105362,hamilton_12
44,4,0.3,0.6017916077322019,hamilton_12
45,0,0.4,0.49925925925925924,hamilton_12
46,1,0.4,0.5695288753799392,hamilton_12
47,2,0.4,0.7040229885057472,hamilton_12
48,3,0.4,0.5436893203883496,hamilton_12
49,4,0.4,0.5523431594860166,hamilton_12
50,0,0.5,0.5575286718460969,hamilton_12
51,1,0.5,0.5190529041805402,hamilton_12
52,2,0.5,0.6892911010558069,hamilton_12
53,3,0.5,0.5616192187647782,hamilton_12
54,4,0.5,0.5409198672356568,hamilton_12
55,0,0.6,0.4950980392156863,hamilton_12
56,1,0.6,0.5629420084865628,hamilton_12
57,2,0.6,0.5089626239511823,hamilton_12
58,3,0.6,0.5046676096181046,hamilton_12
59,4,0.6,0.4950980392156863,hamilton_12
60,0,0.7,0.5335849056603774,hamilton_12
61,1,0.7,0.5577608632816264,hamilton_12
62,2,0.7,0.48842592592592593,hamilton_12
63,3,0.7,0.5391713928674421,hamilton_12
64,4,0.7,0.5659574468085107,hamilton_12
65,0,0.8,0.5672676837725381,hamilton_12
66,1,0.8,0.5907046476761619,hamilton_12
67,2,0.8,0.6086626139817629,hamilton_12
68,3,0.8,0.5031684479334153,hamilton_12
69,4,0.8,0.6107331821617535,hamilton_12
70,0,0.9,0.5288025889967638,hamilton_12
71,1,0.9,0.5073836723321259,hamilton_12
72,2,0.9,0.5550595238095237,hamilton_12
73,3,0.9,0.46420126737917344,hamilton_12
74,4,0.9,0.5629420084865631,hamilton_12
75,0,1.0,0.5092069954659016,hamilton_12
76,1,1.0,0.620757363253857,hamilton_12
77,2,1.0,0.5855805764062645,hamilton_12
78,3,1.0,0.47999999999999987,hamilton_12
79,4,1.0,0.5477005644489683,hamilton_12
80,0,1.1,0.5435172088637434,hamilton_12
81,1,1.1,0.46420126737917344,hamilton_12
82,2,1.1,0.601340507882564,hamilton_12
83,3,1.1,0.5335849056603773,hamilton_12
84,4,1.1,0.5096153846153846,hamilton_12
85,0,1.2,0.5948051948051948,hamilton_12
86,1,1.2,0.5339366515837104,hamilton_12
87,2,1.2,0.5328798185941044,hamilton_12
88,3,1.2,0.5318181818181819,hamilton_12
89,4,1.2,0.6190611664295875,hamilton_12
90,0,1.3,0.5727752639517345,hamilton_12
91,1,1.3,0.5335849056603774,hamilton_12
92,2,1.3,0.5890957446808511,hamilton_12
93,3,1.3,0.5825242718446602,hamilton_12
94,4,1.3,0.669622641509434,hamilton_12
95,0,1.4,0.5277546103234176,hamilton_12
96,1,1.4,0.6013090229079009,hamilton_12
97,2,1.4,0.5918867924528302,hamilton_12
98,3,1.4,0.5499620060790273,hamilton_12
99,4,1.4,0.5435172088637434,hamilton_12
0,0,-0.5,0.5974235104669887,hamilton_13
1,1,-0.5,0.6158088235294119,hamilton_13
2,2,-0.5,0.5955882352941176,hamilton_13
3,3,-0.5,0.49489795918367346,hamilton_13
4,4,-0.5,0.5330188679245282,hamilton_13
5,0,-0.4,0.5998399359743898,hamilton_13
6,1,-0.4,0.5851814001021973,hamilton_13
7,2,-0.4,0.675143560295324,hamilton_13
8,3,-0.4,0.5656565656565657,hamilton_13
9,4,-0.4,0.5477574750830565,hamilton_13
10,0,-0.3,0.50995099509951,hamilton_13
11,1,-0.3,0.5032258064516129,hamilton_13
12,2,-0.3,0.5858585858585859,hamilton_13
13,3,-0.3,0.5656565656565657,hamilton_13
14,4,-0.3,0.5252525252525253,hamilton_13
15,0,-0.2,0.5866518802298619,hamilton_13
16,1,-0.2,0.49489795918367346,hamilton_13
17,2,-0.2,0.5736259228876128,hamilton_13
18,3,-0.2,0.5746726677577743,hamilton_13
19,4,-0.2,0.584331797235023,hamilton_13
20,0,-0.1,0.5696126513862476,hamilton_13
21,1,-0.1,0.5736259228876128,hamilton_13
22,2,-0.1,0.5851814001021973,hamilton_13
23,3,-0.1,0.5746726677577741,hamilton_13
24,4,-0.1,0.5640552995391706,hamilton_13
25,0,-0.0,0.6363636363636364,hamilton_13
26,1,-0.0,0.65625,hamilton_13
27,2,-0.0,0.6759410801963993,hamilton_13
28,3,-0.0,0.7065917220235054,hamilton_13
29,4,-0.0,0.6969387755102041,hamilton_13
30,0,0.1,0.6998799519807923,hamilton_13
31,1,0.1,0.7327657807308969,hamilton_13
32,2,0.1,0.8172682526661198,hamilton_13
33,3,0.1,0.6451612903225806,hamilton_13
34,4,0.1,0.7371323529411766,hamilton_13
35,0,0.2,0.6846709388668497,hamilton_13
36,1,0.2,0.624884792626728,hamilton_13
37,2,0.2,0.5704545454545454,hamilton_13
38,3,0.2,0.686356668369954,hamilton_13
39,4,0.2,0.7254801273492864,hamilton_13
40,0,0.3,0.639423076923077,hamilton_13
41,1,0.3,0.6764705882352942,hamilton_13
42,2,0.3,0.5722222222222222,hamilton_13
43,3,0.3,0.6261100336837807,hamilton_13
44,4,0.3,0.6161224489795919,hamilton_13
45,0,0.4,0.6457131288591962,hamilton_13
46,1,0.4,0.6360294117647058,hamilton_13
47,2,0.4,0.6113636363636363,hamilton_13
48,3,0.4,0.6158088235294118,hamilton_13
49,4,0.4,0.58568949678473,hamilton_13
50,0,0.5,0.5955882352941176,hamilton_13
51,1,0.5,0.646320302133306,hamilton_13
52,2,0.5,0.622457627118644,hamilton_13
53,3,0.5,0.6666666666666667,hamilton_13
54,4,0.5,0.5949263502454991,hamilton_13
55,0,0.6,0.5452689598856792,hamilton_13
56,1,0.6,0.5544189852700491,hamilton_13
57,2,0.6,0.5551470588235294,hamilton_13
58,3,0.6,0.534165302782324,hamilton_13
59,4,0.6,0.5888704318936877,hamilton_13
60,0,0.7,0.5199999999999999,hamilton_13
61,1,0.7,0.6142329778506973,hamilton_13
62,2,0.7,0.5454545454545454,hamilton_13
63,3,0.7,0.4742647058823529,hamilton_13
64,4,0.7,0.5127153404429861,hamilton_13
65,0,0.8,0.5647332725984411,hamilton_13
66,1,0.8,0.47037037037037044,hamilton_13
67,2,0.8,0.48400613183444047,hamilton_13
68,3,0.8,0.4644278860875778,hamilton_13
69,4,0.8,0.5235023041474655,hamilton_13
70,0,0.9,0.4981934965877158,hamilton_13
71,1,0.9,0.542466878915477,hamilton_13
72,2,0.9,0.5244762391415432,hamilton_13
73,3,0.9,0.5252525252525252,hamilton_13
74,4,0.9,0.5349264705882353,hamilton_13
75,0,1.0,0.49979991996798717,hamilton_13
76,1,1.0,0.5341653027823241,hamilton_13
77,2,1.0,0.5628016842970114,hamilton_13
78,3,1.0,0.5888704318936877,hamilton_13
79,4,1.0,0.5555102040816327,hamilton_13
80,0,1.1,0.568922305764411,hamilton_13
81,1,1.1,0.5955882352941176,hamilton_13
82,2,1.1,0.646320302133306,hamilton_13
83,3,1.1,0.6262626262626262,hamilton_13
84,4,1.1,0.5244762391415432,hamilton_13
85,0,1.2,0.4748223663886314,hamilton_13
86,1,1.2,0.5341653027823241,hamilton_13
87,2,1.2,0.636326530612245,hamilton_13
88,3,1.2,0.65625,hamilton_13
89,4,1.2,0.47469387755102044,hamilton_13
90,0,1.3,0.5584102769971899,hamilton_13
91,1,1.3,0.45448979591836736,hamilton_13
92,2,1.3,0.5909090909090908,hamilton_13
93,3,1.3,0.49994845892176065,hamilton_13
94,4,1.3,0.5544189852700492,hamilton_13
95,0,1.4,0.5654792283352047,hamilton_13
96,1,1.4,0.5551470588235294,hamilton_13
97,2,1.4,0.5858585858585859,hamilton_13
98,3,1.4,0.4848484848484848,hamilton_13
99,4,1.4,0.5452689598856792,hamilton_13
0,0,-0.5,0.5604038946988821,hamilton_14
1,1,-0.5,0.3884615384615384,hamilton_14
2,2,-0.5,0.31168831168831174,hamilton_14
3,3,-0.5,0.41618273325590394,hamilton_14
4,4,-0.5,0.3157894736842105,hamilton_14
5,0,-0.1,0.49350649350649345,hamilton_14
6,1,-0.1,0.4698457223001402,hamilton_14
7,2,-0.1,0.4444444444444445,hamilton_14
8,3,-0.1,0.5556350626118067,hamilton_14
9,4,-0.1,0.4166666666666667,hamilton_14
10,0,-0.0,0.7253060539996645,hamilton_14
11,1,-0.0,0.7736815156169994,hamilton_14
12,2,-0.0,0.7285832642916321,hamilton_14
13,3,-0.0,0.7429136453526697,hamilton_14
14,4,-0.0,0.7921727395411605,hamilton_14
15,0,0.1,0.8068924539512775,hamilton_14
16,1,0.1,0.7180451127819548,hamilton_14
17,2,0.1,0.6984126984126985,hamilton_14
18,3,0.1,0.7720364741641337,hamilton_14
19,4,0.1,0.7430555555555556,hamilton_14
20,0,0.2,0.711111111111111,hamilton_14
21,1,0.2,0.6971357409713574,hamilton_14
22,2,0.2,0.7142106645652746,hamilton_14
23,3,0.2,0.747783251231527,hamilton_14
24,4,0.2,0.6744310575635877,hamilton_14
25,0,1.4,0.3315508021390375,hamilton_14
26,1,1.4,0.565936337329475,hamilton_14
27,2,1.4,0.4000000000000001,hamilton_14
28,3,1.4,0.6006725514922238,hamilton_14
29,4,1.4,0.4346449570330167,hamilton_14
30,0,1.1,0.46784922394678485,hamilton_14
31,1,1.1,0.323943661971831,hamilton_14
32,2,1.1,0.4065656565656565,hamilton_14
33,3,1.1,0.5317028985507246,hamilton_14
34,4,1.1,0.42782608695652175,hamilton_14
35,0,0.4,0.5708812260536399,hamilton_14
36,1,0.4,0.591728525980912,hamilton_14
37,2,0.4,0.6909090909090908,hamilton_14
38,3,0.4,0.6135831381733021,hamilton_14
39,4,0.4,0.42192192192192196,hamilton_14
40,0,0.5,0.5373015873015873,hamilton_14
41,1,0.5,0.5236928104575163,hamilton_14
42,2,0.5,0.5028142589118199,hamilton_14
43,3,0.5,0.5181818181818182,hamilton_14
44,4,0.5,0.5487616099071208,hamilton_14
45,0,0.6,0.5078605604921393,hamilton_14
46,1,0.6,0.475,hamilton_14
47,2,0.6,0.30918114143920594,hamilton_14
48,3,0.6,0.39964264443120906,hamilton_14
49,4,0.6,0.5930735930735931,hamilton_14
50,0,0.8,0.5517573423206547,hamilton_14
51,1,0.8,0.4241452991452992,hamilton_14
52,2,0.8,0.6222222222222222,hamilton_14
53,3,0.8,0.6677099634846113,hamilton_14
54,4,0.8,0.5274633123689728,hamilton_14
55,0,0.9,0.55,hamilton_14
56,1,0.9,0.4848966613672496,hamilton_14
57,2,0.9,0.4531746031746032,hamilton_14
58,3,0.9,0.574052812858783,hamilton_14
59,4,0.9,0.533724340175953,hamilton_14
60,0,1.2,0.3466666666666667,hamilton_14
61,1,1.2,0.3098591549295775,hamilton_14
62,2,1.2,0.5104212860310422,hamilton_14
63,3,1.2,0.4313295304958315,hamilton_14
64,4,1.2,0.47252747252747246,hamilton_14
65,0,1.3,0.565936337329475,hamilton_14
66,1,1.3,0.5714285714285714,hamilton_14
67,2,1.3,0.5308037535699714,hamilton_14
68,3,1.3,0.42084942084942084,hamilton_14
69,4,1.3,0.6179966044142614,hamilton_14
70,0,-0.4,0.5666666666666667,hamilton_14
71,1,-0.4,0.6130952380952381,hamilton_14
72,2,-0.4,0.5369725125822686,hamilton_14
73,3,-0.4,0.4932533733133433,hamilton_14
74,4,-0.4,0.43125,hamilton_14
75,0,-0.2,0.4528301886792452,hamilton_14
76,1,-0.2,0.42391304347826086,hamilton_14
77,2,-0.2,0.4256965944272445,hamilton_14
78,3,-0.2,0.5007246376811594,hamilton_14
79,4,-0.2,0.49702380952380953,hamilton_14
80,0,0.7,0.46322378716744916,hamilton_14
81,1,0.7,0.3098591549295775,hamilton_14
82,2,0.7,0.5528031290743155,hamilton_14
83,3,0.7,0.5613275613275612,hamilton_14
84,4,0.7,0.3623453962437014,hamilton_14
85,0,0.3,0.6491754122938531,hamilton_14
86,1,0.3,0.5272727272727272,hamilton_14
87,2,0.3,0.5562152133580704,hamilton_14
88,3,0.3,0.5671296296296298,hamilton_14
89,4,0.3,0.48842592592592593,hamilton_14
90,0,1.0,0.5478260869565217,hamilton_14
91,1,1.0,0.5836828059473884,hamilton_14
92,2,1.0,0.6185897435897436,hamilton_14
93,3,1.0,0.6469230769230769,hamilton_14
94,4,1.0,0.5970893970893971,hamilton_14
95,0,-0.3,0.517757809157039,hamilton_14
96,1,-0.3,0.6287878787878788,hamilton_14
97,2,-0.3,0.36098069900886803,hamilton_14
98,3,-0.3,0.33333333333333337,hamilton_14
99,4,-0.3,0.5465587044534412,hamilton_14
0,0,-0.5,0.468035343035343,hamilton_05
1,1,-0.5,0.5725480283114257,hamilton_05
2,2,-0.5,0.6700711053652231,hamilton_05
3,3,-0.5,0.65625,hamilton_05
4,4,-0.5,0.4602636043325068,hamilton_05
5,0,-0.4,0.5497835497835498,hamilton_05
6,1,-0.4,0.5297297297297298,hamilton_05
7,2,-0.4,0.5690186102557235,hamilton_05
8,3,-0.4,0.5584935897435898,hamilton_05
9,4,-0.4,0.5942704863424384,hamilton_05
10,0,-0.3,0.5802538000278901,hamilton_05
11,1,-0.3,0.5811688311688311,hamilton_05
12,2,-0.3,0.5558536929812173,hamilton_05
13,3,-0.3,0.6701773835920177,hamilton_05
14,4,-0.3,0.5824561403508771,hamilton_05
15,0,-0.2,0.544973544973545,hamilton_05
16,1,-0.2,0.5571815718157181,hamilton_05
17,2,-0.2,0.6312178387650086,hamilton_05
18,3,-0.2,0.5574614065180103,hamilton_05
19,4,-0.2,0.5929682217714672,hamilton_05
20,0,-0.1,0.6394861392832996,hamilton_05
21,1,-0.1,0.4239234449760766,hamilton_05
22,2,-0.1,0.543010752688172,hamilton_05
23,3,-0.1,0.5513888888888889,hamilton_05
24,4,-0.1,0.5409223099293726,hamilton_05
25,0,-0.0,0.7194163860830527,hamilton_05
26,1,-0.0,0.6660069272637308,hamilton_05
27,2,-0.0,0.6530665280665281,hamilton_05
28,3,-0.0,0.6223479490806223,hamilton_05
29,4,-0.0,0.7078282828282828,hamilton_05
30,0,0.1,0.864217973807015,hamilton_05
31,1,0.1,0.8258599508599508,hamilton_05
32,2,0.1,0.8391138273491215,hamilton_05
33,3,0.1,0.8,hamilton_05
34,4,0.1,0.8628597814375867,hamilton_05
35,0,0.2,0.8248905565978737,hamilton_05
36,1,0.2,0.7222222222222223,hamilton_05
37,2,0.2,0.6953137936744493,hamilton_05
38,3,0.2,0.7974358974358975,hamilton_05
39,4,0.2,0.7538133508282762,hamilton_05
40,0,0.3,0.7317073170731707,hamilton_05
41,1,0.3,0.7057416267942584,hamilton_05
42,2,0.3,0.6947133283693223,hamilton_05
43,3,0.3,0.7888838406784795,hamilton_05
44,4,0.3,0.6664633216409943,hamilton_05
45,0,0.4,0.7261516654854714,hamilton_05
46,1,0.4,0.6070871722182849,hamilton_05
47,2,0.4,0.7491110795050491,hamilton_05
48,3,0.4,0.6612397311426438,hamilton_05
49,4,0.4,0.6943585211371337,hamilton_05
50,0,0.6,0.5166666666666666,hamilton_05
51,1,0.6,0.5284864507600793,hamilton_05
52,2,0.6,0.5726802070888093,hamilton_05
53,3,0.6,0.6406395736175883,hamilton_05
54,4,0.6,0.5033851055356432,hamilton_05
55,0,0.7,0.6028464017185822,hamilton_05
56,1,0.7,0.5650034176349966,hamilton_05
57,2,0.7,0.5285087719298246,hamilton_05
58,3,0.7,0.5359070153590701,hamilton_05
59,4,0.7,0.5865384615384615,hamilton_05
60,0,0.8,0.5526455026455026,hamilton_05
61,1,0.8,0.5433316035288014,hamilton_05
62,2,0.8,0.5900621118012424,hamilton_05
63,3,0.8,0.6134366925064599,hamilton_05
64,4,0.8,0.5395081109366824,hamilton_05
65,0,1.0,0.45510204081632655,hamilton_05
66,1,1.0,0.5383934218848829,hamilton_05
67,2,1.0,0.49766476388168135,hamilton_05
68,3,1.0,0.5416666666666667,hamilton_05
69,4,1.0,0.6134366925064599,hamilton_05
70,0,1.1,0.6472318117887739,hamilton_05
71,1,1.1,0.6602606291957351,hamilton_05
72,2,1.1,0.5737216828478964,hamilton_05
73,3,1.1,0.5459183673469388,hamilton_05
74,4,1.1,0.5256064690026954,hamilton_05
75,0,1.2,0.5661650233523612,hamilton_05
76,1,1.2,0.6440036539214407,hamilton_05
77,2,1.2,0.5107950872656755,hamilton_05
78,3,1.2,0.5664646464646466,hamilton_05
79,4,1.2,0.48270270270270266,hamilton_05
80,0,1.3,0.5663865546218487,hamilton_05
81,1,1.3,0.4837049742710121,hamilton_05
82,2,1.3,0.4295383782320292,hamilton_05
83,3,1.3,0.49939082171382154,hamilton_05
84,4,1.3,0.5992324561403509,hamilton_05
85,0,0.5,0.6158115608501422,hamilton_05
86,1,0.5,0.48809523809523814,hamilton_05
87,2,0.5,0.595464725643897,hamilton_05
88,3,0.5,0.5861733203505355,hamilton_05
89,4,0.5,0.5759423503325942,hamilton_05
90,0,0.9,0.607843137254902,hamilton_05
91,1,0.9,0.4414068272498892,hamilton_05
92,2,0.9,0.5303225806451612,hamilton_05
93,3,0.9,0.5101692504622387,hamilton_05
94,4,0.9,0.5167159073238998,hamilton_05
95,0,1.4,0.5079079336505079,hamilton_05
96,1,1.4,0.449438202247191,hamilton_05
97,2,1.4,0.515876027830487,hamilton_05
98,3,1.4,0.4933586337760911,hamilton_05
99,4,1.4,0.5055555555555555,hamilton_05
0,0,-0.5,0.6665384615384615,hamilton_17
1,1,-0.5,0.6470588235294118,hamilton_17
2,2,-0.5,0.5096153846153846,hamilton_17
3,3,-0.5,0.60723912206392,hamilton_17
4,4,-0.5,0.6124938514510576,hamilton_17
5,0,-0.4,0.5921945701357466,hamilton_17
6,1,-0.4,0.5912698412698414,hamilton_17
7,2,-0.4,0.5856866537717602,hamilton_17
8,3,-0.4,0.5880769230769232,hamilton_17
9,4,-0.4,0.5483249903735079,hamilton_17
10,0,-0.3,0.6402341168696309,hamilton_17
11,1,-0.3,0.7064969604863223,hamilton_17
12,2,-0.3,0.6113207547169812,hamilton_17
13,3,-0.3,0.6756912997398593,hamilton_17
14,4,-0.3,0.5142857142857142,hamilton_17
15,0,-0.2,0.5530188679245283,hamilton_17
16,1,-0.2,0.6274509803921569,hamilton_17
17,2,-0.2,0.5764365041042975,hamilton_17
18,3,-0.2,0.6470588235294118,hamilton_17
19,4,-0.2,0.6261574074074074,hamilton_17
20,0,-0.1,0.5811028090418993,hamilton_17
21,1,-0.1,0.5785517175754116,hamilton_17
22,2,-0.1,0.5671296296296295,hamilton_17
23,3,-0.1,0.5686274509803921,hamilton_17
24,4,-0.1,0.6528250510551394,hamilton_17
25,0,-0.0,0.7759387118131089,hamilton_17
26,1,-0.0,0.7829501915708812,hamilton_17
27,2,-0.0,0.8348892032060349,hamilton_17
28,3,-0.0,0.7736263736263737,hamilton_17
29,4,-0.0,0.8517872711421097,hamilton_17
30,0,0.1,0.6131479140328698,hamilton_17
31,1,0.1,0.6960492165721427,hamilton_17
32,2,0.1,0.7543115907120146,hamilton_17
33,3,0.1,0.791342843089031,hamilton_17
34,4,0.1,0.6919822921790457,hamilton_17
35,0,0.2,0.6098484848484849,hamilton_17
36,1,0.2,0.6861538461538462,hamilton_17
37,2,0.2,0.6363811542537817,hamilton_17
38,3,0.2,0.6274509803921567,hamilton_17
39,4,0.2,0.7154401154401155,hamilton_17
40,0,0.3,0.6358337314859054,hamilton_17
41,1,0.3,0.6005863993190201,hamilton_17
42,2,0.3,0.6212164073550213,hamilton_17
43,3,0.3,0.5785517175754116,hamilton_17
44,4,0.3,0.5882352941176471,hamilton_17
45,0,0.4,0.5724528301886792,hamilton_17
46,1,0.4,0.6683712121212122,hamilton_17
47,2,0.4,0.6878787878787878,hamilton_17
48,3,0.4,0.7184466019417476,hamilton_17
49,4,0.4,0.7048611111111112,hamilton_17
50,0,0.5,0.6794908062234795,hamilton_17
51,1,0.5,0.7183404054691183,hamilton_17
52,2,0.5,0.6307547169811321,hamilton_17
53,3,0.5,0.6071700991609459,hamilton_17
54,4,0.5,0.6960492165721426,hamilton_17
55,0,0.6,0.6673632218844985,hamilton_17
56,1,0.6,0.7053775743707094,hamilton_17
57,2,0.6,0.698004350704625,hamilton_17
58,3,0.6,0.6207873123760975,hamilton_17
59,4,0.6,0.6568297606459674,hamilton_17
60,0,0.7,0.7279245283018868,hamilton_17
61,1,0.7,0.6791277258566979,hamilton_17
62,2,0.7,0.7222650231124808,hamilton_17
63,3,0.7,0.6989156058462989,hamilton_17
64,4,0.7,0.724537037037037,hamilton_17
65,0,0.8,0.6207873123760974,hamilton_17
66,1,0.8,0.5811028090418993,hamilton_17
67,2,0.8,0.5530188679245283,hamilton_17
68,3,0.8,0.6933640641505809,hamilton_17
69,4,0.8,0.6541702993315897,hamilton_17
70,0,0.9,0.5499620060790273,hamilton_17
71,1,0.9,0.5430000944019635,hamilton_17
72,2,0.9,0.6885865457294029,hamilton_17
73,3,0.9,0.5918867924528303,hamilton_17
74,4,0.9,0.6421052631578947,hamilton_17
75,0,1.0,0.5041064854148967,hamilton_17
76,1,1.0,0.5435172088637436,hamilton_17
77,2,1.0,0.5430000944019635,hamilton_17
78,3,1.0,0.49956709956709955,hamilton_17
79,4,1.0,0.5391713928674421,hamilton_17
80,0,1.1,0.5818937033890303,hamilton_17
81,1,1.1,0.4756787330316742,hamilton_17
82,2,1.1,0.5811028090418993,hamilton_17
83,3,1.1,0.5096153846153846,hamilton_17
84,4,1.1,0.5058823529411764,hamilton_17
85,0,1.2,0.5708333333333333,hamilton_17
86,1,1.2,0.6005863993190201,hamilton_17
87,2,1.2,0.5629420084865628,hamilton_17
88,3,1.2,0.5684615384615385,hamilton_17
89,4,1.2,0.5625730994152046,hamilton_17
90,0,1.3,0.5823668081093824,hamilton_17
91,1,1.3,0.6469230769230769,hamilton_17
92,2,1.3,0.5980005767567048,hamilton_17
93,3,1.3,0.588076923076923,hamilton_17
94,4,1.3,0.5671296296296298,hamilton_17
95,0,1.4,0.6363811542537817,hamilton_17
96,1,1.4,0.6273076923076923,hamilton_17
97,2,1.4,0.48524844720496896,hamilton_17
98,3,1.4,0.6238354037267081,hamilton_17
99,4,1.4,0.6634316770186336,hamilton_17
0,0,-0.5,0.6500346500346501,hamilton_18
1,1,-0.5,0.5735886107020127,hamilton_18
2,2,-0.5,0.6721101819970488,hamilton_18
3,3,-0.5,0.6132547864506628,hamilton_18
4,4,-0.5,0.5993589743589743,hamilton_18
5,0,-0.4,0.7476261869065468,hamilton_18
6,1,-0.4,0.6138613861386139,hamilton_18
7,2,-0.4,0.6529209621993126,hamilton_18
8,3,-0.4,0.5808300395256917,hamilton_18
9,4,-0.4,0.6394230769230769,hamilton_18
10,0,-0.3,0.7128712871287128,hamilton_18
11,1,-0.3,0.6466766616691654,hamilton_18
12,2,-0.3,0.6760224538893345,hamilton_18
13,3,-0.3,0.6020488573680064,hamilton_18
14,4,-0.3,0.629666700030027,hamilton_18
15,0,-0.2,0.5821513002364066,hamilton_18
16,1,-0.2,0.6132547864506627,hamilton_18
17,2,-0.2,0.6335196626458762,hamilton_18
18,3,-0.2,0.6606719367588932,hamilton_18
19,4,-0.2,0.6290726817042607,hamilton_18
20,0,-0.1,0.7118544023610427,hamilton_18
21,1,-0.1,0.6731391585760518,hamilton_18
22,2,-0.1,0.6668665667166417,hamilton_18
23,3,-0.1,0.7721878984014907,hamilton_18
24,4,-0.1,0.6998799519807923,hamilton_18
25,0,-0.0,0.9404481132075473,hamilton_18
26,1,-0.0,0.9404481132075472,hamilton_18
27,2,-0.0,0.9504756300872805,hamilton_18
28,3,-0.0,0.9105755041810133,hamilton_18
29,4,-0.0,0.9099189270343309,hamilton_18
30,0,0.1,0.9204097714736013,hamilton_18
31,1,0.1,0.9305841924398626,hamilton_18
32,2,0.1,0.9388619854721549,hamilton_18
33,3,0.1,0.8306204991614876,hamilton_18
34,4,0.1,0.907321594068582,hamilton_18
35,0,0.2,0.7920792079207921,hamilton_18
36,1,0.2,0.8118073943316662,hamilton_18
37,2,0.2,0.8610455974842768,hamilton_18
38,3,0.2,0.8485757121439281,hamilton_18
39,4,0.2,0.84998499849985,hamilton_18
40,0,0.3,0.7523781504364029,hamilton_18
41,1,0.3,0.693069306930693,hamilton_18
42,2,0.3,0.7029411764705882,hamilton_18
43,3,0.3,0.7509124987668936,hamilton_18
44,4,0.3,0.6862030569895738,hamilton_18
45,0,0.4,0.7326732673267325,hamilton_18
46,1,0.4,0.7214342001576044,hamilton_18
47,2,0.4,0.7425490196078433,hamilton_18
48,3,0.4,0.7027080062794349,hamilton_18
49,4,0.4,0.60996099609961,hamilton_18
50,0,0.5,0.6617415287628052,hamilton_18
51,1,0.5,0.6529209621993127,hamilton_18
52,2,0.5,0.5808300395256917,hamilton_18
53,3,0.5,0.7225274725274724,hamilton_18
54,4,0.5,0.6697027324592133,hamilton_18
55,0,0.6,0.6731391585760518,hamilton_18
56,1,0.6,0.7124202258222876,hamilton_18
57,2,0.6,0.6512774982736511,hamilton_18
58,3,0.6,0.6727540500736378,hamilton_18
59,4,0.6,0.6956168831168831,hamilton_18
60,0,0.7,0.7128712871287128,hamilton_18
61,1,0.7,0.6418439716312057,hamilton_18
62,2,0.7,0.7029411764705883,hamilton_18
63,3,0.7,0.6633333333333333,hamilton_18
64,4,0.7,0.6457131288591962,hamilton_18
65,0,0.8,0.6432496075353218,hamilton_18
66,1,0.8,0.5837912087912087,hamilton_18
67,2,0.8,0.5934216985763379,hamilton_18
68,3,0.8,0.611423498076354,hamilton_18
69,4,0.8,0.5192307692307692,hamilton_18
70,0,0.9,0.5841176470588236,hamilton_18
71,1,0.9,0.540909090909091,hamilton_18
72,2,0.9,0.57004257004257,hamilton_18
73,3,0.9,0.5681614795664711,hamilton_18
74,4,0.9,0.5598239295718287,hamilton_18
75,0,1.0,0.6432496075353218,hamilton_18
76,1,1.0,0.49326119035907523,hamilton_18
77,2,1.0,0.4850980392156863,hamilton_18
78,3,1.0,0.5131333005410723,hamilton_18
79,4,1.0,0.4781212364512244,hamilton_18
80,0,1.1,0.57004257004257,hamilton_18
81,1,1.1,0.6039215686274509,hamilton_18
82,2,1.1,0.6534653465346534,hamilton_18
83,3,1.1,0.6485035298796857,hamilton_18
84,4,1.1,0.5784825371336813,hamilton_18
85,0,1.2,0.6330878743249877,hamilton_18
86,1,1.2,0.5860655737704917,hamilton_18
87,2,1.2,0.5516545601291364,hamilton_18
88,3,1.2,0.6721101819970488,hamilton_18
89,4,1.2,0.64,hamilton_18
90,0,1.3,0.6435294117647059,hamilton_18
91,1,1.3,0.6529209621993126,hamilton_18
92,2,1.3,0.5528775209050664,hamilton_18
93,3,1.3,0.57004257004257,hamilton_18
94,4,1.3,0.5974235104669887,hamilton_18
95,0,1.4,0.6929489065411396,hamilton_18
96,1,1.4,0.6828885400313971,hamilton_18
97,2,1.4,0.6029874213836478,hamilton_18
98,3,1.4,0.6234301412872841,hamilton_18
99,4,1.4,0.6198479391756703,hamilton_18
0,0,-0.5,1.0,hamilton_23
1,1,-0.5,1.0,hamilton_23
2,2,-0.5,1.0,hamilton_23
3,3,-0.5,1.0,hamilton_23
4,4,-0.5,1.0,hamilton_23
5,0,-0.4,1.0,hamilton_23
6,1,-0.4,1.0,hamilton_23
7,2,-0.4,1.0,hamilton_23
8,3,-0.4,1.0,hamilton_23
9,4,-0.4,1.0,hamilton_23
10,0,-0.3,1.0,hamilton_23
11,1,-0.3,1.0,hamilton_23
12,2,-0.3,1.0,hamilton_23
13,3,-0.3,1.0,hamilton_23
14,4,-0.3,1.0,hamilton_23
15,0,-0.2,1.0,hamilton_23
16,1,-0.2,1.0,hamilton_23
17,2,-0.2,1.0,hamilton_23
18,3,-0.2,1.0,hamilton_23
19,4,-0.2,1.0,hamilton_23
20,0,-0.1,1.0,hamilton_23
21,1,-0.1,1.0,hamilton_23
22,2,-0.1,1.0,hamilton_23
23,3,-0.1,1.0,hamilton_23
24,4,-0.1,1.0,hamilton_23
25,0,-0.0,1.0,hamilton_23
26,1,-0.0,1.0,hamilton_23
27,2,-0.0,1.0,hamilton_23
28,3,-0.0,1.0,hamilton_23
29,4,-0.0,1.0,hamilton_23
30,0,0.1,1.0,hamilton_23
31,1,0.1,1.0,hamilton_23
32,2,0.1,1.0,hamilton_23
33,3,0.1,1.0,hamilton_23
34,4,0.1,1.0,hamilton_23
35,0,0.2,1.0,hamilton_23
36,1,0.2,1.0,hamilton_23
37,2,0.2,1.0,hamilton_23
38,3,0.2,1.0,hamilton_23
39,4,0.2,1.0,hamilton_23
40,0,0.3,1.0,hamilton_23
41,1,0.3,1.0,hamilton_23
42,2,0.3,1.0,hamilton_23
43,3,0.3,1.0,hamilton_23
44,4,0.3,1.0,hamilton_23
45,0,0.4,1.0,hamilton_23
46,1,0.4,1.0,hamilton_23
47,2,0.4,1.0,hamilton_23
48,3,0.4,1.0,hamilton_23
49,4,0.4,1.0,hamilton_23
50,0,0.5,1.0,hamilton_23
51,1,0.5,1.0,hamilton_23
52,2,0.5,1.0,hamilton_23
53,3,0.5,1.0,hamilton_23
54,4,0.5,1.0,hamilton_23
55,0,0.6,1.0,hamilton_23
56,1,0.6,1.0,hamilton_23
57,2,0.6,1.0,hamilton_23
58,3,0.6,1.0,hamilton_23
59,4,0.6,1.0,hamilton_23
60,0,0.7,1.0,hamilton_23
61,1,0.7,1.0,hamilton_23
62,2,0.7,1.0,hamilton_23
63,3,0.7,1.0,hamilton_23
64,4,0.7,1.0,hamilton_23
65,0,0.8,1.0,hamilton_23
66,1,0.8,1.0,hamilton_23
67,2,0.8,1.0,hamilton_23
68,3,0.8,1.0,hamilton_23
69,4,0.8,1.0,hamilton_23
70,0,0.9,1.0,hamilton_23
71,1,0.9,1.0,hamilton_23
72,2,0.9,1.0,hamilton_23
73,3,0.9,1.0,hamilton_23
74,4,0.9,1.0,hamilton_23
75,0,1.0,1.0,hamilton_23
76,1,1.0,1.0,hamilton_23
77,2,1.0,1.0,hamilton_23
78,3,1.0,1.0,hamilton_23
79,4,1.0,1.0,hamilton_23
80,0,1.1,1.0,hamilton_23
81,1,1.1,1.0,hamilton_23
82,2,1.1,1.0,hamilton_23
83,3,1.1,1.0,hamilton_23
84,4,1.1,1.0,hamilton_23
85,0,1.2,1.0,hamilton_23
86,1,1.2,1.0,hamilton_23
87,2,1.2,1.0,hamilton_23
88,3,1.2,1.0,hamilton_23
89,4,1.2,1.0,hamilton_23
90,0,1.3,1.0,hamilton_23
91,1,1.3,1.0,hamilton_23
92,2,1.3,1.0,hamilton_23
93,3,1.3,1.0,hamilton_23
94,4,1.3,1.0,hamilton_23
95,0,1.4,1.0,hamilton_23
96,1,1.4,1.0,hamilton_23
97,2,1.4,1.0,hamilton_23
98,3,1.4,1.0,hamilton_23
99,4,1.4,1.0,hamilton_23
0,0,-0.5,0.5446428571428571,hamilton_07
1,1,-0.5,0.6665384615384615,hamilton_07
2,2,-0.5,0.5751235106073815,hamilton_07
3,3,-0.5,0.7057692307692307,hamilton_07
4,4,-0.5,0.6568297606459674,hamilton_07
5,0,-0.4,0.7058823529411765,hamilton_07
6,1,-0.4,0.6470588235294118,hamilton_07
7,2,-0.4,0.6958152958152959,hamilton_07
8,3,-0.4,0.5490196078431372,hamilton_07
9,4,-0.4,0.6946402704007725,hamilton_07
10,0,-0.3,0.6861538461538461,hamilton_07
11,1,-0.3,0.8001567398119123,hamilton_07
12,2,-0.3,0.7520178936108141,hamilton_07
13,3,-0.3,0.6665384615384615,hamilton_07
14,4,-0.3,0.6749396426846934,hamilton_07
15,0,-0.2,0.685791297651136,hamilton_07
16,1,-0.2,0.6665384615384615,hamilton_07
17,2,-0.2,0.6076923076923078,hamilton_07
18,3,-0.2,0.5882352941176471,hamilton_07
19,4,-0.2,0.7156589445352304,hamilton_07
20,0,-0.1,0.7449999999999999,hamilton_07
21,1,-0.1,0.7134553908747456,hamilton_07
22,2,-0.1,0.7537421535490102,hamilton_07
23,3,-0.1,0.6552390149686143,hamilton_07
24,4,-0.1,0.5751235106073815,hamilton_07
25,0,-0.0,0.8918970999132865,hamilton_07
26,1,-0.0,0.9215686274509803,hamilton_07
27,2,-0.0,0.9018097805159799,hamilton_07
28,3,-0.0,0.892063492063492,hamilton_07
29,4,-0.0,0.8715489683231619,hamilton_07
30,0,0.1,0.941085868309588,hamilton_07
31,1,0.1,0.9607692307692308,hamilton_07
32,2,0.1,0.941085868309588,hamilton_07
33,3,0.1,0.960723912206392,hamilton_07
34,4,0.1,0.9498968464485706,hamilton_07
35,0,0.2,0.909814323607427,hamilton_07
36,1,0.2,0.8807017543859649,hamilton_07
37,2,0.2,0.83293188168417,hamilton_07
38,3,0.2,0.8724386724386723,hamilton_07
39,4,0.2,0.9212962962962963,hamilton_07
40,0,0.3,0.7548784004614053,hamilton_07
41,1,0.3,0.7925021795989539,hamilton_07
42,2,0.3,0.730923302393747,hamilton_07
43,3,0.3,0.8333173123137556,hamilton_07
44,4,0.3,0.8132768089411311,hamilton_07
45,0,0.4,0.6568297606459674,hamilton_07
46,1,0.4,0.7143408981168518,hamilton_07
47,2,0.4,0.6565656565656566,hamilton_07
48,3,0.4,0.715001445225937,hamilton_07
49,4,0.4,0.6469230769230769,hamilton_07
50,0,0.5,0.745,hamilton_07
51,1,0.5,0.6565656565656566,hamilton_07
52,2,0.5,0.6749396426846934,hamilton_07
53,3,0.5,0.6925021880774094,hamilton_07
54,4,0.5,0.6646034816247581,hamilton_07
55,0,0.6,0.725067385444744,hamilton_07
56,1,0.6,0.6167260815107429,hamilton_07
57,2,0.6,0.5264990328820116,hamilton_07
58,3,0.6,0.7057692307692307,hamilton_07
59,4,0.6,0.6158377595364557,hamilton_07
60,0,0.7,0.7447054293415478,hamilton_07
61,1,0.7,0.5783908487936172,hamilton_07
62,2,0.7,0.7154401154401155,hamilton_07
63,3,0.7,0.6363811542537816,hamilton_07
64,4,0.7,0.5780663780663782,hamilton_07
65,0,0.8,0.6666666666666667,hamilton_07
66,1,0.8,0.5961371318203765,hamilton_07
67,2,0.8,0.5483249903735079,hamilton_07
68,3,0.8,0.588076923076923,hamilton_07
69,4,0.8,0.6470588235294118,hamilton_07
70,0,0.9,0.5783908487936171,hamilton_07
71,1,0.9,0.6666666666666666,hamilton_07
72,2,0.9,0.63722003268288,hamilton_07
73,3,0.9,0.6861538461538461,hamilton_07
74,4,0.9,0.5584415584415585,hamilton_07
75,0,1.0,0.5751235106073815,hamilton_07
76,1,1.0,0.6469230769230769,hamilton_07
77,2,1.0,0.6355383872525351,hamilton_07
78,3,1.0,0.5587811208305296,hamilton_07
79,4,1.0,0.537035248672139,hamilton_07
80,0,1.1,0.6665384615384615,hamilton_07
81,1,1.1,0.60723912206392,hamilton_07
82,2,1.1,0.6273076923076923,hamilton_07
83,3,1.1,0.6273076923076923,hamilton_07
84,4,1.1,0.6363811542537816,hamilton_07
85,0,1.2,0.6158377595364559,hamilton_07
86,1,1.2,0.5876010781671159,hamilton_07
87,2,1.2,0.5751235106073815,hamilton_07
88,3,1.2,0.5584415584415584,hamilton_07
89,4,1.2,0.5316072300928187,hamilton_07
90,0,1.3,0.623835403726708,hamilton_07
91,1,1.3,0.6764394886090551,hamilton_07
92,2,1.3,0.5933093455217349,hamilton_07
93,3,1.3,0.597071008767704,hamilton_07
94,4,1.3,0.6372200326828799,hamilton_07
95,0,1.4,0.5714704445530043,hamilton_07
96,1,1.4,0.6154761904761905,hamilton_07
97,2,1.4,0.6861538461538461,hamilton_07
98,3,1.4,0.6372200326828799,hamilton_07
99,4,1.4,0.5933093455217349,hamilton_07
0,0,-0.5,0.7435203094777564,hamilton_08
1,1,-0.5,0.7829787234042553,hamilton_08
2,2,-0.5,0.7632495164410058,hamilton_08
3,3,-0.5,0.8081959020489755,hamilton_08
4,4,-0.5,0.8314187530682376,hamilton_08
5,0,-0.4,0.8421663442940038,hamilton_08
6,1,-0.4,0.8070297719804839,hamilton_08
7,2,-0.4,0.8210526315789474,hamilton_08
8,3,-0.4,0.811881188118812,hamilton_08
9,4,-0.4,0.8118073943316662,hamilton_08
10,0,-0.3,0.8036195610319599,hamilton_08
11,1,-0.3,0.9313659521291935,hamilton_08
12,2,-0.3,0.8529270402768432,hamilton_08
13,3,-0.3,0.8808962264150944,hamilton_08
14,4,-0.3,0.8613725490196078,hamilton_08
15,0,-0.2,0.8592826172644856,hamilton_08
16,1,-0.2,0.8903761602344895,hamilton_08
17,2,-0.2,0.9013539651837523,hamilton_08
18,3,-0.2,0.9392542101042501,hamilton_08
19,4,-0.2,0.8712871287128713,hamilton_08
20,0,-0.1,0.919047619047619,hamilton_08
21,1,-0.1,0.8823529411764706,hamilton_08
22,2,-0.1,0.8430769230769231,hamilton_08
23,3,-0.1,0.8485757121439281,hamilton_08
24,4,-0.1,0.8808962264150944,hamilton_08
25,0,-0.0,0.9900807157444326,hamilton_08
26,1,-0.0,0.9901724636284807,hamilton_08
27,2,-0.0,1.0,hamilton_08
28,3,-0.0,0.9900951260174561,hamilton_08
29,4,-0.0,0.9896058454255428,hamilton_08
30,0,0.1,0.960723912206392,hamilton_08
31,1,0.1,0.9901724636284807,hamilton_08
32,2,0.1,0.9803846153846154,hamilton_08
33,3,0.1,0.9702853780523684,hamilton_08
34,4,0.1,0.9801493710691824,hamilton_08
35,0,0.2,0.9116883116883117,hamilton_08
36,1,0.2,0.9802018633540373,hamilton_08
37,2,0.2,0.9308340598663178,hamilton_08
38,3,0.2,0.9297007059759372,hamilton_08
39,4,0.2,0.9108561341571051,hamilton_08
40,0,0.3,0.8908878731887582,hamilton_08
41,1,0.3,0.8522452921294061,hamilton_08
42,2,0.3,0.8916465475615645,hamilton_08
43,3,0.3,0.9306658821221928,hamilton_08
44,4,0.3,0.8900108900108901,hamilton_08
45,0,0.4,0.8821717366191759,hamilton_08
46,1,0.4,0.8821717366191759,hamilton_08
47,2,0.4,0.8234615384615385,hamilton_08
48,3,0.4,0.8514268902618418,hamilton_08
49,4,0.4,0.8909180166912125,hamilton_08
50,0,0.5,0.8430769230769231,hamilton_08
51,1,0.5,0.8819444444444444,hamilton_08
52,2,0.5,0.9019607843137256,hamilton_08
53,3,0.5,0.8612637362637363,hamilton_08
54,4,0.5,0.9009026687598116,hamilton_08
55,0,0.6,0.8218167701863355,hamilton_08
56,1,0.6,0.7537421535490101,hamilton_08
57,2,0.6,0.793939393939394,hamilton_08
58,3,0.6,0.8811764705882352,hamilton_08
59,4,0.6,0.7322533136966127,hamilton_08
60,0,0.7,0.823257604928764,hamilton_08
61,1,0.7,0.7960815673730508,hamilton_08
62,2,0.7,0.7812865497076023,hamilton_08
63,3,0.7,0.8203557312252965,hamilton_08
64,4,0.7,0.7309854986682449,hamilton_08
65,0,0.8,0.7624223602484472,hamilton_08
66,1,0.8,0.7718564621219488,hamilton_08
67,2,0.8,0.8011695906432748,hamilton_08
68,3,0.8,0.7124202258222877,hamilton_08
69,4,0.8,0.782156862745098,hamilton_08
70,0,0.9,0.7156589445352302,hamilton_08
71,1,0.9,0.6560362269968205,hamilton_08
72,2,0.9,0.6958152958152959,hamilton_08
73,3,0.9,0.6323659616330546,hamilton_08
74,4,0.9,0.7214342001576044,hamilton_08
75,0,1.0,0.7543115907120146,hamilton_08
76,1,1.0,0.6958152958152959,hamilton_08
77,2,1.0,0.7744881284244929,hamilton_08
78,3,1.0,0.6793650793650794,hamilton_08
79,4,1.0,0.7617924528301887,hamilton_08
80,0,1.1,0.7632495164410058,hamilton_08
81,1,1.1,0.7075630252100841,hamilton_08
82,2,1.1,0.8525869544272088,hamilton_08
83,3,1.1,0.7612293144208038,hamilton_08
84,4,1.1,0.7612293144208038,hamilton_08
85,0,1.2,0.7727404824179018,hamilton_08
86,1,1.2,0.7040618955512573,hamilton_08
87,2,1.2,0.6764394886090551,hamilton_08
88,3,1.2,0.8106934990628392,hamilton_08
89,4,1.2,0.7554479418886199,hamilton_08
90,0,1.3,0.764343473238352,hamilton_08
91,1,1.3,0.8725367682399308,hamilton_08
92,2,1.3,0.7040618955512572,hamilton_08
93,3,1.3,0.8115856651939126,hamilton_08
94,4,1.3,0.7804347826086956,hamilton_08
95,0,1.4,0.8038461538461539,hamilton_08
96,1,1.4,0.7895667550839964,hamilton_08
97,2,1.4,0.734906037584966,hamilton_08
98,3,1.4,0.7917525773195875,hamilton_08
99,4,1.4,0.8018053375196232,hamilton_08
0,0,-0.5,0.8310870634530251,hamilton_19
1,1,-0.5,0.7722772277227722,hamilton_19
2,2,-0.5,0.8693598633303186,hamilton_19
3,3,-0.5,0.8291628982011858,hamilton_19
4,4,-0.5,0.879951980792317,hamilton_19
5,0,-0.4,0.8203557312252965,hamilton_19
6,1,-0.4,0.7917525773195875,hamilton_19
7,2,-0.4,0.7777777777777777,hamilton_19
8,3,-0.4,0.8076728413807066,hamilton_19
9,4,-0.4,0.8696741854636592,hamilton_19
10,0,-0.3,0.8704744993587846,hamilton_19
11,1,-0.3,0.8514268902618418,hamilton_19
12,2,-0.3,0.8698828946051447,hamilton_19
13,3,-0.3,0.898000815993472,hamilton_19
14,4,-0.3,0.9299369432489241,hamilton_19
15,0,-0.2,0.8213443396226416,hamilton_19
16,1,-0.2,0.8806146572104019,hamilton_19
17,2,-0.2,0.7882851093860268,hamilton_19
18,3,-0.2,0.86,hamilton_19
19,4,-0.2,0.86998699869987,hamilton_19
20,0,-0.1,0.8904014994574331,hamilton_19
21,1,-0.1,0.8791866028708134,hamilton_19
22,2,-0.1,0.8492613807657523,hamilton_19
23,3,-0.1,0.868407733576273,hamilton_19
24,4,-0.1,0.9194847020933977,hamilton_19
25,0,-0.0,0.9603610675039247,hamilton_19
26,1,-0.0,0.9603610675039247,hamilton_19
27,2,-0.0,0.9798711755233495,hamilton_19
28,3,-0.0,0.9699248120300752,hamilton_19
29,4,-0.0,0.9299929992999301,hamilton_19
30,0,0.1,0.9798644338118022,hamilton_19
31,1,0.1,0.9701094998520272,hamilton_19
32,2,0.1,1.0,hamilton_19
33,3,0.1,0.9899507587177169,hamilton_19
34,4,0.1,0.9799277398635087,hamilton_19
35,0,0.2,0.9395933014354066,hamilton_19
36,1,0.2,0.9800395256916996,hamilton_19
37,2,0.2,0.9095568284594513,hamilton_19
38,3,0.2,0.9184006527947777,hamilton_19
39,4,0.2,0.9095568284594513,hamilton_19
40,0,0.3,0.8216248037676609,hamilton_19
41,1,0.3,0.8415686274509804,hamilton_19
42,2,0.3,0.8299829982998299,hamilton_19
43,3,0.3,0.8699869986998701,hamilton_19
44,4,0.3,0.7992773986350864,hamilton_19
45,0,0.4,0.7880059970014992,hamilton_19
46,1,0.4,0.8213443396226416,hamilton_19
47,2,0.4,0.8099809980998101,hamilton_19
48,3,0.4,0.8188405797101448,hamilton_19
49,4,0.4,0.8095238095238095,hamilton_19
50,0,0.5,0.7322533136966126,hamilton_19
51,1,0.5,0.81877990430622,hamilton_19
52,2,0.5,0.8465473145780051,hamilton_19
53,3,0.5,0.8298468621759585,hamilton_19
54,4,0.5,0.8799999999999999,hamilton_19
55,0,0.6,0.7722772277227722,hamilton_19
56,1,0.6,0.7326732673267328,hamilton_19
57,2,0.6,0.7181964573268921,hamilton_19
58,3,0.6,0.696969696969697,hamilton_19
59,4,0.6,0.7497747973175858,hamilton_19
60,0,0.7,0.7835935108662382,hamilton_19
61,1,0.7,0.8512518409425626,hamilton_19
62,2,0.7,0.7992773986350863,hamilton_19
63,3,0.7,0.7999199679871949,hamilton_19
64,4,0.7,0.8291628982011858,hamilton_19
65,0,0.8,0.739484126984127,hamilton_19
66,1,0.8,0.7405138339920947,hamilton_19
67,2,0.8,0.6995192307692308,hamilton_19
68,3,0.8,0.72997299729973,hamilton_19
69,4,0.8,0.6788438378161381,hamilton_19
70,0,0.9,0.6851684263448969,hamilton_19
71,1,0.9,0.6831372549019608,hamilton_19
72,2,0.9,0.6998799519807923,hamilton_19
73,3,0.9,0.5985547972701727,hamilton_19
74,4,0.9,0.7999199679871949,hamilton_19
75,0,1.0,0.5831367924528301,hamilton_19
76,1,1.0,0.6925871379479627,hamilton_19
77,2,1.0,0.6666666666666667,hamilton_19
78,3,1.0,0.6980676328502415,hamilton_19
79,4,1.0,0.6299629962996299,hamilton_19
80,0,1.1,0.7917525773195877,hamilton_19
81,1,1.1,0.7821568627450981,hamilton_19
82,2,1.1,0.7099709970997099,hamilton_19
83,3,1.1,0.5953937130407719,hamilton_19
84,4,1.1,0.7497747973175859,hamilton_19
85,0,1.2,0.6625393081761006,hamilton_19
86,1,1.2,0.6831372549019608,hamilton_19
87,2,1.2,0.74,hamilton_19
88,3,1.2,0.7398959583833533,hamilton_19
89,4,1.2,0.64996499649965,hamilton_19
90,0,1.3,0.8414442700156985,hamilton_19
91,1,1.3,0.7621664050235479,hamilton_19
92,2,1.3,0.6846709388668497,hamilton_19
93,3,1.3,0.7144022847817217,hamilton_19
94,4,1.3,0.76,hamilton_19
95,0,1.4,0.7804347826086957,hamilton_19
96,1,1.4,0.7443555735547229,hamilton_19
97,2,1.4,0.7799119647859143,hamilton_19
98,3,1.4,0.7889659330720531,hamilton_19
99,4,1.4,0.7499749974997499,hamilton_19
0,0,-0.5,0.8333173123137556,hamilton_20
1,1,-0.5,0.8224371373307544,hamilton_20
2,2,-0.5,0.7801724137931034,hamilton_20
3,3,-0.5,0.811214953271028,hamilton_20
4,4,-0.5,0.8607171000788022,hamilton_20
5,0,-0.4,0.813707584350668,hamilton_20
6,1,-0.4,0.7842307692307692,hamilton_20
7,2,-0.4,0.8234615384615385,hamilton_20
8,3,-0.4,0.8010244286840031,hamilton_20
9,4,-0.4,0.811214953271028,hamilton_20
10,0,-0.3,0.8517872711421097,hamilton_20
11,1,-0.3,0.8425925925925926,hamilton_20
12,2,-0.3,0.8122638767800058,hamilton_20
13,3,-0.3,0.8196428571428571,hamilton_20
14,4,-0.3,0.8106934990628392,hamilton_20
15,0,-0.2,0.8234615384615385,hamilton_20
16,1,-0.2,0.8425925925925926,hamilton_20
17,2,-0.2,0.8224371373307543,hamilton_20
18,3,-0.2,0.8712366382269294,hamilton_20
19,4,-0.2,0.7919976463665783,hamilton_20
20,0,-0.1,0.7537421535490102,hamilton_20
21,1,-0.1,0.8331890331890333,hamilton_20
22,2,-0.1,0.8514851485148515,hamilton_20
23,3,-0.1,0.8112149532710281,hamilton_20
24,4,-0.1,0.841194968553459,hamilton_20
25,0,-0.0,0.8913106655042139,hamilton_20
26,1,-0.0,0.882171736619176,hamilton_20
27,2,-0.0,0.8819444444444444,hamilton_20
28,3,-0.0,0.9503197245450073,hamilton_20
29,4,-0.0,0.9207221350078493,hamilton_20
30,0,0.1,0.9113471752776436,hamilton_20
31,1,0.1,0.9504035787221627,hamilton_20
32,2,0.1,0.9215384615384614,hamilton_20
33,3,0.1,0.9398809523809524,hamilton_20
34,4,0.1,0.8610455974842767,hamilton_20
35,0,0.2,0.9411764705882353,hamilton_20
36,1,0.2,0.921447824412784,hamilton_20
37,2,0.2,0.9406055900621118,hamilton_20
38,3,0.2,0.9207221350078493,hamilton_20
39,4,0.2,0.9404481132075472,hamilton_20
40,0,0.3,0.8224371373307543,hamilton_20
41,1,0.3,0.8416149068322981,hamilton_20
42,2,0.3,0.8229166666666666,hamilton_20
43,3,0.3,0.8607171000788022,hamilton_20
44,4,0.3,0.9005122143420015,hamilton_20
45,0,0.4,0.8001567398119123,hamilton_20
46,1,0.4,0.8476550831424874,hamilton_20
47,2,0.4,0.892063492063492,hamilton_20
48,3,0.4,0.8612637362637363,hamilton_20
49,4,0.4,0.7719194894452626,hamilton_20
50,0,0.5,0.7940978563875805,hamilton_20
51,1,0.5,0.8908878731887582,hamilton_20
52,2,0.5,0.9110723626852659,hamilton_20
53,3,0.5,0.9009803921568629,hamilton_20
54,4,0.5,0.8415686274509804,hamilton_20
55,0,0.6,0.8622685185185185,hamilton_20
56,1,0.6,0.78222049689441,hamilton_20
57,2,0.6,0.8622685185185185,hamilton_20
58,3,0.6,0.8704744993587846,hamilton_20
59,4,0.6,0.8710849288168876,hamilton_20
60,0,0.7,0.7346565179689759,hamilton_20
61,1,0.7,0.6764394886090551,hamilton_20
62,2,0.7,0.7057692307692307,hamilton_20
63,3,0.7,0.73002673002673,hamilton_20
64,4,0.7,0.7194444444444444,hamilton_20
65,0,0.8,0.7253846153846153,hamilton_20
66,1,0.8,0.7228260869565217,hamilton_20
67,2,0.8,0.6946402704007725,hamilton_20
68,3,0.8,0.7621664050235478,hamilton_20
69,4,0.8,0.6207509881422926,hamilton_20
70,0,0.9,0.6665384615384615,hamilton_20
71,1,0.9,0.6739319965126416,hamilton_20
72,2,0.9,0.626877165960724,hamilton_20
73,3,0.9,0.6823899371069183,hamilton_20
74,4,0.9,0.6828885400313971,hamilton_20
75,0,1.0,0.6862745098039216,hamilton_20
76,1,1.0,0.6470588235294117,hamilton_20
77,2,1.0,0.6634316770186336,hamilton_20
78,3,1.0,0.6512774982736511,hamilton_20
79,4,1.0,0.5659170414792605,hamilton_20
80,0,1.1,0.752017893610814,hamilton_20
81,1,1.1,0.7548784004614053,hamilton_20
82,2,1.1,0.7340415258329309,hamilton_20
83,3,1.1,0.6925871379479627,hamilton_20
84,4,1.1,0.623430141287284,hamilton_20
85,0,1.2,0.7529787852368497,hamilton_20
86,1,1.2,0.745,hamilton_20
87,2,1.2,0.7058823529411765,hamilton_20
88,3,1.2,0.7257918552036199,hamilton_20
89,4,1.2,0.7523781504364029,hamilton_20
90,0,1.3,0.7916950306330837,hamilton_20
91,1,1.3,0.8722420271702476,hamilton_20
92,2,1.3,0.7617924528301887,hamilton_20
93,3,1.3,0.8118073943316662,hamilton_20
94,4,1.3,0.7227450980392157,hamilton_20
95,0,1.4,0.7202194357366771,hamilton_20
96,1,1.4,0.7695254936634247,hamilton_20
97,2,1.4,0.7529787852368497,hamilton_20
98,3,1.4,0.7425490196078431,hamilton_20
99,4,1.4,0.8292731430844189,hamilton_20
0,0,-0.5,0.6578947368421053,hamilton_25
1,1,-0.5,0.6574941451990631,hamilton_25
2,2,-0.5,0.6061182669789228,hamilton_25
3,3,-0.5,0.563592481532948,hamilton_25
4,4,-0.5,0.6065789473684211,hamilton_25
5,0,-0.4,0.6307522935779817,hamilton_25
6,1,-0.4,0.5972313777191824,hamilton_25
7,2,-0.4,0.70076726342711,hamilton_25
8,3,-0.4,0.7005046441892782,hamilton_25
9,4,-0.4,0.5811965811965812,hamilton_25
10,0,-0.3,0.5874125874125874,hamilton_25
11,1,-0.3,0.6137454981992797,hamilton_25
12,2,-0.3,0.6232435597189695,hamilton_25
13,3,-0.3,0.6662766035251957,hamilton_25
14,4,-0.3,0.6068088836937463,hamilton_25
15,0,-0.2,0.6266896750071902,hamilton_25
16,1,-0.2,0.640999415546464,hamilton_25
17,2,-0.2,0.6922852133255406,hamilton_25
18,3,-0.2,0.6235690235690236,hamilton_25
19,4,-0.2,0.6904761904761905,hamilton_25
20,0,-0.1,0.5968011632133771,hamilton_25
21,1,-0.1,0.656084656084656,hamilton_25
22,2,-0.1,0.6665692363902083,hamilton_25
23,3,-0.1,0.7691633175009134,hamilton_25
24,4,-0.1,0.6320485628611132,hamilton_25
25,0,-0.0,0.728735632183908,hamilton_25
26,1,-0.0,0.7431206088992974,hamilton_25
27,2,-0.0,0.8112903225806452,hamilton_25
28,3,-0.0,0.7857613711272247,hamilton_25
29,4,-0.0,0.7773711943793911,hamilton_25
30,0,0.1,0.8386934311820995,hamilton_25
31,1,0.1,0.7862623310193644,hamilton_25
32,2,0.1,0.8275353773584906,hamilton_25
33,3,0.1,0.8974284044418469,hamilton_25
34,4,0.1,0.8547008547008546,hamilton_25
35,0,0.2,0.9059624719263928,hamilton_25
36,1,0.2,0.8546583850931677,hamilton_25
37,2,0.2,0.8631578947368421,hamilton_25
38,3,0.2,0.9144736842105263,hamilton_25
39,4,0.2,0.896825396825397,hamilton_25
40,0,0.3,0.771170006464124,hamilton_25
41,1,0.3,0.7692307692307694,hamilton_25
42,2,0.3,0.7776315789473685,hamilton_25
43,3,0.3,0.7576923076923077,hamilton_25
44,4,0.3,0.7840531561461793,hamilton_25
45,0,0.4,0.6002882882882883,hamilton_25
46,1,0.4,0.7057692307692307,hamilton_25
47,2,0.4,0.7172050098879367,hamilton_25
48,3,0.4,0.8029004614370467,hamilton_25
49,4,0.4,0.7178662769455608,hamilton_25
50,0,0.5,0.67713133640553,hamilton_25
51,1,0.5,0.6254745775329413,hamilton_25
52,2,0.5,0.6320485628611132,hamilton_25
53,3,0.5,0.7007672634271099,hamilton_25
54,4,0.5,0.6642137022591803,hamilton_25
55,0,0.6,0.5677655677655677,hamilton_25
56,1,0.6,0.5264552211347413,hamilton_25
57,2,0.6,0.6642137022591803,hamilton_25
58,3,0.6,0.5889929742388759,hamilton_25
59,4,0.6,0.5726183518410286,hamilton_25
60,0,0.7,0.6014372978799857,hamilton_25
61,1,0.7,0.6665692363902083,hamilton_25
62,2,0.7,0.6403688524590163,hamilton_25
63,3,0.7,0.6125542718375157,hamilton_25
64,4,0.7,0.5204918032786885,hamilton_25
65,0,0.8,0.6183974128638161,hamilton_25
66,1,0.8,0.521332554061952,hamilton_25
67,2,0.8,0.5810741687979539,hamilton_25
68,3,0.8,0.5115359261700725,hamilton_25
69,4,0.8,0.5552631578947368,hamilton_25
70,0,0.9,0.5338648279824751,hamilton_25
71,1,0.9,0.6044973544973545,hamilton_25
72,2,0.9,0.5529100529100528,hamilton_25
73,3,0.9,0.5547423887587821,hamilton_25
74,4,0.9,0.5286750164798946,hamilton_25
75,0,1.0,0.5281715739731008,hamilton_25
76,1,1.0,0.5033665105386417,hamilton_25
77,2,1.0,0.5810741687979539,hamilton_25
78,3,1.0,0.6112956810631229,hamilton_25
79,4,1.0,0.6895636792452831,hamilton_25
80,0,1.1,0.5761494252873564,hamilton_25
81,1,1.1,0.5940199335548173,hamilton_25
82,2,1.1,0.6149345425290719,hamilton_25
83,3,1.1,0.5458141067897166,hamilton_25
84,4,1.1,0.5210526315789474,hamilton_25
85,0,1.2,0.5823159719713935,hamilton_25
86,1,1.2,0.6152721958348557,hamilton_25
87,2,1.2,0.6469938921186253,hamilton_25
88,3,1.2,0.6152721958348557,hamilton_25
89,4,1.2,0.5767441860465117,hamilton_25
90,0,1.3,0.5743145743145743,hamilton_25
91,1,1.3,0.6740469208211144,hamilton_25
92,2,1.3,0.5978205221970306,hamilton_25
93,3,1.3,0.6125542718375157,hamilton_25
94,4,1.3,0.5792293577981651,hamilton_25
95,0,1.4,0.6183974128638161,hamilton_25
96,1,1.4,0.5547423887587821,hamilton_25
97,2,1.4,0.5299145299145298,hamilton_25
98,3,1.4,0.6332835820895522,hamilton_25
99,4,1.4,0.6407894736842106,hamilton_25
0,0,-0.5,0.5154553049289892,hamilton_26
1,1,-0.5,0.5446428571428572,hamilton_26
2,2,-0.5,0.5709437963944857,hamilton_26
3,3,-0.5,0.5416757503088439,hamilton_26
4,4,-0.5,0.5963821368004523,hamilton_26
5,0,-0.4,0.6080883885761934,hamilton_26
6,1,-0.4,0.5378151260504201,hamilton_26
7,2,-0.4,0.6032489182095482,hamilton_26
8,3,-0.4,0.6609686609686609,hamilton_26
9,4,-0.4,0.611221590909091,hamilton_26
10,0,-0.3,0.6414425682718365,hamilton_26
11,1,-0.3,0.5683806272669085,hamilton_26
12,2,-0.3,0.5525998439384265,hamilton_26
13,3,-0.3,0.5790888511601584,hamilton_26
14,4,-0.3,0.5783730158730159,hamilton_26
15,0,-0.2,0.6165601555987774,hamilton_26
16,1,-0.2,0.5423076923076923,hamilton_26
17,2,-0.2,0.5683806272669085,hamilton_26
18,3,-0.2,0.5774147727272727,hamilton_26
19,4,-0.2,0.6795634920634921,hamilton_26
20,0,-0.1,0.541634835752483,hamilton_26
21,1,-0.1,0.5577472841623785,hamilton_26
22,2,-0.1,0.45316366207140335,hamilton_26
23,3,-0.1,0.5747570040022871,hamilton_26
24,4,-0.1,0.5029380530973452,hamilton_26
25,0,-0.0,0.89159891598916,hamilton_26
26,1,-0.0,0.8365975283659752,hamilton_26
27,2,-0.0,0.8904778761061947,hamilton_26
28,3,-0.0,0.8299028016009149,hamilton_26
29,4,-0.0,0.8486433013001695,hamilton_26
30,0,0.1,0.9463963963963964,hamilton_26
31,1,0.1,0.9403508771929825,hamilton_26
32,2,0.1,0.9159604519774012,hamilton_26
33,3,0.1,0.9648345153664303,hamilton_26
34,4,0.1,0.9150345622119815,hamilton_26
35,0,0.2,0.849624060150376,hamilton_26
36,1,0.2,0.7802556818181818,hamilton_26
37,2,0.2,0.8313492063492065,hamilton_26
38,3,0.2,0.7388318584070795,hamilton_26
39,4,0.2,0.822274375933433,hamilton_26
40,0,0.3,0.7385988335324292,hamilton_26
41,1,0.3,0.7388318584070795,hamilton_26
42,2,0.3,0.7707783405864308,hamilton_26
43,3,0.3,0.7638888888888888,hamilton_26
44,4,0.3,0.7638888888888888,hamilton_26
45,0,0.4,0.7916521980693103,hamilton_26
46,1,0.4,0.7438289322617682,hamilton_26
47,2,0.4,0.7730451366815003,hamilton_26
48,3,0.4,0.6938250428816467,hamilton_26
49,4,0.4,0.7474533106960951,hamilton_26
50,0,0.5,0.6996662958843158,hamilton_26
51,1,0.5,0.7477388355002826,hamilton_26
52,2,0.5,0.714104013566987,hamilton_26
53,3,0.5,0.7057992512537967,hamilton_26
54,4,0.5,0.7142655367231638,hamilton_26
55,0,0.6,0.5622895622895623,hamilton_26
56,1,0.6,0.6022331270891118,hamilton_26
57,2,0.6,0.5943181818181817,hamilton_26
58,3,0.6,0.5860869565217391,hamilton_26
59,4,0.6,0.5376845376845378,hamilton_26
60,0,0.7,0.5328142380422691,hamilton_26
61,1,0.7,0.5882352941176472,hamilton_26
62,2,0.7,0.6033333333333334,hamilton_26
63,3,0.7,0.594318181818182,hamilton_26
64,4,0.7,0.6804691916336914,hamilton_26
65,0,0.8,0.5832175604334537,hamilton_26
66,1,0.8,0.5592592592592593,hamilton_26
67,2,0.8,0.666235167206041,hamilton_26
68,3,0.8,0.5709437963944857,hamilton_26
69,4,0.8,0.5366371681415929,hamilton_26
70,0,0.9,0.6332314531814393,hamilton_26
71,1,0.9,0.6464346349745331,hamilton_26
72,2,0.9,0.5627473148671565,hamilton_26
73,3,0.9,0.6049304231122412,hamilton_26
74,4,0.9,0.6131995477671001,hamilton_26
75,0,1.0,0.5333333333333333,hamilton_26
76,1,1.0,0.5357168191813861,hamilton_26
77,2,1.0,0.5840051366198188,hamilton_26
78,3,1.0,0.6165413533834587,hamilton_26
79,4,1.0,0.5622524052065647,hamilton_26
80,0,1.1,0.6414425682718365,hamilton_26
81,1,1.1,0.5963821368004523,hamilton_26
82,2,1.1,0.6022331270891118,hamilton_26
83,3,1.1,0.5774147727272727,hamilton_26
84,4,1.1,0.5798022598870056,hamilton_26
85,0,1.2,0.5914112987283718,hamilton_26
86,1,1.2,0.7214300915088316,hamilton_26
87,2,1.2,0.5931623931623932,hamilton_26
88,3,1.2,0.5357168191813861,hamilton_26
89,4,1.2,0.5959252971137521,hamilton_26
90,0,1.3,0.5893567986591242,hamilton_26
91,1,1.3,0.6134180790960453,hamilton_26
92,2,1.3,0.6050420168067226,hamilton_26
93,3,1.3,0.6040353982300886,hamilton_26
94,4,1.3,0.649119021934556,hamilton_26
95,0,1.4,0.6249739565247587,hamilton_26
96,1,1.4,0.5208730663276118,hamilton_26
97,2,1.4,0.6707810172377101,hamilton_26
98,3,1.4,0.5795647258338044,hamilton_26
99,4,1.4,0.5546218487394957,hamilton_26
0,0,-0.5,0.7664071190211346,hamilton_28
1,1,-0.5,0.7416487256059449,hamilton_28
2,2,-0.5,0.7154017857142858,hamilton_28
3,3,-0.5,0.736819576228865,hamilton_28
4,4,-0.5,0.798191068400226,hamilton_28
5,0,-0.4,0.7166666666666667,hamilton_28
6,1,-0.4,0.6577391304347826,hamilton_28
7,2,-0.4,0.7248280175109444,hamilton_28
8,3,-0.4,0.6632710809281268,hamilton_28
9,4,-0.4,0.7051327433628318,hamilton_28
10,0,-0.3,0.7643097643097644,hamilton_28
11,1,-0.3,0.7986013986013986,hamilton_28
12,2,-0.3,0.7833333333333333,hamilton_28
13,3,-0.3,0.7126420454545455,hamilton_28
14,4,-0.3,0.7306168647425014,hamilton_28
15,0,-0.2,0.7499305362600723,hamilton_28
16,1,-0.2,0.7579130434782608,hamilton_28
17,2,-0.2,0.7664071190211346,hamilton_28
18,3,-0.2,0.7287749287749288,hamilton_28
19,4,-0.2,0.786967418546366,hamilton_28
20,0,-0.1,0.7562854541634569,hamilton_28
21,1,-0.1,0.6916452531425793,hamilton_28
22,2,-0.1,0.7234443746071653,hamilton_28
23,3,-0.1,0.763888888888889,hamilton_28
24,4,-0.1,0.771495626200128,hamilton_28
25,0,-0.0,0.9415652173913043,hamilton_28
26,1,-0.0,0.9749146400947668,hamilton_28
27,2,-0.0,0.9832167832167833,hamilton_28
28,3,-0.0,0.9744360902255639,hamilton_28
29,4,-0.0,0.9572096368212873,hamilton_28
30,0,0.1,0.9666666666666667,hamilton_28
31,1,0.1,0.9916521739130434,hamilton_28
32,2,0.1,1.0,hamilton_28
33,3,0.1,0.9494047619047619,hamilton_28
34,4,0.1,0.9744360902255639,hamilton_28
35,0,0.2,0.8653198653198653,hamilton_28
36,1,0.2,0.8832035595105674,hamilton_28
37,2,0.2,0.8310335116868488,hamilton_28
38,3,0.2,0.7981910684002261,hamilton_28
39,4,0.2,0.8299028016009148,hamilton_28
40,0,0.3,0.7575081875827469,hamilton_28
41,1,0.3,0.7330367074527253,hamilton_28
42,2,0.3,0.8333333333333334,hamilton_28
43,3,0.3,0.7720791657799533,hamilton_28
44,4,0.3,0.6554621848739496,hamilton_28
45,0,0.4,0.7723280163024383,hamilton_28
46,1,0.4,0.8498331479421579,hamilton_28
47,2,0.4,0.7723280163024382,hamilton_28
48,3,0.4,0.7226107226107227,hamilton_28
49,4,0.4,0.7146282973621103,hamilton_28
50,0,0.5,0.7771428571428571,hamilton_28
51,1,0.5,0.8034048009117458,hamilton_28
52,2,0.5,0.8079999999999999,hamilton_28
53,3,0.5,0.7896783315659244,hamilton_28
54,4,0.5,0.8053481260223313,hamilton_28
55,0,0.6,0.7666666666666667,hamilton_28
56,1,0.6,0.7660818713450293,hamilton_28
57,2,0.6,0.7916521980693103,hamilton_28
58,3,0.6,0.7394221939676484,hamilton_28
59,4,0.6,0.7295454545454545,hamilton_28
60,0,0.7,0.7742317608529022,hamilton_28
61,1,0.7,0.7643097643097643,hamilton_28
62,2,0.7,0.8415676464456953,hamilton_28
63,3,0.7,0.8058452152940341,hamilton_28
64,4,0.7,0.7811262026032824,hamilton_28
65,0,0.8,0.849624060150376,hamilton_28
66,1,0.8,0.7394775544505918,hamilton_28
67,2,0.8,0.7330367074527253,hamilton_28
68,3,0.8,0.781497175141243,hamilton_28
69,4,0.8,0.822274375933433,hamilton_28
70,0,0.9,0.7146853146853147,hamilton_28
71,1,0.9,0.75,hamilton_28
72,2,0.9,0.6819196428571428,hamilton_28
73,3,0.9,0.6718981972428419,hamilton_28
74,4,0.9,0.7585507246376811,hamilton_28
75,0,1.0,0.6643356643356643,hamilton_28
76,1,1.0,0.7986013986013986,hamilton_28
77,2,1.0,0.8164627363737487,hamilton_28
78,3,1.0,0.697286602600339,hamilton_28
79,4,1.0,0.8484719864176571,hamilton_28
80,0,1.1,0.7249809014514896,hamilton_28
81,1,1.1,0.8083200222237654,hamilton_28
82,2,1.1,0.7583165497604001,hamilton_28
83,3,1.1,0.8647727272727272,hamilton_28
84,4,1.1,0.7464488636363638,hamilton_28
85,0,1.2,0.7873999007866204,hamilton_28
86,1,1.2,0.7488839285714286,hamilton_28
87,2,1.2,0.6986607142857143,hamilton_28
88,3,1.2,0.7004674577490112,hamilton_28
89,4,1.2,0.7645562464669304,hamilton_28
90,0,1.3,0.806709153302052,hamilton_28
91,1,1.3,0.7579130434782608,hamilton_28
92,2,1.3,0.7562854541634569,hamilton_28
93,3,1.3,0.7477388355002828,hamilton_28
94,4,1.3,0.8151129943502824,hamilton_28
95,0,1.4,0.808213466750052,hamilton_28
96,1,1.4,0.7493734335839599,hamilton_28
97,2,1.4,0.7332592386774104,hamilton_28
98,3,1.4,0.7725309734513274,hamilton_28
99,4,1.4,0.7037906265557214,hamilton_28
0,0,-0.5,0.5332036676854682,hamilton_29
1,1,-0.5,0.5247029393370857,hamilton_29
2,2,-0.5,0.5247029393370857,hamilton_29
3,3,-0.5,0.4928977272727273,hamilton_29
4,4,-0.5,0.5330669900834701,hamilton_29
5,0,-0.4,0.5468531468531468,hamilton_29
6,1,-0.4,0.5132867132867133,hamilton_29
7,2,-0.4,0.5249670115980276,hamilton_29
8,3,-0.4,0.5534867256637168,hamilton_29
9,4,-0.4,0.5291124929338609,hamilton_29
10,0,-0.3,0.6324143692564745,hamilton_29
11,1,-0.3,0.5074782608695653,hamilton_29
12,2,-0.3,0.5322797817305648,hamilton_29
13,3,-0.3,0.5514543773558068,hamilton_29
14,4,-0.3,0.5446428571428571,hamilton_29
15,0,-0.2,0.5233781618005714,hamilton_29
16,1,-0.2,0.6080883885761934,hamilton_29
17,2,-0.2,0.6825396825396826,hamilton_29
18,3,-0.2,0.5291124929338609,hamilton_29
19,4,-0.2,0.5798022598870056,hamilton_29
20,0,-0.1,0.5416348357524828,hamilton_29
21,1,-0.1,0.5749704840613932,hamilton_29
22,2,-0.1,0.6237196014215036,hamilton_29
23,3,-0.1,0.5208730663276118,hamilton_29
24,4,-0.1,0.546186440677966,hamilton_29
25,0,-0.0,0.9072447473824748,hamilton_29
26,1,-0.0,0.7474747474747475,hamilton_29
27,2,-0.0,0.7746086956521739,hamilton_29
28,3,-0.0,0.839929203539823,hamilton_29
29,4,-0.0,0.7646892655367232,hamilton_29
30,0,0.1,0.8329156223893066,hamilton_29
31,1,0.1,0.8333333333333334,hamilton_29
32,2,0.1,0.7963800904977376,hamilton_29
33,3,0.1,0.7376431263779248,hamilton_29
34,4,0.1,0.8147990945104697,hamilton_29
35,0,0.2,0.7415051073587658,hamilton_29
36,1,0.2,0.6577391304347826,hamilton_29
37,2,0.2,0.7332592386774104,hamilton_29
38,3,0.2,0.7057992512537967,hamilton_29
39,4,0.2,0.6868643766446199,hamilton_29
40,0,0.3,0.7,hamilton_29
41,1,0.3,0.6484375,hamilton_29
42,2,0.3,0.7163515016685206,hamilton_29
43,3,0.3,0.6721763085399449,hamilton_29
44,4,0.3,0.6964285714285714,hamilton_29
45,0,0.4,0.6811188811188811,hamilton_29
46,1,0.4,0.6228786926461345,hamilton_29
47,2,0.4,0.7081509276631228,hamilton_29
48,3,0.4,0.6707810172377101,hamilton_29
49,4,0.4,0.5877695298692117,hamilton_29
50,0,0.5,0.5498749652681301,hamilton_29
51,1,0.5,0.5909565217391304,hamilton_29
52,2,0.5,0.5580571190327288,hamilton_29
53,3,0.5,0.6217418944691673,hamilton_29
54,4,0.5,0.5901262916188288,hamilton_29
55,0,0.6,0.5223130106851037,hamilton_29
56,1,0.6,0.4498471797721589,hamilton_29
57,2,0.6,0.5408695652173913,hamilton_29
58,3,0.6,0.5423076923076924,hamilton_29
59,4,0.6,0.5204665959703075,hamilton_29
60,0,0.7,0.5249670115980276,hamilton_29
61,1,0.7,0.5454545454545454,hamilton_29
62,2,0.7,0.6324143692564745,hamilton_29
63,3,0.7,0.5461864406779662,hamilton_29
64,4,0.7,0.5291124929338609,hamilton_29
65,0,0.8,0.45930723739791607,hamilton_29
66,1,0.8,0.5661846496106786,hamilton_29
67,2,0.8,0.5401017350707269,hamilton_29
68,3,0.8,0.6032489182095482,hamilton_29
69,4,0.8,0.5798022598870056,hamilton_29
70,0,0.9,0.45648386871994984,hamilton_29
71,1,0.9,0.6165601555987774,hamilton_29
72,2,0.9,0.5655806182121972,hamilton_29
73,3,0.9,0.5709437963944857,hamilton_29
74,4,0.9,0.5040615949706859,hamilton_29
75,0,1.0,0.4916313632891174,hamilton_29
76,1,1.0,0.5080258494892641,hamilton_29
77,2,1.0,0.5479910714285714,hamilton_29
78,3,1.0,0.43681570954298227,hamilton_29
79,4,1.0,0.4954776710005653,hamilton_29
80,0,1.1,0.5454545454545454,hamilton_29
81,1,1.1,0.53125,hamilton_29
82,2,1.1,0.5165323701028064,hamilton_29
83,3,1.1,0.500675627622502,hamilton_29
84,4,1.1,0.5541180629197596,hamilton_29
85,0,1.2,0.6149553571428572,hamilton_29
86,1,1.2,0.5333333333333333,hamilton_29
87,2,1.2,0.5629943502824859,hamilton_29
88,3,1.2,0.5952380952380951,hamilton_29
89,4,1.2,0.6191593770002134,hamilton_29
90,0,1.3,0.5916383082158483,hamilton_29
91,1,1.3,0.5488721804511278,hamilton_29
92,2,1.3,0.4916313632891173,hamilton_29
93,3,1.3,0.5541180629197596,hamilton_29
94,4,1.3,0.5117430673457839,hamilton_29
95,0,1.4,0.5165323701028064,hamilton_29
96,1,1.4,0.6249739565247587,hamilton_29
97,2,1.4,0.5822890559732665,hamilton_29
98,3,1.4,0.5357168191813861,hamilton_29
99,4,1.4,0.5709437963944857,hamilton_29
0,0,-0.5,0.5909565217391304,hamilton_30
1,1,-0.5,0.5377827578962112,hamilton_30
2,2,-0.5,0.6324143692564745,hamilton_30
3,3,-0.5,0.5881189517553154,hamilton_30
4,4,-0.5,0.6131995477671002,hamilton_30
5,0,-0.4,0.5328142380422691,hamilton_30
6,1,-0.4,0.6499027507641011,hamilton_30
7,2,-0.4,0.6332314531814391,hamilton_30
8,3,-0.4,0.6049304231122412,hamilton_30
9,4,-0.4,0.6370149677236292,hamilton_30
10,0,-0.3,0.5408695652173913,hamilton_30
11,1,-0.3,0.5791245791245792,hamilton_30
12,2,-0.3,0.5982142857142857,hamilton_30
13,3,-0.3,0.4771825396825397,hamilton_30
14,4,-0.3,0.5790888511601584,hamilton_30
15,0,-0.2,0.6069960281513483,hamilton_30
16,1,-0.2,0.6914738378153013,hamilton_30
17,2,-0.2,0.6911304347826087,hamilton_30
18,3,-0.2,0.6022331270891117,hamilton_30
19,4,-0.2,0.6165413533834586,hamilton_30
20,0,-0.1,0.5998888580161156,hamilton_30
21,1,-0.1,0.5982142857142858,hamilton_30
22,2,-0.1,0.5832175604334537,hamilton_30
23,3,-0.1,0.5293060050341604,hamilton_30
24,4,-0.1,0.5629943502824859,hamilton_30
25,0,-0.0,0.9582608695652173,hamilton_30
26,1,-0.0,0.9747881504307024,hamilton_30
27,2,-0.0,0.9666574048346763,hamilton_30
28,3,-0.0,0.9579356663131849,hamilton_30
29,4,-0.0,0.9242841993637327,hamilton_30
30,0,0.1,0.9401666785383574,hamilton_30
31,1,0.1,0.8747826086956522,hamilton_30
32,2,0.1,0.9080203470141454,hamilton_30
33,3,0.1,0.913768115942029,hamilton_30
34,4,0.1,0.8990955342001131,hamilton_30
35,0,0.2,0.7488839285714286,hamilton_30
36,1,0.2,0.6969696969696969,hamilton_30
37,2,0.2,0.6643356643356644,hamilton_30
38,3,0.2,0.7287749287749288,hamilton_30
39,4,0.2,0.6957386363636364,hamilton_30
40,0,0.3,0.649610678531702,hamilton_30
41,1,0.3,0.5749704840613932,hamilton_30
42,2,0.3,0.5998888580161156,hamilton_30
43,3,0.3,0.6545840707964602,hamilton_30
44,4,0.3,0.6112215909090909,hamilton_30
45,0,0.4,0.6061177456526292,hamilton_30
46,1,0.4,0.6080883885761934,hamilton_30
47,2,0.4,0.6243478260869566,hamilton_30
48,3,0.4,0.6242824339839266,hamilton_30
49,4,0.4,0.6370149677236292,hamilton_30
50,0,0.5,0.5995550611790879,hamilton_30
51,1,0.5,0.5454545454545454,hamilton_30
52,2,0.5,0.5972027972027971,hamilton_30
53,3,0.5,0.5966101694915255,hamilton_30
54,4,0.5,0.6636517806670434,hamilton_30
55,0,0.6,0.6036821024523926,hamilton_30
56,1,0.6,0.6076521739130435,hamilton_30
57,2,0.6,0.6036821024523926,hamilton_30
58,3,0.6,0.5694828686954672,hamilton_30
59,4,0.6,0.5366371681415929,hamilton_30
60,0,0.7,0.5661846496106786,hamilton_30
61,1,0.7,0.581166749768502,hamilton_30
62,2,0.7,0.5568253083408822,hamilton_30
63,3,0.7,0.5459299039005088,hamilton_30
64,4,0.7,0.44817007918955554,hamilton_30
65,0,0.8,0.5498749652681301,hamilton_30
66,1,0.8,0.5742608695652174,hamilton_30
67,2,0.8,0.6157059314954052,hamilton_30
68,3,0.8,0.5208730663276118,hamilton_30
69,4,0.8,0.5376845376845378,hamilton_30
70,0,0.9,0.47496353913466216,hamilton_30
71,1,0.9,0.5161290322580645,hamilton_30
72,2,0.9,0.5982142857142858,hamilton_30
73,3,0.9,0.5376845376845377,hamilton_30
74,4,0.9,0.5122950819672132,hamilton_30
75,0,1.0,0.6404431746916592,hamilton_30
76,1,1.0,0.6324143692564745,hamilton_30
77,2,1.0,0.5916383082158483,hamilton_30
78,3,1.0,0.5795647258338044,hamilton_30
79,4,1.0,0.5372923294450336,hamilton_30
80,0,1.1,0.5735488816110376,hamilton_30
81,1,1.1,0.5233781618005713,hamilton_30
82,2,1.1,0.5233781618005714,hamilton_30
83,3,1.1,0.567025754441036,hamilton_30
84,4,1.1,0.5703362831858407,hamilton_30
85,0,1.2,0.599555061179088,hamilton_30
86,1,1.2,0.5494994438264739,hamilton_30
87,2,1.2,0.5749704840613932,hamilton_30
88,3,1.2,0.611221590909091,hamilton_30
89,4,1.2,0.4928977272727273,hamilton_30
90,0,1.3,0.5989974937343359,hamilton_30
91,1,1.3,0.553088328297379,hamilton_30
92,2,1.3,0.5828698553948832,hamilton_30
93,3,1.3,0.6788352272727274,hamilton_30
94,4,1.3,0.5790888511601584,hamilton_30
95,0,1.4,0.594480428048437,hamilton_30
96,1,1.4,0.5154553049289892,hamilton_30
97,2,1.4,0.6899224806201549,hamilton_30
98,3,1.4,0.506718124642653,hamilton_30
99,4,1.4,0.49404761904761896,hamilton_30
