ensemble_orig,size,average_degree,average_weight,average_weight_out,volume,normalized_cut_size,internal_density,cut_size,conductance,edge_expantion,modularity,average_degree_p,average_weight_p,normalized_cut_size_p,conductance_p,edge_expantion_p,ensemble,session_name,block,bin_width,ensemble_id
0,11,0.12995517100053144,0.019854262236192306,0.004792934637848255,1.443885684919391,0.08196104182715401,0.012995517100053146,0.014378803913544763,0.07200263302531905,0.0028757607827089525,0.1959812374010042,0.0,0.9230769230769231,0.0,0.0,0.0,-1,hamilton_01,pre,0.05,-1
1,5,0.037063900614086334,0.018531950307043167,0.004792934637848254,0.19969830698397642,0.081961041827154,0.009265975153521584,0.014378803913544761,0.07200263302531905,0.002875760782708952,0.1959812374010042,0.8205128205128205,0.9230769230769231,0.0,0.0,0.0,-1,hamilton_01,pre,0.05,-1
0,11,0.23117782861630365,0.0508591222955868,0.025764044295690715,3.2643493550586804,0.7766171595691745,0.023117782861630364,0.72139324027934,0.555625727031044,0.10305617718276286,0.0929774868248064,0.0,0.7878787878787878,1.0,1.0,0.5757575757575757,-1,hamilton_02,pre,0.05,-1
1,3,0.023221215016563213,0.01741591126242241,0.017477632745519108,0.2619176052503998,0.7787267404281658,0.011610607508281606,0.19225396020071017,0.7340245800465018,0.06408465340023672,0.0929774868248064,1.0,1.0,1.0,1.0,0.18181818181818182,-1,hamilton_02,pre,0.05,-1
2,1,0.0,,0.007629265951207396,0.015258531902414793,1.003355415312412,,0.015258531902414793,1.0,0.015258531902414793,0.0929774868248064,1.0,0.0,1.0,1.0,0.0,-1,hamilton_02,pre,0.05,-1
3,3,0.13023247601272897,0.06511623800636449,0.027411751097671994,1.0211677032846427,0.7954235402488883,0.06511623800636449,0.6304702752464558,0.6174013075604655,0.21015675841548528,0.0929774868248064,0.9772727272727273,0.7878787878787878,1.0,1.0,1.0,-1,hamilton_02,pre,0.05,-1
0,7,0.14076755385564677,0.02737146880526465,0.013554323990641133,1.2971223287742735,0.5490565792127551,0.02346125897594113,0.31174945178474606,0.30871729519215213,0.044535635969249435,0.29666320953329456,0.08695652173913043,0.8115942028985508,0.043478260869565216,0.08695652173913043,0.043478260869565216,-1,hamilton_13,pre,0.05,-1
1,4,0.07555687076595113,0.02518562358865038,0.014387742642475243,0.5468191079858837,0.5862616158556941,0.02518562358865038,0.2445916249220791,0.4472989720915043,0.06114790623051977,0.29666320953329456,0.6521739130434783,0.8115942028985508,0.17391304347826086,0.37681159420289856,0.2608695652173913,-1,hamilton_13,pre,0.05,-1
2,3,0.11621808157185255,0.058109040785926276,0.011434843778394977,0.46300268249950743,0.308984489754247,0.058109040785926276,0.11434843778394976,0.24697143689674284,0.03811614592798326,0.29666320953329456,0.23913043478260868,0.17391304347826086,0.0,0.0,0.0,-1,hamilton_13,pre,0.05,-1
0,6,0.02291729934985703,0.02291729934985703,0.00985744675889572,0.16707613637582933,0.39969825466490133,0.004583459869971406,0.02957234027668716,0.2226990678380904,0.00739308506917179,0.2962270872823165,0.5,0.6071428571428571,0.7142857142857143,0.5535714285714286,0.5714285714285714,-1,hamilton_14,pre,0.05,-1
1,4,0.02580456205590198,0.01720304137060132,0.009857446758895718,0.13279058850029507,0.39969825466490133,0.00860152068530066,0.029572340276687155,0.22269906783809038,0.007393085069171789,0.2962270872823165,0.5,0.6964285714285714,0.7142857142857143,0.5535714285714286,0.5714285714285714,-1,hamilton_14,pre,0.05,-1
0,19,0.33301371292766474,0.021818139812502173,0.011550564529088687,11.813778696942757,0.537305182395174,0.018500761829314708,5.486518151317129,0.4644168722016914,0.2887641132272173,0.23734985501742806,0.6707317073170732,1.0,0.04065040650406505,0.027100271002710032,0.0,-1,hamilton_23,pre,0.05,-1
1,40,1.092349446070463,0.03231803094883027,0.014258886162869907,53.74649258764181,0.48854873624710593,0.028008960155652896,10.052514744823291,0.30151300124670305,0.2513128686205823,0.23734985501742806,0.0,0.867208672086721,0.0,0.0,0.0,-1,hamilton_23,pre,0.05,-1
2,2,0.2769598368569325,0.2769598368569325,0.013696985219432311,1.4853146686352618,0.6379497449153008,0.2769598368569325,0.9313949949213964,0.6270691420405763,0.4656974974606982,0.23734985501742806,0.8455284552845529,0.5081300813008129,0.1524390243902439,0.3008130081300813,0.010162601626016262,-1,hamilton_23,pre,0.05,-1
3,19,0.35081033059730116,0.02666158512539489,0.015520059482328515,17.467357681049364,0.773565850003482,0.019489462810961176,10.801961399700645,0.6184084391550462,0.5685242841947707,0.23734985501742806,0.6707317073170732,1.0,0.16260162601626016,0.3008130081300813,0.06504065040650407,-1,hamilton_23,pre,0.05,-1
4,2,0.9035931971255027,0.9035931971255027,0.010359445643836859,2.5737853718949326,0.30691962399369493,0.9035931971255027,0.7665989776439276,0.29784883619861596,0.3832994888219638,0.23734985501742806,0.3048780487804878,0.5081300813008129,0.0,0.0,0.0,-1,hamilton_23,pre,0.05,-1
0,30,0.5213136758124469,0.02466783954948487,0.013098426142136604,20.48582794696396,0.5020083619971362,0.01797633364870507,4.84641767259054,0.2654341954495356,0.2019340696912725,0.36455154276714585,0.7218045112781954,0.849624060150376,0.5413533834586466,0.0,0.0,-1,hamilton_07,pre,0.05,-1
1,7,0.11216378013840081,0.024535826905275178,0.010117988696086887,2.1611929236366225,0.6743211863455376,0.018693963356400136,1.3760464626678168,0.6367069073835177,0.1965780660954024,0.36455154276714585,1.0,0.849624060150376,0.924812030075188,0.9849624060150376,0.0,-1,hamilton_07,pre,0.05,-1
2,6,0.5588652004837475,0.12896889241932635,0.011556420682849526,5.051985043281365,0.38668348247743,0.11177304009674952,1.69879384037888,0.33626264247122145,0.2831323067298133,0.36455154276714585,0.7218045112781954,0.849624060150376,0.2706766917293233,0.24060150375939848,0.14661654135338345,-1,hamilton_07,pre,0.05,-1
3,2,0.48842015505514313,0.48842015505514313,0.013543555212829066,1.8436278437313462,0.49364296335405744,0.48842015505514313,0.8667875336210599,0.47015320178000536,0.43339376681052993,0.36455154276714585,0.7218045112781954,0.849624060150376,0.5413533834586466,0.7894736842105263,0.37593984962406013,-1,hamilton_07,pre,0.05,-1
4,6,0.20559590636319683,0.05139897659079921,0.014906175358610347,3.6036573201982263,0.7251335602200724,0.04111918127263937,2.370081882019045,0.657687918530687,0.39501364700317415,0.36455154276714585,1.0,0.849624060150376,0.924812030075188,0.9849624060150376,0.3157894736842105,-1,hamilton_07,pre,0.05,-1
5,3,1.659642940452233,0.8298214702261165,0.009379706588196856,5.597989456177691,0.12926286378490207,0.8298214702261165,0.6190606348209926,0.11058624523449663,0.20635354494033087,0.36455154276714585,0.0,0.849624060150376,0.0,0.0,0.0,-1,hamilton_07,pre,0.05,-1
0,2,0.5235885334440674,0.5235885334440674,0.028035102441780778,3.009634237812789,0.6848757758556846,0.5235885334440674,1.9624571709246545,0.6520583618662059,0.9812285854623273,0.21222572884518945,0.6744186046511629,0.41860465116279066,0.5038759689922481,0.8527131782945736,0.9612403100775194,-1,hamilton_08,pre,0.05,-1
1,34,1.0608350765138594,0.03954867609810441,0.019009826470184597,43.9004411071873,0.592613556640394,0.03214651747011696,7.832048505716049,0.41420877736737205,0.30123263483523266,0.21222572884518945,0.046511627906976744,1.0,0.24418604651162792,0.23255813953488372,0.0,-1,hamilton_08,pre,0.05,-1
2,14,0.18662157365861942,0.019793197206217212,0.011651555390258786,5.187695772467862,0.5410539067044698,0.014355505666047649,2.574993741247192,0.49636560318613876,0.18392812437479944,0.21222572884518945,1.0,1.0,0.20155038759689922,0.41860465116279066,0.0,-1,hamilton_08,pre,0.05,-1
3,3,0.30996478026112767,0.23247358519584577,0.01583019793050147,2.6712161131385455,0.680839109252237,0.15498239013056384,1.7413217723551622,0.6518835236843477,0.5804405907850541,0.21222572884518945,1.0,0.6976744186046512,0.5038759689922481,0.8527131782945736,0.33488372093023255,-1,hamilton_08,pre,0.05,-1
4,5,0.5597300452230396,0.17491563913219987,0.024301906675840344,5.714879027216039,0.5613647163271769,0.1399325113057599,2.9162288011008397,0.5102870572085336,0.5832457602201679,0.21222572884518945,0.6744186046511629,0.6976744186046512,0.20155038759689922,0.41860465116279066,0.33488372093023255,-1,hamilton_08,pre,0.05,-1
5,2,0.9247623791710171,0.9247623791710171,0.012192467837385323,2.325031004000062,0.21237779197749238,0.9247623791710171,0.47550624565802746,0.2045160881037502,0.23775312282901373,0.21222572884518945,0.23255813953488372,0.37209302325581395,0.0,0.0,0.0,-1,hamilton_08,pre,0.05,-1
0,2,0.9964596582552981,0.9964596582552981,0.025677054554914324,4.047083680903743,0.5484129813297218,0.9964596582552981,2.054164364393146,0.5075665655458936,1.027082182196573,0.21995679093701465,0.29296875,0.5078125,0.2734375,0.52734375,0.96875,-1,hamilton_19,pre,0.05,-1
1,29,1.1468547074168847,0.04820113987694152,0.01620469621830892,39.06006776124424,0.5282623585161752,0.040959096693460165,5.801281246154586,0.37974031084295873,0.23205124984618344,0.21995679093701465,0.0,1.0,0.2734375,0.078125,0.0,-1,hamilton_19,pre,0.05,-1
2,2,0.15680512272426803,0.15680512272426803,0.014163507093144975,0.5685533731251455,0.4531481725270374,0.15680512272426803,0.25494312767660954,0.4484066751293259,0.12747156383830477,0.21995679093701465,1.0,0.8203125,0.1171875,0.3515625,0.0,-1,hamilton_19,pre,0.05,-1
3,5,0.6420823361655662,0.17835620449043507,0.009398020966809239,4.08442763074109,0.23137982459903716,0.16052058404139155,0.8740159499132591,0.2139873756937334,0.17480318998265182,0.21995679093701465,0.5598958333333334,0.8203125,0.0,0.0,0.0,-1,hamilton_19,pre,0.05,-1
4,16,0.16654905384824725,0.018766090574450396,0.013084014099139986,6.576905077214811,0.6767387615288787,0.011103270256549816,3.912120215642859,0.5948269238666836,0.24450751347767868,0.21995679093701465,1.0,1.0,0.6484375,0.828125,0.0,-1,hamilton_19,pre,0.05,-1
0,2,0.7235851581715593,0.7235851581715593,0.008269449873702091,1.8771817097756274,0.252436203786146,0.7235851581715593,0.4300113934325088,0.22907286555860729,0.2150056967162544,0.37442020876558246,0.5,0.5555555555555556,0.08333333333333333,0.041666666666666664,0.6527777777777778,-1,hamilton_20,pre,0.05,-1
1,27,0.16747269301382484,0.010564866148068388,0.009076968699729905,6.854543667203856,0.5140509603264745,0.006441257423608647,2.3327809558305854,0.34032622288074016,0.09719920649294106,0.37442020876558246,0.6583333333333333,1.0,0.3416666666666667,0.2638888888888889,0.0,-1,hamilton_20,pre,0.05,-1
2,2,0.23545385968206808,0.23545385968206808,0.015289857285110252,0.9754730097727744,0.543385587979008,0.23545385968206808,0.5045652904086382,0.5172519232758384,0.2522826452043191,0.37442020876558246,0.5,0.5555555555555556,0.3416666666666667,0.5166666666666667,0.71875,-1,hamilton_20,pre,0.05,-1
3,2,0.4380756290295375,0.4380756290295375,0.01446158858430199,1.4835379785997587,0.44172717092472336,0.4380756290295375,0.6073867205406837,0.40941770908619896,0.30369336027034183,0.37442020876558246,0.5,0.5555555555555556,0.3416666666666667,0.3958333333333333,0.8166666666666667,-1,hamilton_20,pre,0.05,-1
4,18,0.38885433306251205,0.028685975389857447,0.009097648400537527,9.091837127248846,0.4171283726310202,0.022873784297794825,2.09245913212363,0.23014701020681394,0.1162477295624239,0.37442020876558246,0.5,0.7708333333333334,0.3416666666666667,0.041666666666666664,0.0,-1,hamilton_20,pre,0.05,-1
0,8,0.07099931217610073,0.014947223616021205,0.010644307890149137,0.7702363473216394,0.44525785359044096,0.010142758882300104,0.20224184991283362,0.26257115834132455,0.025280231239104202,0.3871307068789655,0.3607594936708861,0.7974683544303798,0.379746835443038,0.26582278481012656,0.46835443037974683,-1,hamilton_01,base_shock,0.05,-1
1,6,0.04783903658988803,0.015946345529962675,0.00925905708065674,0.4814744182331198,0.5431466324733426,0.009567807317977605,0.19444019869379153,0.4038432600579989,0.03240669978229859,0.3871307068789655,0.569620253164557,0.7974683544303798,0.5443037974683544,0.5063291139240507,0.46835443037974683,-1,hamilton_01,base_shock,0.05,-1
2,3,0.1732304924250053,0.08661524621250265,0.010587613421959746,0.6255676114946134,0.25383325037381943,0.08661524621250265,0.10587613421959746,0.16924810727754427,0.03529204473986582,0.3871307068789655,0.22784810126582278,0.22784810126582278,0.0379746835443038,0.0379746835443038,0.46835443037974683,-1,hamilton_01,base_shock,0.05,-1
0,4,0.11876835145494286,0.03958945048498095,0.023848940677422638,1.09514586343276,0.6636484242335169,0.03958945048498095,0.6200724576129887,0.5662007941749031,0.15501811440324717,0.10817558028008097,1.0,1.0,1.0,0.9680851063829787,0.9361702127659575,-1,hamilton_02,base_shock,0.05,-1
1,6,0.3723435747687791,0.0797879088790241,0.04082568943507407,3.8670890260156376,0.8770199177264157,0.07446871495375582,1.633027577402963,0.4547313263811283,0.2721712629004938,0.10817558028008097,0.5106382978723404,1.0,1.0,0.9680851063829787,0.9361702127659575,-1,hamilton_02,base_shock,0.05,-1
2,3,0.012421458631177613,0.00931609397338321,0.007204811413217075,0.1381317356785719,0.7440052313936387,0.006210729315588807,0.10086735978503902,0.7302258187774757,0.033622453261679675,0.10817558028008097,1.0,1.0,1.0,0.9680851063829787,0.0,-1,hamilton_02,base_shock,0.05,-1
3,6,0.16238138275984604,0.048714414827953814,0.043238320979979886,2.3579145679184323,0.8580806167685506,0.032476276551969205,1.3836262713593566,0.5868008494390966,0.23060437855989277,0.10817558028008097,1.0,1.0,1.0,0.9680851063829787,0.9361702127659575,-1,hamilton_02,base_shock,0.05,-1
0,6,0.44485312154926865,0.08897062430985374,0.024310352004889194,3.7873949215205145,0.6120262835949457,0.08897062430985374,1.1182761922249025,0.3167636517868131,0.1863793653708171,0.18206761308113936,0.047619047619047616,0.9880952380952381,0.6904761904761905,0.0,0.5119047619047619,-1,hamilton_13,base_shock,0.05,-1
1,3,0.04939304414569551,0.024696522072847754,0.008815566073492556,0.29804375568645997,0.5241768348069861,0.024696522072847754,0.14986462324937344,0.5028275895403426,0.049954874416457816,0.18206761308113936,1.0,0.9880952380952381,0.09523809523809523,0.8452380952380952,0.0,-1,hamilton_13,base_shock,0.05,-1
2,3,0.08316151691817762,0.04158075845908881,0.017674516606358784,0.6383239160944261,0.6673716344541125,0.04158075845908881,0.3888393653398933,0.6091568176216869,0.12961312177996442,0.18206761308113936,1.0,0.9880952380952381,0.8253968253968254,0.8452380952380952,0.21428571428571427,-1,hamilton_13,base_shock,0.05,-1
3,8,0.15163403518283736,0.02637113655353693,0.02422591793828029,2.5939496039446754,0.8246711950511825,0.021662005026119622,1.3808773224819766,0.5323454705450124,0.17260966531024707,0.18206761308113936,1.0,0.9880952380952381,1.0,0.8452380952380952,0.5119047619047619,-1,hamilton_13,base_shock,0.05,-1
0,8,0.030583643453891453,0.024466914763113162,0.02318373087130051,0.29103660937373266,0.5588291199563674,0.004369091921984493,0.04636746174260102,0.39951080655800536,0.02318373087130051,0.17983449862849232,0.5666666666666667,0.5666666666666667,0.8166666666666667,0.8666666666666667,0.9166666666666666,-1,hamilton_14,base_shock,0.05,-1
1,2,0.034846566409117215,0.034846566409117215,0.02318373087130051,0.11606059456083545,0.5588291199563674,0.034846566409117215,0.04636746174260102,0.39951080655800536,0.02318373087130051,0.17983449862849232,0.5666666666666667,0.5666666666666667,0.8166666666666667,0.8666666666666667,0.9166666666666666,-1,hamilton_14,base_shock,0.05,-1
0,56,1.1486993418029514,0.026255984955496033,0.015051337841075416,75.97689862995765,0.6343192655452553,0.02088544257823548,11.649735488992379,0.48098666446434074,0.4160619817497278,0.14311089580398928,0.0,0.8914728682170543,0.16537467700258396,0.12403100775193798,0.0,-1,hamilton_23,base_shock,0.05,-1
1,18,0.38824754344390283,0.027731967388850205,0.013261868442607138,15.011886189767573,0.6286595771615959,0.022838090790817816,8.023430407777317,0.5344718382721461,0.4457461337654065,0.14311089580398928,0.8062015503875968,0.8914728682170543,0.16537467700258396,0.26356589147286824,0.0,-1,hamilton_23,base_shock,0.05,-1
2,8,0.18405611644506803,0.05258746184144801,0.012810880252574498,4.777656036724765,0.7264437713138121,0.026293730920724005,3.3052071051642224,0.6918051613087758,0.4131508881455278,0.14311089580398928,1.0,0.8372093023255814,0.17054263565891473,0.5271317829457365,0.0,-1,hamilton_23,base_shock,0.05,-1
3,2,0.9176628217312761,0.9176628217312761,0.020765023481572917,4.430953578659167,0.6128981639537886,0.9176628217312761,2.5956279351966143,0.5857944320829618,1.2978139675983071,0.14311089580398928,0.27906976744186046,0.5581395348837209,0.16537467700258396,0.351421188630491,0.9689922480620154,-1,hamilton_23,base_shock,0.05,-1
0,27,0.45799399894129345,0.020817909042786065,0.014308781781100902,18.547231700850514,0.6234796190462628,0.017615153805434363,6.181393729435593,0.33327850911314894,0.22894050849761455,0.28218522145481845,0.35398230088495575,0.9823008849557522,0.22123893805309736,0.0,0.0,-1,hamilton_07,base_shock,0.05,-1
1,15,0.30874270219002004,0.03172014063596096,0.015333349927488651,9.200478811241918,0.6457364903084558,0.022053050156430002,4.569338278391617,0.4966413566224853,0.3046225518927745,0.28218522145481845,0.3805309734513274,0.743362831858407,0.22123893805309736,0.20353982300884957,0.0471976401179941,-1,hamilton_07,base_shock,0.05,-1
2,11,0.38397034310110995,0.060338196773031566,0.013201007546710851,7.6031317060701875,0.5492896955163203,0.038397034310110996,3.3794579319579774,0.44448236103287364,0.30722344835981613,0.28218522145481845,0.35398230088495575,0.6371681415929203,0.22123893805309736,0.1415929203539823,0.0471976401179941,-1,hamilton_07,base_shock,0.05,-1
3,3,0.9130418719326817,0.45652093596634086,0.01597857470116687,4.496768832926401,0.4405880207360217,0.45652093596634086,1.7576432171283556,0.3908680393482711,0.5858810723761185,0.28218522145481845,0.035398230088495575,0.6371681415929203,0.1415929203539823,0.035398230088495575,0.8230088495575221,-1,hamilton_07,base_shock,0.05,-1
0,19,0.46395225911276977,0.028073544341218552,0.022995017311195264,22.35915811943664,0.8271944740373611,0.025775125506264988,13.544065196294014,0.6057502310214563,0.7128455366470533,0.16274725789587802,1.0,1.0,1.0,0.6768447837150128,0.13893129770992366,-1,hamilton_08,base_shock,0.05,-1
1,28,1.1805092299126396,0.048896832008215846,0.0221896353305737,47.07810796647649,0.6826957963723703,0.04372256407083851,14.02384952892259,0.38481106534391163,0.5008517688900925,0.16274725789587802,0.0,1.0,0.5165394402035624,0.0,0.0,-1,hamilton_08,base_shock,0.05,-1
2,2,0.054520899716016154,0.054520899716016154,0.014458358236825541,0.8897931442206115,0.8869012014098268,0.054520899716016154,0.780751344788579,0.8774526415040604,0.3903756723942895,0.16274725789587802,1.0,1.0,1.0,1.0,0.0,-1,hamilton_08,base_shock,0.05,-1
3,5,0.10722356644996553,0.029784324013879315,0.012651346848093468,2.4591225531600345,0.8057106685703012,0.026805891612491382,1.923004720910208,0.7819881601423639,0.3846009441820416,0.16274725789587802,1.0,1.0,1.0,1.0,0.0,-1,hamilton_08,base_shock,0.05,-1
4,3,0.46388151286455287,0.23194075643227643,0.022531949295972277,4.298265997774081,0.7129201413255792,0.23194075643227643,2.9066214591804225,0.6762311733814655,0.9688738197268075,0.16274725789587802,1.0,1.0,0.6412213740458015,0.9297709923664121,0.40966921119592875,-1,hamilton_08,base_shock,0.05,-1
5,2,0.5822912203760904,0.5822912203760904,0.02313875678077206,3.4321806052678427,0.6890006466984271,0.5822912203760904,2.2675981645156615,0.6606873079567155,1.1337990822578308,0.16274725789587802,1.0,0.7213740458015268,0.5165394402035624,0.9297709923664121,0.5801526717557252,-1,hamilton_08,base_shock,0.05,-1
6,2,0.798152305884411,0.798152305884411,0.020123462921428987,3.0049470162688507,0.48626950611161596,0.798152305884411,1.408642404500029,0.46877445654569194,0.7043212022500145,0.16274725789587802,0.6412213740458015,0.5343511450381679,0.0,0.13358778625954199,0.13893129770992366,-1,hamilton_08,base_shock,0.05,-1
0,25,0.5439485072520015,0.02868926726012666,0.01521302936598756,18.314751784756183,0.37711648203343395,0.022664521135500063,4.716039103456147,0.25749948232339254,0.18864156413824587,0.36868483720461304,0.29133858267716534,1.0,0.0,0.0,0.0,-1,hamilton_19,base_shock,0.05,-1
1,6,0.5827158690587797,0.11654317381175594,0.01415780626834317,5.379283448042319,0.38600565770711476,0.11654317381175594,1.882988233689641,0.3500444347053168,0.31383137228160685,0.36868483720461304,0.29133858267716534,0.9803149606299212,0.0,0.0,0.0,1,hamilton_19,base_shock,0.05,17
2,24,1.2741365556360809,0.06451324332334586,0.013492608320385931,34.046877673605124,0.24819690543940387,0.055397241549394814,3.467600338339184,0.1463490833988106,0.14448334743079932,0.36868483720461304,0.023622047244094488,0.9803149606299212,0.0,0.0,0.0,-1,hamilton_19,base_shock,0.05,-1
0,14,0.4896175339210161,0.045697636499294834,0.020462825919392257,13.689229331971239,0.6893703828002783,0.03766288722469354,6.834583857077021,0.49926724809225226,0.4881845612197872,0.185683397054529,0.4795081967213115,0.8237704918032788,0.430327868852459,0.39344262295081966,0.1844262295081967,-1,hamilton_20,base_shock,0.05,-1
1,26,0.6442169798888865,0.029488805417449027,0.0216805433632476,26.26740001357675,0.7695386967077525,0.02576867919555546,9.517758536465701,0.4071975996998155,0.3660676360179116,0.185683397054529,0.4795081967213115,1.0,0.4918032786885246,0.19672131147540983,0.0,-1,hamilton_20,base_shock,0.05,-1
2,3,0.1282236023997562,0.0641118011998781,0.011523119160306305,0.9493036460542775,0.6063823686624413,0.0641118011998781,0.5646328388550088,0.5947863375452845,0.18821094628500293,0.185683397054529,1.0,0.8237704918032788,0.430327868852459,0.6762295081967213,0.0,-1,hamilton_20,base_shock,0.05,-1
3,5,0.04886487436836788,0.01745174084584567,0.012665120223846731,1.3208595908688114,0.8373053625844324,0.01221621859209197,1.0765352190269724,0.8150262347861428,0.21530704380539448,0.185683397054529,1.0,1.0,0.7868852459016393,0.9918032786885246,0.0,-1,hamilton_20,base_shock,0.05,-1
4,2,0.6853471581944457,0.6853471581944457,0.03054432369739864,3.9364175069703764,0.7079282834171364,0.6853471581944457,2.5657231905814863,0.651791428637398,1.2828615952907432,0.185683397054529,0.4795081967213115,0.7622950819672132,0.430327868852459,0.6885245901639344,1.0,-1,hamilton_20,base_shock,0.05,-1
5,2,0.9484751714400069,0.9484751714400069,0.021658186819059736,3.4779979806713746,0.4888346372119067,0.9484751714400069,1.5810476377913605,0.4545855536943593,0.7905238188956802,0.185683397054529,0.4795081967213115,0.7377049180327868,0.430327868852459,0.31967213114754095,0.9147540983606557,-1,hamilton_20,base_shock,0.05,-1
0,9,0.323245728690601,0.04848685930359014,0.015179083038839788,3.212793218992205,0.4214793237481774,0.04040571608632512,0.30358166077679577,0.32698782053465164,0.043368808682399396,0.20201105138252107,0.0,1.0,0.0189873417721519,0.0759493670886076,0.0,-1,hamilton_01,pre,0.1,-1
1,4,0.09654077243496802,0.03218025747832267,0.006976754833141132,0.4768609025707068,0.21494902613124525,0.03218025747832267,0.09069781283083472,0.1901976285786744,0.02267445320770868,0.20201105138252107,0.9873417721518988,1.0,0.0,0.0,0.0,-1,hamilton_01,pre,0.1,-1
2,3,0.04595370994219639,0.022976854971098196,0.016510359541004167,0.45155796110566826,0.7797195882183012,0.022976854971098196,0.3136968312790791,0.6946989274886718,0.1045656104263597,0.20201105138252107,0.9873417721518988,1.0,0.8860759493670886,0.9620253164556962,0.27848101265822783,-1,hamilton_01,pre,0.1,-1
0,7,0.31126600254148074,0.06052394493862126,0.05049430517199494,4.249128529842158,0.8634161934865764,0.05187766709024679,2.0702665120517927,0.48722143788121575,0.2957523588645418,0.0739499746272928,0.33116883116883117,1.0,0.987012987012987,0.38961038961038963,0.7272727272727273,-1,hamilton_02,pre,0.1,-1
1,2,0.029644405098744983,0.029644405098744983,,0.059288810197489966,0.0,0.029644405098744983,0.0,0.0,0.0,0.0739499746272928,1.0,1.0,0.0,0.0,0.0,-1,hamilton_02,pre,0.1,-1
2,9,0.3748469078670199,0.06487734943852268,0.050494305171994956,5.443888682854972,0.8608085593769681,0.04685586348337749,2.0702665120517927,0.4805167068686853,0.23002961245019918,0.0739499746272928,0.11688311688311688,1.0,0.987012987012987,0.38961038961038963,0.42857142857142855,-1,hamilton_02,pre,0.1,-1
0,4,0.13839406065441598,0.04613135355147199,0.02915763680476208,1.0492560682986192,0.6281301536587505,0.04613135355147199,0.49567982568095537,0.47241073047564636,0.12391995642023884,0.2377831836534877,0.639344262295082,0.7704918032786885,0.3442622950819672,0.5245901639344263,0.3770491803278688,-1,hamilton_13,pre,0.1,-1
1,7,0.2503579415040879,0.048680710848017096,0.030229725600714213,2.447789279345043,0.6736417128701575,0.04172632358401466,0.6952836888164269,0.3895961478848969,0.09932624125948955,0.2377831836534877,0.14754098360655737,0.7704918032786885,0.47540983606557374,0.3442622950819672,0.2459016393442623,-1,hamilton_13,pre,0.1,-1
2,3,0.1679557050605217,0.08397785253026085,0.02315035193019053,0.7353706344834705,0.3810117735824465,0.08397785253026085,0.23150351930190533,0.31481202599899166,0.07716783976730178,0.2377831836534877,0.639344262295082,0.3442622950819672,0.0,0.0,0.14754098360655737,-1,hamilton_13,pre,0.1,-1
0,4,0.12058432762779447,0.08038955175186298,0.027628448814484462,0.6204795545836002,0.5704651581729342,0.04019477587593149,0.13814224407242232,0.34782729194198525,0.03453556101810558,0.20442444657592068,0.2,0.3,0.8333333333333334,0.7333333333333333,0.7,-1,hamilton_14,pre,0.1,-1
1,6,0.04316922195826887,0.021584610979134434,0.027628448814484462,0.3971575758220356,0.5704651581729342,0.008633844391653774,0.13814224407242232,0.34782729194198525,0.03453556101810558,0.20442444657592068,0.7333333333333333,0.85,0.8333333333333334,0.7333333333333333,0.7,-1,hamilton_14,pre,0.1,-1
0,14,0.5644789037282327,0.04648649795408975,0.019617025686171217,15.239472258823294,0.5374803806329171,0.043421454132940976,7.336767606628033,0.4814318686383787,0.5240548290448596,0.21764765509205294,0.8297413793103449,0.9482758620689655,0.0,0.014367816091954023,0.0,-1,hamilton_23,pre,0.1,-1
1,2,0.26377376909909517,0.26377376909909517,0.021530060952162176,1.970061621993056,0.7422234138228079,0.26377376909909517,1.4425140837948658,0.7322177477552783,0.7212570418974329,0.21764765509205294,1.0,0.5387931034482758,0.21551724137931033,0.7931034482758621,0.0,-1,hamilton_23,pre,0.1,-1
2,43,1.8514268429406526,0.05136216402996649,0.02181375411466984,95.20818843843705,0.4700492254277067,0.04408159149858697,15.596834191988929,0.30623102399145036,0.3999188254356136,0.21764765509205294,0.0,0.8908045977011494,0.0,0.0,0.0,-1,hamilton_23,pre,0.1,-1
3,21,0.5753891848394416,0.0353309148585622,0.024363141349663265,30.574797166022694,0.7648101877112571,0.028769459241972075,18.49162428439444,0.6047995734520817,0.8805535373521162,0.21764765509205294,0.8297413793103449,1.0,0.21551724137931033,0.1939655172413793,0.02586206896551724,-1,hamilton_23,pre,0.1,-1
4,2,0.8946814331529509,0.8946814331529509,0.015975295441132135,3.147262978802133,0.4409505912804603,0.8946814331529509,1.357900112496231,0.43145428953415765,0.6789500562481156,0.21764765509205294,0.5818965517241379,0.5387931034482758,0.0,0.014367816091954023,0.0,-1,hamilton_23,pre,0.1,-1
0,7,0.16192048953896857,0.029827458599283683,0.016324711663761416,3.500526618018185,0.718267335710903,0.02698674825649476,2.367083191245405,0.6762077394473646,0.3381547416064864,0.2689190409628823,1.0,0.9924242424242424,0.9272727272727272,0.9848484848484849,0.0,-1,hamilton_07,pre,0.1,-1
1,27,0.9955301681859476,0.04732273686799399,0.022079487212324694,35.468235066614895,0.5954435983698544,0.03828962185330568,8.588920525594306,0.3532854952259294,0.3181081676146039,0.2689190409628823,0.06818181818181818,0.9924242424242424,0.44318181818181823,0.022727272727272728,0.0,-1,hamilton_07,pre,0.1,-1
2,10,0.20176218681707753,0.03362703113617959,0.020567061731520182,6.706911942957377,0.787528424430671,0.02241802075745306,4.689290074786602,0.6991727511363277,0.46892900747866023,0.2689190409628823,1.0,0.9924242424242424,0.9772727272727273,0.9848484848484849,0.125,-1,hamilton_07,pre,0.1,-1
3,2,0.48937645327793206,0.48937645327793206,0.01907201767347072,2.2184340553314605,0.5803457952806187,0.48937645327793206,1.239681148775597,0.5588091049162937,0.6198405743877985,0.2689190409628823,0.9886363636363635,0.9545454545454546,0.44318181818181823,0.7159090909090909,0.26515151515151514,-1,hamilton_07,pre,0.1,-1
4,3,1.6079756606404498,0.8039878303202249,0.016098152017041147,5.757619798909737,0.17944997042561434,0.8039878303202249,0.9336928169883864,0.16216645933536467,0.3112309389961288,0.2689190409628823,0.0,0.9545454545454546,0.0,0.0,0.0,-1,hamilton_07,pre,0.1,-1
5,5,0.7018405834444339,0.19495571762345387,0.021643486519969737,6.128064786138508,0.476167703716077,0.17546014586110847,2.6188618689163383,0.4273554474881079,0.5237723737832677,0.2689190409628823,0.7727272727272727,0.9924242424242424,0.045454545454545456,0.22727272727272727,0.13636363636363635,-1,hamilton_07,pre,0.1,-1
0,16,0.3895852365965234,0.03351270852443212,0.01875235034863227,11.915325941179951,0.531776755828586,0.02597234910643489,5.68196215563558,0.47686166401864344,0.3551226347272238,0.14811827961358756,0.9922480620155039,1.0,0.0,0.06201550387596899,0.0,-1,hamilton_08,pre,0.1,-1
1,37,2.170632140647983,0.06518943928894104,0.026862037075927263,91.27310033095365,0.5746403979413214,0.06029533724022174,10.95971112697832,0.4545643723955832,0.47650917943383997,0.14811827961358756,0.0,1.0,0.0,0.031007751937984496,0.0,-1,hamilton_08,pre,0.1,-1
2,2,0.9215611398233025,0.9215611398233025,0.0218432099627666,2.957125987747702,0.3866271222262221,0.9215611398233025,1.114003708101097,0.37671837883024356,0.5570018540505485,0.14811827961358756,0.43410852713178294,0.5581395348837209,0.0,0.0,0.0,-1,hamilton_08,pre,0.1,-1
3,5,0.5894382392527504,0.21051365687598228,0.04308710889403304,9.237909094792576,0.7402327369355063,0.1473595598131876,6.290717898528818,0.680967720506679,1.2581435797057636,0.14811827961358756,0.9922480620155039,0.7751937984496124,0.3798449612403101,0.7364341085271318,0.3488372093023256,-1,hamilton_08,pre,0.1,-1
0,3,0.7045938309277989,0.35229691546389946,0.03834525728446837,6.140033507652574,0.7023751678558843,0.35229691546389946,4.026252014869177,0.6557377919601083,1.3420840049563925,0.16605939428737893,0.9448818897637795,0.9448818897637795,0.4881889763779528,0.8818897637795275,0.937007874015748,-1,hamilton_19,pre,0.1,-1
1,6,0.24519040877525286,0.052540801880411325,0.01412656059814679,2.502381376316233,0.42356522121841866,0.04903808175505057,1.0312389236647157,0.41210302051672365,0.17187315394411928,0.16605939428737893,1.0,1.0,0.0,0.0,0.0,-1,hamilton_19,pre,0.1,-1
2,32,1.9102695729275334,0.07584196815593185,0.028027568220225927,70.85419250609948,0.5871682813481706,0.061621599126694626,9.725566172418393,0.44990659183585036,0.4420711896553815,0.16605939428737893,0.0,1.0,0.05249343832020997,0.026246719160104987,0.0,-1,hamilton_19,pre,0.1,-1
3,5,0.7125064240673089,0.19791845112980805,0.01544388091961553,5.122364093217714,0.32237160925067865,0.17812660601682723,1.559831972881168,0.3045140768002942,0.3119663945762336,0.16605939428737893,0.9448818897637795,0.9448818897637795,0.0,0.0,0.0,-1,hamilton_19,pre,0.1,-1
4,8,0.3495252407704074,0.0635500437764377,0.024783703232881604,7.852077385671106,0.7036388948057515,0.04993217725291534,5.0558754595078454,0.6438901721389144,0.6319844324384807,0.16605939428737893,1.0,1.0,0.4881889763779528,0.8818897637795275,0.0,-1,hamilton_19,pre,0.1,-1
0,21,0.6613597007599851,0.03945611851124911,0.013237810637277182,17.025914836994378,0.3707574794143727,0.03306798503799925,3.1373611210346923,0.18648772644827968,0.14939814862069964,0.36012638055144014,0.21705426356589147,0.9405684754521964,0.0,0.0,0.0,-1,hamilton_20,pre,0.1,-1
1,24,0.31586935083176076,0.019639545129435904,0.013701197641358659,11.006163830301922,0.46116498184135124,0.013733450036163513,3.4252994103396635,0.3112164658960651,0.14272080876415263,0.36012638055144014,0.3953488372093023,1.0,0.07235142118863049,0.0,0.0,-1,hamilton_20,pre,0.1,-1
2,4,0.4863052872936269,0.16210176243120897,0.02125851344554396,3.582126684481393,0.5110465416216398,0.16210176243120897,1.636905535306885,0.4569647250049366,0.4092263838267213,0.36012638055144014,0.22739018087855295,0.7441860465116279,0.13953488372093023,0.20930232558139536,0.4806201550387597,-1,hamilton_20,pre,0.1,-1
3,2,0.7223122203668864,0.7223122203668864,0.01411613988236057,2.235128274145964,0.378677395448736,0.7223122203668864,0.7905038334121919,0.35367269187905603,0.39525191670609594,0.36012638055144014,0.21705426356589147,0.34108527131782945,0.0,0.010335917312661497,0.4806201550387597,-1,hamilton_20,pre,0.1,-1
0,3,0.08573636372735731,0.042868181863678655,0.012142163075642977,0.5607631680731464,0.6201410966078708,0.042868181863678655,0.3035540768910744,0.5413231363502793,0.1011846922970248,0.3592673820263779,0.75,0.6710526315789473,0.4868421052631579,0.6973684210526315,0.4342105263157895,-1,hamilton_01,base_shock,0.1,-1
1,10,0.20756211538196084,0.032431580528431384,0.013605080235328845,2.4701684806441446,0.3628980705322755,0.023062457264662318,0.3945473268245364,0.2031732056430391,0.05636390383207663,0.3592673820263779,0.4144736842105263,0.7105263157894737,0.07894736842105263,0.0,0.0,-1,hamilton_01,base_shock,0.1,-1
2,4,0.2847195000014841,0.0949065000004947,0.012114240681302223,1.3811628136319811,0.25535829857896636,0.0949065000004947,0.24228481362604445,0.17542089262374438,0.060571203406511114,0.3592673820263779,0.4144736842105263,0.5921052631578947,0.0,0.0,0.039473684210526314,-1,hamilton_01,base_shock,0.1,-1
0,11,0.3151074013164497,0.040304435052104036,0.03220342896362287,5.494997439189188,0.6770045660304435,0.031510740131644975,2.0288160247082407,0.3692114595430279,0.2536020030885301,0.16016855006239317,0.49411764705882355,1.0,0.38823529411764707,0.08235294117647059,0.12941176470588237,-1,hamilton_02,base_shock,0.1,-1
1,8,0.5703345885482256,0.11406691770964512,0.03220342896362286,6.591492733094045,0.6770045660304436,0.08147636979260366,2.028816024708241,0.369211459543028,0.25360200308853015,0.16016855006239317,0.0,0.7764705882352941,0.38823529411764707,0.08235294117647059,0.12941176470588237,-1,hamilton_02,base_shock,0.1,-1
0,3,0.104038132293488,0.052019066146744,0.016794254016150808,0.6144109691711787,0.5197250834907097,0.052019066146744,0.3022965722907146,0.4920103765375532,0.10076552409690487,0.22119076910368804,0.9885057471264368,0.9770114942528736,0.1839080459770115,0.6436781609195402,0.0,-1,hamilton_13,base_shock,0.1,-1
1,7,0.610044226414724,0.1067577396225767,0.03380839600309622,5.994537781060975,0.5995799746601022,0.10167403773578734,1.724228196157907,0.3119467560314033,0.24631831373684385,0.22119076910368804,0.0,0.9770114942528736,0.47509578544061304,0.04597701149425287,0.3371647509578544,-1,hamilton_13,base_shock,0.1,-1
2,4,0.22087712252320857,0.08835084900928343,0.025835361485794628,1.8394168650672358,0.6184061332178404,0.07362570750773618,0.9559083749744012,0.5196801188073591,0.2389770937436003,0.22119076910368804,0.9885057471264368,0.9770114942528736,0.47509578544061304,0.6436781609195402,0.3371647509578544,-1,hamilton_13,base_shock,0.1,-1
3,6,0.22461454014869722,0.044922908029739445,0.03318847318415235,3.0734878464681055,0.7657883657620035,0.044922908029739445,1.7258006055759219,0.5615120969354486,0.28763343426265364,0.22119076910368804,0.9885057471264368,0.9770114942528736,0.896551724137931,0.6781609195402298,0.4942528735632184,-1,hamilton_13,base_shock,0.1,-1
0,4,0.16433553404430645,0.06573421361772258,0.020596822655095368,0.8633103627281794,0.5294583852331984,0.05477851134810215,0.2059682265509537,0.29087880198799576,0.051492056637738426,0.2730983194597186,0.375,0.7142857142857143,0.5892857142857143,0.75,0.6428571428571429,-1,hamilton_14,base_shock,0.1,-1
1,3,0.0526706306011073,0.039502972950830474,0.02383370712549638,0.2771804274308038,0.5220088137604539,0.02633531530055365,0.1191685356274819,0.42993127881380266,0.03972284520916063,0.2730983194597186,0.8928571428571429,0.7142857142857143,0.5892857142857143,0.75,0.6428571428571429,-1,hamilton_14,base_shock,0.1,-1
2,3,0.08504735388506009,0.04252367694253004,0.025109573523371547,0.4309090763187811,0.5620133915794726,0.04252367694253004,0.17576701466360084,0.40789814910645006,0.05858900488786695,0.2730983194597186,0.8928571428571429,0.7142857142857143,0.5892857142857143,0.75,0.6428571428571429,-1,hamilton_14,base_shock,0.1,-1
0,16,0.6449683788338378,0.04690679118791548,0.020986974343777835,21.589499283950104,0.5946263455738648,0.04299789192225586,11.270005222608692,0.5220132748047079,0.7043753264130432,0.15647490053562477,1.0,0.9734513274336283,0.0,0.0,0.0,-1,hamilton_23,base_shock,0.1,-1
1,20,1.0227385942148817,0.05980927451549016,0.03168828260274613,46.50254018375495,0.7600529477246885,0.05382834706394114,26.04776829945727,0.5601364612885538,1.3023884149728635,0.15647490053562477,0.0,0.8702064896755163,0.26548672566371684,0.08849557522123894,0.2920353982300885,-1,hamilton_23,base_shock,0.1,-1
2,37,1.768620121735564,0.0548064861844354,0.02937018072967556,98.92095053604602,0.7684187447953315,0.04912833671487678,33.482006031830146,0.42994640045984545,0.9049190819413553,0.15647490053562477,0.0,0.8702064896755163,0.26548672566371684,0.0,0.0,-1,hamilton_23,base_shock,0.1,-1
3,8,0.16450356033092758,0.0346323284907216,0.01785810736401352,6.494879618211343,0.8277844641265663,0.023500508618703942,5.17885113556392,0.797374461112822,0.64735639194549,0.15647490053562477,1.0,1.0,0.2831858407079646,0.9734513274336283,0.0,-1,hamilton_23,base_shock,0.1,-1
4,3,0.21697226527538738,0.10848613263769369,0.018702138514856345,3.2879183264209066,0.8172258537889021,0.10848613263769369,2.6370015305947434,0.802027687064014,0.8790005101982478,0.15647490053562477,1.0,0.8702064896755163,0.2765486725663717,0.9734513274336283,0.0,4,hamilton_23,base_shock,0.1,33
0,14,0.6289211232235656,0.061145109202291104,0.027523423655584474,17.694961565883702,0.670586295708973,0.04837854794027428,8.890065840753788,0.5024066205316909,0.6350047029109849,0.22858160021900517,0.2962962962962963,0.7293447293447294,0.17094017094017094,0.13675213675213677,0.12535612535612534,-1,hamilton_07,base_shock,0.1,-1
1,14,0.45765273604174983,0.05429778224224151,0.02081840513175378,13.92258255714761,0.6725070104808124,0.035204056618596144,7.515444252563117,0.5398024555943336,0.5368174466116512,0.22858160021900517,0.6153846153846154,0.7293447293447294,0.17094017094017094,0.1452991452991453,0.05128205128205128,-1,hamilton_07,base_shock,0.1,-1
2,3,0.9298698098630137,0.46493490493150685,0.03036520996077745,6.190512945196115,0.6022112590031905,0.46493490493150685,3.400903515607073,0.5493734599563675,1.1336345052023578,0.22858160021900517,0.0,0.7293447293447294,0.17094017094017094,0.1452991452991453,0.8290598290598291,-1,hamilton_07,base_shock,0.1,-1
3,25,0.8421448840310782,0.038844321219145675,0.024160758059303254,32.74742900147973,0.6663848840129015,0.03508937016796159,11.693806900702777,0.3570908391060067,0.4677522760281111,0.22858160021900517,0.0,0.8632478632478633,0.17094017094017094,0.0,0.0,-1,hamilton_07,base_shock,0.1,-1
0,21,1.1338376968146306,0.05751350636016243,0.03877948673680153,48.74580160487063,0.7833535697756339,0.05669188484073153,24.935209971763374,0.5115355405145676,1.1873909510363512,0.15863460476695102,0.0992063492063492,1.0,0.5952380952380952,0.0992063492063492,0.0992063492063492,-1,hamilton_08,base_shock,0.1,-1
1,28,1.8911032686264286,0.07521433454764205,0.03713738243073577,76.45885460019574,0.6746453657832524,0.07004086180097883,23.507963078655745,0.3671863644474468,0.8395701099519909,0.15863460476695102,0.0,1.0,0.0,0.0,0.0,-1,hamilton_08,base_shock,0.1,-1
2,5,0.5533780504789488,0.1383445126197372,0.02971298246613882,6.421587095729819,0.5963885493343462,0.1383445126197372,3.654696843335076,0.5691267265946373,0.7309393686670151,0.15863460476695102,1.0,1.0,0.0,0.1984126984126984,0.0,-1,hamilton_08,base_shock,0.1,-1
3,4,0.14402376085485974,0.048007920284953244,0.02018589990880019,3.058960732201862,0.8297371666153783,0.048007920284953244,2.482865688782423,0.811669683316019,0.6207164221956057,0.15863460476695102,1.0,1.0,0.7777777777777778,1.0,0.0,-1,hamilton_08,base_shock,0.1,-1
4,3,0.4360862760663167,0.21804313803315836,0.03451751087206965,5.795535241568005,0.8075811382796572,0.21804313803315836,4.487276413369053,0.7742643649519079,1.495758804456351,0.15863460476695102,1.0,1.0,0.7341269841269842,1.0,0.3412698412698413,-1,hamilton_08,base_shock,0.1,-1
0,6,0.8773638800902083,0.17547277601804165,0.022434738257147046,8.203133992227512,0.39149274749375773,0.17547277601804165,2.9389507116862634,0.3582716940221781,0.4898251186143772,0.3627023813641631,0.16393442622950818,0.8360655737704917,0.0,0.0,0.0,0,hamilton_19,base_shock,0.1,36
1,25,0.8641946086115871,0.04482337181595369,0.02590521445322869,29.09147219227277,0.3681315273373332,0.03600810869214946,7.486606976983091,0.2573471334658571,0.29946427907932366,0.3627023813641631,0.16393442622950818,1.0,0.0,0.0,0.0,-1,hamilton_19,base_shock,0.1,-1
2,24,2.254689231408158,0.11180277180536322,0.023285388651437096,59.375039389020586,0.22973762137665496,0.0980299665829634,5.262497835224784,0.14110613768625582,0.219270743134366,0.3627023813641631,0.0,0.860655737704918,0.0,0.0,0.0,2,hamilton_19,base_shock,0.1,38
0,23,1.257482945760522,0.06179937553951284,0.03596672337055943,44.92729965239096,0.6997494219693138,0.057158315716387374,16.005191899898954,0.3562464698242149,0.6958779086912589,0.16401796099341953,0.0,1.0,0.18487394957983194,0.0,0.008403361344537815,-1,hamilton_20,base_shock,0.1,-1
1,7,0.21682770331081544,0.044640997740462,0.01770788464614812,3.5896164267750374,0.6007327174369875,0.03613795055180257,2.0718225035993294,0.5771710002621879,0.2959746433713328,0.16401796099341953,1.0,1.0,0.0,0.16806722689075632,0.0,-1,hamilton_20,base_shock,0.1,-1
2,22,1.226076550646313,0.06611197086818354,0.036268651897797495,43.00442825304537,0.7031851773822082,0.05838459764982443,16.03074413882649,0.37276961443363144,0.7286701881284767,0.16401796099341953,0.012605042016806723,1.0,0.18487394957983194,0.0,0.008403361344537815,-1,hamilton_20,base_shock,0.1,-1
0,8,1.3148740760570956,0.18783915372244223,0.05177356071470124,11.55446382275079,0.39575676651123526,0.18783915372244223,1.0354712142940248,0.3061402139668258,0.1294339017867531,0.20517588146319907,0.0,0.6038961038961039,0.01948051948051948,0.0974025974025974,0.0,0,hamilton_01,pre,0.5,40
1,3,0.3604691902077633,0.18023459510388165,0.02746386660076387,1.3285823700301647,0.204207649096924,0.18023459510388165,0.2471747994068748,0.18604401577394322,0.0823915998022916,0.20517588146319907,0.974025974025974,0.6038961038961039,0.0,0.0,0.0,1,hamilton_01,pre,0.5,41
2,5,0.16057224060763858,0.05017882518988706,0.04632960895713158,2.0537606448807457,0.706174078769305,0.040143060151909646,1.2508994418425525,0.6090775207717487,0.2501798883685105,0.20517588146319907,0.974025974025974,1.0,0.5974025974025974,0.7792207792207793,0.05194805194805195,-1,hamilton_01,pre,0.5,-1
0,9,2.2225892822035473,0.2778236602754434,0.1894091341195788,28.905532843452125,0.854390796947253,0.2778236602754434,8.902229303620203,0.5464141423796554,0.9891365892911337,0.05215968423986703,0.04285714285714286,1.0,1.0,0.8857142857142857,0.08571428571428572,-1,hamilton_02,pre,0.5,-1
1,3,0.08843709523423242,0.04421854761711621,0.1082872311209453,0.9150346724283691,0.7247255061616619,0.04421854761711621,0.6497233867256718,0.7100532977634609,0.2165744622418906,0.05215968423986703,1.0,1.0,0.6857142857142857,0.8857142857142857,0.0,-1,hamilton_02,pre,0.5,-1
2,6,0.9708507197579368,0.19417014395158735,0.1802255224593562,15.377057008893496,0.9414963572356713,0.19417014395158735,9.551952690345878,0.6211821081772277,1.5919921150576464,0.05215968423986703,0.9857142857142858,1.0,1.0,0.8857142857142857,0.8142857142857143,-1,hamilton_02,pre,0.5,-1
0,5,0.2975490031906235,0.09298406349706984,0.08170569011948398,3.040153128223313,0.6368202127054863,0.07438725079765587,1.5524081122701954,0.5106348419947628,0.3104816224540391,0.19956079599809284,0.9552238805970149,1.0,0.31343283582089554,0.47761194029850745,0.08955223880597014,-1,hamilton_13,pre,0.5,-1
1,6,1.3414013907128284,0.26828027814256566,0.07387118681924792,10.264543948854406,0.6523030316181055,0.26828027814256566,2.216135604577437,0.4364010280201012,0.3693559340962395,0.19956079599809284,0.0,0.6716417910447762,0.31343283582089554,0.4701492537313433,0.19402985074626866,-1,hamilton_13,pre,0.5,-1
2,3,0.42197653455217204,0.21098826727608602,0.05939432417052186,2.0380558178733006,0.43688840898391923,0.21098826727608602,0.7721262142167842,0.37885430195061753,0.25737540473892806,0.19956079599809284,0.9552238805970149,0.7164179104477612,0.0,0.40298507462686567,0.08955223880597014,-1,hamilton_13,pre,0.5,-1
0,3,0.40748333253863217,0.20374166626931609,0.08099361887252236,2.35636066183121,0.6824695433630316,0.20374166626931609,1.133910664215313,0.48121269489115964,0.37797022140510433,0.213998913583947,0.679245283018868,0.5660377358490567,0.6792452830188679,0.6981132075471698,0.660377358490566,-1,hamilton_14,pre,0.5,-1
1,3,0.6126866647163456,0.3063433323581728,0.08274819378913952,2.9965347071969894,0.6185793719366995,0.3063433323581728,1.1584747130479531,0.38660480396424657,0.38615823768265106,0.213998913583947,0.39622641509433965,0.5094339622641509,0.6792452830188679,0.6981132075471698,0.660377358490566,-1,hamilton_14,pre,0.5,-1
2,4,0.3346806732819591,0.1115602244273197,0.08118059847914744,2.637612268794195,0.7351007969546792,0.1115602244273197,1.2988895756663585,0.4924490195293776,0.32472239391658964,0.213998913583947,0.7735849056603774,0.9056603773584906,0.6792452830188679,0.6981132075471698,0.660377358490566,-1,hamilton_14,pre,0.5,-1
0,33,3.937274727075654,0.13851819402291746,0.04600714177730133,156.15413680655837,0.2531065914042771,0.12303983522111418,26.224070813061772,0.1679370867103431,0.7946688125170234,0.3335127555349271,0.0,0.926605504587156,0.0,0.0,0.0,0,hamilton_23,pre,0.5,46
1,49,5.7485794818197435,0.13324521977727882,0.046007141777301336,307.90446542222924,0.2531065914042766,0.11976207253791132,26.224070813061726,0.16793708671034283,0.794668812517022,0.3335127555349271,0.0,0.926605504587156,0.0,0.0,0.0,1,hamilton_23,pre,0.5,47
0,29,3.5293503574323726,0.1398239895704082,0.05908738522298149,119.66376423587238,0.5041026914155455,0.12604822705115615,17.312603870333557,0.35942561242772236,0.6925041548133423,0.1971621334118341,0.0,1.0,0.0,0.0,0.0,-1,hamilton_07,pre,0.5,-1
1,12,1.1032852308181325,0.1273021420174768,0.06501746583197535,28.97364950115562,0.6563649948941346,0.10029865734710294,15.73422673133805,0.5430529809753682,1.3111855609448375,0.1971621334118341,1.0,1.0,0.0,0.14749262536873156,0.008849557522123894,-1,hamilton_07,pre,0.5,-1
2,7,0.9088634127755846,0.15147723546259742,0.053621660091903875,10.276425076138075,0.4057534193138018,0.15147723546259742,3.914381186708984,0.38090884307600337,0.5591973123869977,0.1971621334118341,1.0,1.0,0.0,0.0,0.0,-1,hamilton_07,pre,0.5,-1
3,2,0.10879028919071167,0.10879028919071167,0.024297914295590355,1.1651992359094472,0.8189532249013445,0.10879028919071167,0.9476186575280239,0.8132674896481545,0.47380932876401194,0.1971621334118341,1.0,1.0,0.8053097345132744,1.0,0.0,-1,hamilton_07,pre,0.5,-1
4,4,0.5593461064228878,0.18644870214096262,0.05354136113456476,7.752144622551722,0.7458353357289487,0.18644870214096262,5.514760196860172,0.7113851024937297,1.378690049215043,0.1971621334118341,1.0,1.0,0.16592920353982302,1.0,0.008849557522123894,-1,hamilton_07,pre,0.5,-1
0,43,6.58980332473568,0.17090563508059967,0.04440901040609627,293.44238832581806,0.2970167264522444,0.15690007916037332,10.080845362183851,0.26266298015233774,0.5929909036578735,0.14380902586304262,0.0,1.0,0.0,0.0,0.0,0,hamilton_08,pre,0.5,49
1,17,1.664620364264062,0.11229581822416292,0.04440901040609627,38.379391554672914,0.2970167264522446,0.10403877276650388,10.080845362183856,0.2626629801523379,0.5929909036578739,0.14380902586304262,0.6082474226804123,1.0,0.0,0.0,0.0,1,hamilton_08,pre,0.5,50
0,31,6.0317547812859,0.2189512859717364,0.05934970873169754,206.45110268385963,0.5127425060318904,0.20105849270953,19.46670446399678,0.4184504232533047,0.8463784549563818,0.1558449912900546,0.0,1.0,0.0,0.013201320132013201,0.0,0,hamilton_19,pre,0.5,51
1,6,0.753983896290991,0.1507967792581982,0.031243069665551456,5.992327652026863,0.2509962574346728,0.1507967792581982,1.4684242742809182,0.24505073146062598,0.2447373790468197,0.1558449912900546,1.0,1.0,0.0,0.0,0.0,1,hamilton_19,pre,0.5,52
2,9,1.247219905210904,0.17007544161966875,0.04932477907715936,20.054114601709664,0.4781721714888409,0.155902488151363,8.829135454811523,0.4402655330422225,0.9810150505346136,0.1558449912900546,1.0,1.0,0.0,0.013201320132013201,0.0,2,hamilton_19,pre,0.5,53
3,8,1.0706540299633036,0.17844233832721726,0.06334712429198658,20.4744916065999,0.6328864136214338,0.15295057570904338,11.909259366893474,0.5816632518022843,1.4886574208616843,0.1558449912900546,1.0,1.0,0.0,0.26732673267326734,0.0,3,hamilton_19,pre,0.5,54
0,23,2.070059340703744,0.11336039246710979,0.03468275266745444,54.99879115435392,0.2990413629557588,0.09409360639562472,7.387426318167798,0.16472156859091522,0.3211924486159912,0.35402698390176646,0.0,1.0,0.0,0.0,0.0,0,hamilton_20,pre,0.5,55
1,16,0.584769371298337,0.049243736530386266,0.037754617773701364,20.11637600627828,0.66984654841112,0.038984624753222466,10.760066065504896,0.534890880054474,0.672504129094056,0.35402698390176646,0.8211382113821138,1.0,0.06504065040650407,0.08943089430894309,0.0,-1,hamilton_20,pre,0.5,-1
2,12,1.5712219790414033,0.14503587498843723,0.04138676224179951,24.73158398683237,0.31586693340199234,0.14283836173103667,5.87692023833553,0.2376281374239729,0.48974335319462753,0.35402698390176646,0.0,1.0,0.0,0.0,0.0,2,hamilton_20,pre,0.5,57
0,7,0.4631883197877335,0.10132244495356671,0.04153294132191143,4.654438243459123,0.5174558175236791,0.0771980532979556,1.4121200049449885,0.30339214553537996,0.2017314292778555,0.3929825995129491,0.23076923076923078,0.8974358974358975,0.08974358974358974,0.038461538461538464,0.02564102564102564,0,hamilton_01,base_shock,0.5,58
1,7,0.43985580044194134,0.0855275167525997,0.034778820096313716,3.9832399255977466,0.351429919628894,0.0733093000736569,0.9042493225041568,0.22701352150371917,0.12917847464345097,0.3929825995129491,0.23076923076923078,0.8974358974358975,0.0,0.0,0.0,-1,hamilton_01,base_shock,0.5,-1
2,3,0.6809781975787673,0.34048909878938366,0.047546195941628476,2.6134889440358435,0.2843655037968015,0.34048909878938366,0.5705543512995416,0.2183113697884909,0.19018478376651385,0.3929825995129491,0.07692307692307693,0.1923076923076923,0.0,0.0,0.019230769230769232,2,hamilton_01,base_shock,0.5,60
0,3,0.09328125614854565,0.04664062807427283,0.06368206000855717,2.381351748728024,0.9659123801152343,0.04664062807427283,2.1015079802823866,0.8824853285134743,0.7005026600941289,0.14630690584165917,1.0,1.0,1.0,1.0,0.7105263157894737,-1,hamilton_02,base_shock,0.5,-1
1,5,0.63883287948473,0.1597082198711825,0.07132255220156485,7.116904768509717,0.742967822264675,0.1597082198711825,3.9227403710860655,0.551186294980801,0.7845480742172131,0.14630690584165917,0.5263157894736842,0.736842105263158,0.5526315789473685,0.5087719298245614,0.7105263157894737,-1,hamilton_02,base_shock,0.5,-1
2,5,0.7602403421058767,0.19006008552646916,0.08313674300425376,7.874902117737819,0.7241282645658864,0.19006008552646916,4.073700407208434,0.5173017196026639,0.8147400814416867,0.14630690584165917,0.4473684210526316,0.736842105263158,0.5526315789473685,0.5087719298245614,0.7105263157894737,-1,hamilton_02,base_shock,0.5,-1
3,6,0.8037733776625315,0.17223715235625675,0.09430385465212843,10.19795998114651,0.8365012582190233,0.1607546755325063,5.375319715171321,0.5270975494225265,0.8958866191952201,0.14630690584165917,0.4473684210526316,0.736842105263158,1.0,0.5087719298245614,0.7105263157894737,-1,hamilton_02,base_shock,0.5,-1
0,3,0.471739049600689,0.2358695248003445,0.054029268991567125,2.225656183675574,0.3965891894277464,0.2358695248003445,0.8104390348735069,0.3641348743879669,0.2701463449578356,0.2653789518151536,0.8352941176470589,0.7999999999999999,0.0,0.11764705882352941,0.0,0,hamilton_13,base_shock,0.5,62
1,8,1.4094524157382606,0.21683883319050162,0.0904353142197986,14.893031894698028,0.5368884640544525,0.20135034510546582,3.6174125687919445,0.2939955061685731,0.45217657109899306,0.2653789518151536,0.0,0.7999999999999999,0.07058823529411765,0.0,0.1411764705882353,-1,hamilton_13,base_shock,0.5,-1
2,4,0.6058676996689263,0.2019558998896421,0.07703703908891654,4.8886560495210345,0.61476982457681,0.2019558998896421,2.4651852508453294,0.5042664539852125,0.6162963127113323,0.2653789518151536,0.8352941176470589,0.7999999999999999,0.39215686274509803,0.6745098039215686,0.49411764705882355,-1,hamilton_13,base_shock,0.5,-1
3,5,0.4619687231444156,0.1154921807861039,0.0822901887964873,5.190000223599133,0.6858159668784896,0.1154921807861039,2.8801566078770566,0.5549434458173763,0.5760313215754114,0.2653789518151536,0.8352941176470589,0.9764705882352941,0.6352941176470588,0.6941176470588235,0.4392156862745098,-1,hamilton_13,base_shock,0.5,-1
0,3,0.5390489186104997,0.2695244593052499,0.1321005079290787,3.070252343051365,0.7239831423744028,0.2695244593052499,1.4531055872198662,0.4732853931399331,0.4843685290732887,0.2065447833460238,0.4067796610169492,0.6610169491525424,0.5084745762711864,0.3220338983050847,0.8135593220338984,-1,hamilton_14,base_shock,0.5,-1
1,3,0.3495234740866889,0.17476173704334444,0.05094329272510389,1.6598899349613132,0.4531168271965266,0.17476173704334444,0.6113195127012467,0.36828918582212783,0.20377317090041558,0.2065447833460238,0.559322033898305,0.711864406779661,0.05084745762711865,0.2033898305084746,0.05084745762711865,-1,hamilton_14,base_shock,0.5,-1
2,4,0.6172960460556427,0.20576534868521423,0.09806887808935534,4.1363551117416115,0.7555099674630987,0.20576534868521423,1.667170927519041,0.40305314279872817,0.41679273187976024,0.2065447833460238,0.4067796610169492,0.711864406779661,0.5254237288135594,0.2796610169491526,0.7627118644067796,-1,hamilton_14,base_shock,0.5,-1
0,17,0.7891349572955041,0.07290920801099766,0.06260222676722249,52.85469713737375,0.8132697164023331,0.049320934830969006,39.43940286335016,0.7461853912594348,2.3199648743147154,0.1190335329627783,1.0,1.0,0.0,0.8247422680412371,0.0,-1,hamilton_23,base_shock,0.5,-1
1,16,2.7260907328416812,0.18800625743735733,0.07133155042254663,82.35048360490971,0.5397065196218327,0.1817393821894454,38.733031879442834,0.4703437087907226,2.420814492465177,0.1190335329627783,0.3247422680412371,0.7268041237113402,0.0,0.0,0.0,1,hamilton_23,base_shock,0.5,66
2,51,8.491458197656652,0.17910023493816757,0.07170427366255888,505.55738875333617,0.6795627039282411,0.16982916395313302,72.49302067284697,0.5361704357396405,2.1967582022074836,0.1190335329627783,0.0,0.7268041237113402,0.0,0.030927835051546393,0.0,2,hamilton_23,base_shock,0.5,67
0,28,2.395047442788496,0.09891051386147182,0.08318964426744674,110.40313306141768,0.8292316911721768,0.08870546084401837,43.34180466333974,0.43665402184798713,1.5479215951192764,0.14273127450146283,0.0,1.0,0.6037735849056604,0.0,0.0,-1,hamilton_07,base_shock,0.5,-1
1,15,2.7221358450549036,0.20213880037536414,0.0836360873631441,74.37010870844433,0.6988557856155301,0.19443827464677885,33.538071032620785,0.45096170511328987,2.235871402174719,0.14273127450146283,0.0,0.8301886792452831,0.0,0.0,0.1792452830188679,-1,hamilton_07,base_shock,0.5,-1
2,5,0.34856658443061594,0.08714164610765399,0.039712438038051745,7.104012057290065,0.7811365786404846,0.08714164610765399,5.3611791351369895,0.7546692054999262,1.072235827027398,0.14273127450146283,1.0,1.0,0.07547169811320754,0.9433962264150944,0.0,-1,hamilton_07,base_shock,0.5,-1
3,8,0.8192869117750488,0.11704098739643554,0.0634491494564698,17.784794747995544,0.6899959544230774,0.11704098739643554,11.23049945379515,0.6314663516181932,1.4038124317243938,0.14273127450146283,1.0,1.0,0.0,0.38993710691823896,0.0,-1,hamilton_07,base_shock,0.5,-1
0,26,3.9066804803477377,0.1627783533478224,0.09942489310078094,160.93035367020735,0.6479547646703178,0.15626721921390951,59.356661181166295,0.36883446675824244,2.2829485069679345,0.1673259969656128,0.0,0.9108910891089109,0.0,0.0,0.0,0,hamilton_08,base_shock,0.5,69
1,3,0.34023443278010385,0.17011721639005192,0.045427119492794356,5.290852530662981,0.818675856726675,0.17011721639005192,4.2701492323226695,0.8070815067279128,1.4233830774408898,0.1673259969656128,1.0,0.9108910891089109,0.019801980198019802,0.9702970297029703,0.0,1,hamilton_08,base_shock,0.5,70
2,27,4.596523039105244,0.17986394500846606,0.10038816535500031,192.16929816653175,0.7293581735043246,0.176789347657894,68.06317611069021,0.37517476980730213,2.5208583744700075,0.1673259969656128,0.0,0.9108910891089109,0.0,0.0,0.0,2,hamilton_08,base_shock,0.5,71
3,5,0.9354934226171208,0.2338733556542802,0.10414435272921917,15.196046738736737,0.7215413378670956,0.2338733556542802,10.51857962565114,0.6921918447932834,2.103715925130228,0.1673259969656128,1.0,0.8316831683168316,0.0,0.594059405940594,0.0,3,hamilton_08,base_shock,0.5,72
0,6,1.8294744617894942,0.36589489235789885,0.04552969140871094,16.80464727105197,0.3758002816454488,0.36589489235789885,5.827800500314996,0.34679695481345124,0.9713000833858327,0.27406367872368853,0.48571428571428577,0.2285714285714286,0.0,0.0,0.0,0,hamilton_19,base_shock,0.5,73
1,23,4.452220652410469,0.22069197199448445,0.08304913985461211,128.06325922051593,0.4865492454619008,0.2023736660186577,25.662184215075133,0.2861624649655005,1.1157471397858754,0.27406367872368853,0.0,0.7428571428571429,0.0,0.0,0.0,1,hamilton_19,base_shock,0.5,74
2,10,1.2797609787907018,0.15997012234883773,0.06059238470003202,21.098766491811404,0.4356574300562735,0.14219566431007796,8.301156703904386,0.39344274970416543,0.8301156703904387,0.27406367872368853,0.9904761904761905,0.9904761904761905,0.0,0.0,0.0,2,hamilton_19,base_shock,0.5,75
3,5,0.9751856766143321,0.24379641915358302,0.07715001978202084,13.82533067778608,0.6912071482256643,0.24379641915358302,8.949402294714417,0.6473192217451923,1.7898804589428834,0.27406367872368853,0.9904761904761905,0.7428571428571429,0.028571428571428574,0.7428571428571429,0.04285714285714286,3,hamilton_19,base_shock,0.5,76
4,4,0.8873444556221176,0.2957814852073725,0.09108300427857477,15.481251382981766,0.8297236072202967,0.2957814852073725,11.931873560493289,0.7707305608130466,2.982968390123322,0.27406367872368853,0.9904761904761905,0.5142857142857142,0.9523809523809523,1.0,0.9619047619047619,-1,hamilton_19,base_shock,0.5,-1
5,7,1.147428526679908,0.21136841280945673,0.09078603449124238,22.466979170866892,0.7164195166944257,0.19123808777998466,14.434979484107531,0.6424975682901546,2.062139926301076,0.27406367872368853,0.9904761904761905,0.7428571428571429,0.09142857142857143,0.7428571428571429,0.09142857142857143,-1,hamilton_19,base_shock,0.5,-1
0,24,3.6711595391511183,0.16943813257620546,0.07824236433294027,116.35332246381829,0.5998745245605742,0.15961563213700514,28.245493524191435,0.3571182978703156,1.1768955635079765,0.20833258170339583,0.0,0.9199999999999999,0.0,0.0,0.0,0,hamilton_20,base_shock,0.5,78
1,9,0.44025925776516267,0.061911458123226,0.02838257887633367,7.25471246954117,0.47132111780027114,0.055032407220645334,3.292379149654706,0.45382627684801063,0.36581990551718957,0.20833258170339583,1.0,1.0,0.0,0.013333333333333332,0.0,-1,hamilton_20,base_shock,0.5,-1
2,3,0.37162315434259235,0.18581157717129618,0.0409433863552545,4.349396985092882,0.7605987618302615,0.18581157717129618,3.234527522065105,0.7436726362645489,1.0781758406883684,0.20833258170339583,1.0,0.9199999999999999,0.1,0.93,0.0,2,hamilton_20,base_shock,0.5,80
3,16,2.5294217933970207,0.17148622328115395,0.07854058899053748,67.48871130709722,0.6114811174119668,0.16862811955980136,27.017962612744906,0.4003330644410105,1.6886226632965566,0.20833258170339583,0.0,0.9199999999999999,0.0,0.0,0.01,3,hamilton_20,base_shock,0.5,81
0,8,1.7011353493440502,0.2430193356205786,0.09660769668113958,15.058198244969493,0.4275185782162681,0.2430193356205786,1.4491154502170938,0.3312842594323989,0.18113943127713672,0.19575127207246737,0.0,1.0,0.02,0.16,0.0,0,hamilton_01,pre,1.0,82
1,5,0.22159750999831446,0.061554863888420686,0.08469853355348497,2.801958221061272,0.7064261360725334,0.055399377499578614,1.6939706710696996,0.6045667127856353,0.3387941342139399,0.19575127207246737,0.9866666666666667,1.0,0.8,0.8933333333333333,0.10666666666666667,-1,hamilton_01,pre,1.0,-1
2,3,0.4288939228706186,0.2144469614353093,0.04079939398554354,1.5722775265106608,0.19763528640738942,0.2144469614353093,0.28559575789880476,0.18164462258302735,0.09519858596626825,0.19575127207246737,0.9866666666666667,1.0,0.0,0.0,0.0,2,hamilton_01,pre,1.0,84
0,4,0.44980998652954973,0.1799239946118199,0.11196738756558977,3.4787507596020455,0.5096182736412384,0.14993666217651658,1.6795108134838466,0.4827913609068031,0.41987770337096164,0.056844989681484465,0.9852941176470589,1.0,0.0,0.45588235294117646,0.0,0,hamilton_02,pre,1.0,85
1,6,1.6752304806548128,0.3350460961309626,0.28054531817533995,24.35919411087122,0.9302753885065614,0.3350460961309626,14.307811226942343,0.5873680041228021,2.3846352044903907,0.056844989681484465,0.6617647058823529,1.0,0.9852941176470589,0.45588235294117646,0.6617647058823529,-1,hamilton_02,pre,1.0,-1
2,8,2.9003867832686803,0.4143409690383829,0.26862779934729986,38.246251029598234,0.9337068599619871,0.4143409690383829,15.043156763448794,0.5403831652603259,1.8803945954310992,0.056844989681484465,0.08823529411764705,1.0,0.9852941176470589,0.45588235294117646,0.4411764705882353,-1,hamilton_02,pre,1.0,-1
0,3,0.49088457488714593,0.24544228744357297,0.09765210402696017,2.351522660904079,0.42418582955544504,0.24544228744357297,0.8788689362426416,0.3737446169898898,0.2929563120808805,0.21171498859148505,0.9166666666666666,1.0,0.0,0.5666666666666667,0.0,0,hamilton_13,pre,1.0,87
1,6,1.8657471604983522,0.37314943209967044,0.10491221675054319,13.712376165003146,0.5989257153395134,0.37314943209967044,2.517893202013036,0.41530376887926196,0.4196488670021727,0.21171498859148505,0.0,0.4,0.25,0.5666666666666667,0.15,-1,hamilton_13,pre,1.0,-1
2,5,0.4008092152338939,0.12525287976059185,0.10042388289689662,3.7112520854167124,0.5662840408117437,0.10020230380847348,1.7072060092472425,0.46000809698583206,0.3414412018494485,0.21171498859148505,0.9166666666666666,1.0,0.2,0.5666666666666667,0.07500000000000001,-1,hamilton_13,pre,1.0,-1
0,3,0.7944315150884799,0.39721575754423993,0.12342420065284272,4.111233354405238,0.6516536577323377,0.39721575754423993,1.727938809139798,0.4202969425922491,0.5759796030465993,0.20348693354173153,0.2796610169491526,0.2542372881355932,0.3305084745762712,0.5338983050847458,0.6101694915254238,-1,hamilton_14,pre,1.0,-1
1,4,0.44017737911663435,0.17607095164665373,0.1056336617280662,3.662115427571729,0.759351738892935,0.14672579303887812,1.9014059111051915,0.5192097159990321,0.4753514777762979,0.20348693354173153,0.711864406779661,0.8135593220338984,0.576271186440678,0.6101694915254238,0.6101694915254238,-1,hamilton_14,pre,1.0,-1
2,3,0.6938095483416303,0.34690477417081517,0.10782357208646379,3.8066057984083113,0.6751410189213384,0.34690477417081517,1.7251771533834206,0.45320614866524495,0.5750590511278069,0.20348693354173153,0.2796610169491526,0.2542372881355932,0.3305084745762712,0.5338983050847458,0.6101694915254238,-1,hamilton_14,pre,1.0,-1
0,48,7.447281392524698,0.1780226627695147,0.055652831416941356,386.0194093580764,0.1916626316498732,0.15845279558563188,28.549902516890917,0.11770287256841296,0.839703015202674,0.38311601580716526,0.0,0.9908256880733946,0.0,0.0,0.0,0,hamilton_23,pre,1.0,90
1,34,6.2943880811264314,0.2106389712187979,0.055652831416941356,242.55909727518963,0.19166263164987332,0.190739032761407,28.549902516890942,0.11770287256841301,0.8397030152026748,0.38311601580716526,0.0,0.9908256880733946,0.0,0.0,0.0,1,hamilton_23,pre,1.0,91
0,17,3.1009285977695535,0.20432475256621088,0.12100740786605306,93.73729742867441,0.7430247960053922,0.1938080373605971,41.021511266591986,0.4376220820512309,2.4130300745054107,0.19711142975598125,0.0,0.9894736842105263,0.11052631578947367,0.031578947368421054,0.35368421052631577,-1,hamilton_07,pre,1.0,-1
1,8,1.0327382487452006,0.15299825907336306,0.07195730769235943,17.688313297660688,0.5777262995645376,0.14753403553502867,9.426407307699082,0.5329172515813445,1.1783009134623852,0.19711142975598125,1.0,0.9894736842105263,0.0,0.22105263157894733,0.0,1,hamilton_07,pre,1.0,93
2,7,1.0693359840861674,0.1782226640143612,0.07537515701599826,12.912363193755047,0.4455207229686774,0.1782226640143612,5.427011305151873,0.42029574476162507,0.7752873293074104,0.19711142975598125,1.0,0.9894736842105263,0.0,0.031578947368421054,0.0,2,hamilton_07,pre,1.0,94
3,5,1.7484789511119974,0.43711973777799934,0.08694601076630255,20.827890252076042,0.6385749568762171,0.43711973777799934,12.085495496516057,0.5802553859391218,2.4170990993032113,0.19711142975598125,0.5473684210526316,0.12631578947368421,0.0,0.3031578947368421,0.35368421052631577,-1,hamilton_07,pre,1.0,-1
4,15,2.455881207821909,0.18605160665317494,0.11825037420078828,78.4623498360061,0.8087448293638804,0.17542008627299352,41.624131718677475,0.530498153645359,2.7749421145784985,0.19711142975598125,0.031578947368421054,0.9894736842105263,0.8589473684210526,0.22105263157894733,0.6526315789473685,-1,hamilton_07,pre,1.0,-1
5,2,0.2616822104830767,0.2616822104830767,0.07100228090362601,4.428489870665583,0.8992813401689517,0.2616822104830767,3.9051254496994305,0.8818187607398787,1.9525627248497153,0.19711142975598125,1.0,0.5368421052631579,1.0,1.0,0.042105263157894736,-1,hamilton_07,pre,1.0,-1
0,17,2.513884867598628,0.16564357654719641,0.04871445979552441,50.38421293707401,0.17068561917783936,0.15711780422491425,7.6481701878973345,0.1517969566667501,0.4498923639939609,0.16323737405775157,0.4945054945054945,1.0,0.0,0.0,0.0,0,hamilton_08,pre,1.0,95
1,43,9.238600235120693,0.23562266317330355,0.048714459795524405,404.90798029808707,0.17068561917783936,0.2199666722647784,7.6481701878973345,0.1517969566667501,0.4498923639939609,0.16323737405775157,0.0,1.0,0.0,0.0,0.0,1,hamilton_08,pre,1.0,96
0,9,1.7242525406556781,0.22820989508678094,0.06439258621214523,27.17333097029939,0.4671857922308685,0.21553156758195977,11.655058104398288,0.42891532573379887,1.2950064560442542,0.16786620094318083,0.9894736842105263,0.9578947368421052,0.0,0.0,0.0,0,hamilton_19,pre,1.0,97
1,31,7.92481775223668,0.2849992463101358,0.07281869194748769,269.6995186620081,0.47656902289903014,0.26416059174122264,24.03016834267093,0.3874692408086292,1.0447899279422144,0.16786620094318083,0.0,0.9578947368421052,0.0,0.0,0.0,1,hamilton_19,pre,1.0,98
2,6,1.12044401862586,0.22408880372517198,0.0445069122478044,8.992516636393184,0.25944910557217626,0.22408880372517198,2.269852524638024,0.25241571591336426,0.3783087541063373,0.16786620094318083,0.9894736842105263,0.9578947368421052,0.0,0.0,0.0,2,hamilton_19,pre,1.0,99
3,8,1.4418384701445488,0.2306941552231278,0.07457138130611667,25.852412971930793,0.600635195590906,0.2059769243063641,14.317705210774411,0.5538247136280792,1.7897131513468014,0.16786620094318083,0.9894736842105263,0.9578947368421052,0.0,0.15789473684210525,0.0,3,hamilton_19,pre,1.0,100
0,21,2.3061666286585436,0.1330480747303006,0.04408921639883849,54.690167930464476,0.18054118733887742,0.11530833143292718,6.260668728635064,0.1144752149343399,0.2981270823159554,0.3802715513225683,0.0,0.95,0.0,0.0,0.0,0,hamilton_20,pre,1.0,101
1,30,2.9501074700362837,0.13015180014865957,0.0440892163988385,94.76389282972353,0.1805411873388774,0.10172784379435461,6.260668728635063,0.11447521493433989,0.2981270823159554,0.3802715513225683,0.0,0.95,0.0,0.0,0.0,1,hamilton_20,pre,1.0,102
0,7,0.7306725568491562,0.13459757626168667,0.0751926664587832,7.144909892331238,0.5157700646564363,0.12177875947485936,2.0302019943871463,0.28414661975880184,0.2900288563410209,0.37743381033799084,0.13291139240506328,0.8734177215189873,0.0759493670886076,0.012658227848101266,0.0759493670886076,-1,hamilton_01,base_shock,1.0,-1
1,7,0.6129706643663312,0.11918874029345328,0.07088037228829568,5.566641351753639,0.3525443396637073,0.10216177739438852,1.2758467011893222,0.22919506046269655,0.18226381445561746,0.37743381033799084,0.2911392405063291,0.8734177215189873,0.0189873417721519,0.0,0.0,1,hamilton_01,base_shock,1.0,104
2,3,0.7996000821863808,0.3998000410931904,0.07269595831869496,3.198455788064787,0.3129207902478612,0.3998000410931904,0.7996555415056446,0.25001300455351083,0.2665518471685482,0.37743381033799084,0.13291139240506328,0.26582278481012656,0.0,0.0,0.056962025316455694,-1,hamilton_01,base_shock,1.0,-1
0,8,1.8641798857184544,0.2982687817149527,0.10971165937897279,21.605850307864976,0.7393306397056165,0.2663114122454935,6.69241122211734,0.42958068185826603,0.8365514027646676,0.15872497617668044,0.0,0.7875000000000001,0.48750000000000004,0.3375,0.26249999999999996,-1,hamilton_02,base_shock,1.0,-1
1,5,0.5813608322158258,0.14534020805395645,0.0908982751366942,7.4517179179138395,0.7627720863865654,0.14534020805395645,4.544913756834709,0.6099148957193873,0.9089827513669417,0.15872497617668044,0.7125,0.9875,0.525,0.5875,0.2875,-1,hamilton_02,base_shock,1.0,-1
2,6,0.6508977840940963,0.13947809659159205,0.09381854088824503,8.127221044535604,0.664760452331839,0.13017955681881924,4.221834339971026,0.5194683787774674,0.7036390566618377,0.15872497617668044,0.7125,0.9875,0.1875,0.44999999999999996,0.11249999999999999,-1,hamilton_02,base_shock,1.0,-1
0,8,1.5706566573747307,0.2855739377044965,0.10080216590363661,16.2949333974324,0.4541245107357359,0.22437952248210438,3.7296801384345555,0.22888587804981414,0.46621001730431944,0.3103916115323981,0.0,0.7215686274509803,0.023529411764705882,0.0,0.07058823529411765,-1,hamilton_13,base_shock,1.0,-1
1,3,0.7196456571002393,0.35982282855011966,0.07269881157897735,3.3948167681433326,0.40600170783623296,0.35982282855011966,1.235879796842615,0.364049043365169,0.41195993228087163,0.3103916115323981,0.7529411764705882,0.7215686274509803,0.0,0.16470588235294117,0.047058823529411764,1,hamilton_13,base_shock,1.0,107
2,5,0.6172261766616843,0.15430654416542108,0.10396645578706436,6.205124556920353,0.6196895818839321,0.15430654416542108,3.118993673611931,0.5026480363127327,0.6237987347223861,0.3103916115323981,0.7764705882352941,0.9647058823529412,0.2823529411764706,0.4235294117647059,0.20392156862745098,-1,hamilton_13,base_shock,1.0,-1
3,4,0.8664921757574121,0.2888307252524707,0.09702455711180696,6.958852759054698,0.6368209736648738,0.2888307252524707,3.4928840560250505,0.5019338929797287,0.8732210140062626,0.3103916115323981,0.7294117647058823,0.7215686274509803,0.3058823529411765,0.4235294117647059,0.5764705882352941,-1,hamilton_13,base_shock,1.0,-1
0,3,0.29431237372536473,0.14715618686268236,0.05083788199173934,1.7980189970274023,0.5888663049236211,0.14715618686268236,0.9150818758513082,0.5089389363316955,0.30502729195043604,0.14552311355712316,0.9622641509433962,0.9433962264150944,0.28301886792452835,0.7169811320754716,0.0,-1,hamilton_14,base_shock,1.0,-1
1,3,0.8139015353746711,0.40695076768733557,0.15583825639286172,4.935116708409801,0.8052226170275559,0.40695076768733557,2.4934121022857876,0.5052387308362597,0.8311373674285959,0.14552311355712316,0.5660377358490567,0.39622641509433965,0.7924528301886793,0.7169811320754716,0.9433962264150944,-1,hamilton_14,base_shock,1.0,-1
2,4,0.9721705170561409,0.3240568390187136,0.13125595296494427,6.513801127523449,0.7928893925910226,0.3240568390187136,2.6251190592988856,0.4030087821082983,0.6562797648247214,0.14552311355712316,0.5094339622641509,0.4811320754716981,0.7924528301886793,0.7169811320754716,0.9433962264150944,-1,hamilton_14,base_shock,1.0,-1
0,47,11.359538715479383,0.25136455726343265,0.09534681089632249,637.444956260937,0.6231962181271634,0.24694649381476919,103.5466366334062,0.4607560958603248,2.798557746848816,0.12952610882252116,0.0,0.45977011494252873,0.0,0.0,0.0,0,hamilton_23,base_shock,1.0,109
1,13,2.911790626819603,0.2458005074587977,0.09064916055312497,72.2093099982892,0.5192743946951389,0.24264921890163363,34.35603184963436,0.47578396539792905,2.642771680741105,0.12952610882252116,1.0,0.45977011494252873,0.0,0.0,0.0,1,hamilton_23,base_shock,1.0,110
2,2,0.23249136494057557,0.23249136494057557,0.052771895941637094,6.164347491577956,0.9312270652601334,0.23249136494057557,5.699364761696808,0.9245690268894751,2.849682380848404,0.12952610882252116,1.0,0.4980842911877395,1.0,1.0,0.0,-1,hamilton_23,base_shock,1.0,-1
3,14,2.128316792763236,0.1732350877830541,0.11936315541371492,116.33472277362861,0.8599008497385379,0.16371667636640277,86.53828767494335,0.7438732444769303,6.181306262495953,0.12952610882252116,1.0,1.0,0.21072796934865903,1.0,0.13793103448275862,-1,hamilton_23,base_shock,1.0,-1
4,8,0.4733382234916549,0.08231969104202694,0.07207942020212038,30.023614741505067,0.9054046890479063,0.06761974621309355,26.236908953571806,0.8738757534515501,3.2796136191964758,0.12952610882252116,1.0,1.0,1.0,1.0,0.0,-1,hamilton_23,base_shock,1.0,-1
0,10,1.8987014567316063,0.21576152917404617,0.06959443848963014,29.28699146378132,0.4284779732140108,0.21096682852573403,10.299976896465258,0.35169119058210707,1.029997689646526,0.3043691278874364,0.01639344262295082,0.9508196721311475,0.0,0.01639344262295082,0.0,0,hamilton_07,base_shock,1.0,112
1,10,0.5015360476926183,0.07599031025645732,0.041833890836412944,11.750616901588666,0.6175894317885933,0.055726227521402036,6.735256424662489,0.5731832193211824,0.6735256424662489,0.3043691278874364,0.9918032786885246,1.0,0.0,0.11475409836065574,0.0,-1,hamilton_07,base_shock,1.0,-1
2,19,1.5881191873177356,0.1125905393993917,0.07342615526207263,55.50628812445204,0.6911149924549088,0.0882288437398742,25.33202356541505,0.4563811492603772,1.3332643981797394,0.3043691278874364,0.032786885245901634,1.0,0.040983606557377046,0.02185792349726776,0.01639344262295082,2,hamilton_07,base_shock,1.0,114
3,17,2.816525722904849,0.19306829552170335,0.07251727246367722,66.88046267486585,0.48087860066337607,0.17603285768155305,18.999525385483423,0.28408184730790714,1.1176191403225544,0.3043691278874364,0.0,0.9508196721311475,0.0,0.0,0.0,3,hamilton_07,base_shock,1.0,115
0,43,11.750035048764765,0.2890454846092019,0.09821253227727197,555.0452609614618,0.7832721996757794,0.2797627392563039,49.79375386457694,0.693561040304158,2.7663196591431634,0.036673133585601564,0.0,0.631578947368421,0.0,1.0,0.0,0,hamilton_08,base_shock,1.0,116
1,1,0.0,,0.13234591228758796,0.5293836491503519,1.000845241924061,,0.5293836491503519,1.0,0.5293836491503519,0.036673133585601564,1.0,0.0,1.0,1.0,0.0,-1,hamilton_08,base_shock,1.0,-1
2,2,0.25434136380076405,0.25434136380076405,0.08209967582061549,1.9043772165519912,0.7351209643105998,0.25434136380076405,1.3956944889504632,0.732887621643293,0.6978472444752316,0.036673133585601564,1.0,1.0,0.0,1.0,0.0,-1,hamilton_08,base_shock,1.0,-1
3,2,0.27791002376026186,0.27791002376026186,0.07328724572535261,4.366756825238859,0.8788378481723543,0.27791002376026186,3.810936777718336,0.8727155942579605,1.905468388859168,0.036673133585601564,1.0,0.7697368421052633,0.868421052631579,1.0,0.0,-1,hamilton_08,base_shock,1.0,-1
4,1,0.0,,0.16547685546604002,1.3238148437283201,1.0021163572256653,,1.3238148437283201,1.0,1.3238148437283201,0.036673133585601564,1.0,0.0,1.0,1.0,0.0,-1,hamilton_08,base_shock,1.0,-1
5,12,1.2210476682875921,0.12010304933976317,0.10044555476565768,63.67000274509206,0.8569054379765989,0.1110043334806902,49.01743072564092,0.7698669485202649,4.08478589380341,0.036673133585601564,1.0,1.0,0.3684210526315789,1.0,0.0,5,hamilton_08,base_shock,1.0,118
0,20,2.8597621193033747,0.17985925278637577,0.08019642467236525,76.60277715677988,0.44027526824175445,0.15051379575280918,19.40753477071239,0.253352887337123,0.9703767385356196,0.38111191619220824,0.0,0.9122807017543859,0.0,0.0,0.0,0,hamilton_19,base_shock,1.0,119
1,11,1.5294942803773177,0.16177343350144707,0.07793399703049173,30.07321657933409,0.5286667083610662,0.1529494280377318,13.24877949518359,0.44055079576316336,1.2044344995621445,0.38111191619220824,0.15789473684210525,0.9122807017543859,0.0,0.0,0.0,1,hamilton_19,base_shock,1.0,120
2,12,1.75027116355647,0.175027116355647,0.05845993524996892,30.882983019922385,0.3859731055529906,0.15911556032331545,9.879729057244745,0.3199085091900418,0.8233107547703954,0.38111191619220824,0.05847953216374269,0.9122807017543859,0.0,0.0,0.0,2,hamilton_19,base_shock,1.0,121
3,12,2.2289896657565436,0.20896778116467596,0.07788709526356193,42.87050470863584,0.4932826277287686,0.20263542415968577,16.122628719557312,0.37607741800878697,1.3435523932964426,0.38111191619220824,0.0,0.9122807017543859,0.0,0.0,0.0,3,hamilton_19,base_shock,1.0,122
0,28,4.8562678110793405,0.19259985653005882,0.07890290780711505,164.06493388955445,0.6464456510250534,0.1798617707807163,28.089435179332966,0.4752363955589081,1.170393132472207,0.1433141842998458,0.0,1.0,0.0,0.0,0.0,0,hamilton_20,base_shock,1.0,123
1,5,0.32986684982638403,0.08246671245659601,0.04539742177012283,3.7376156505575704,0.5682369013309635,0.08246671245659601,2.08828140142565,0.5587202100660414,0.41765628028512997,0.1433141842998458,1.0,1.0,0.0,0.19999999999999998,0.0,-1,hamilton_20,base_shock,1.0,-1
2,11,1.7707273159364647,0.18728846610866454,0.09159557314468816,42.83487162719659,0.6747954319970062,0.17707273159364648,23.35687115189546,0.5452770199751407,2.1233519228995874,0.1433141842998458,0.62,1.0,0.0,0.19999999999999998,0.01,2,hamilton_20,base_shock,1.0,125
3,8,0.5602125321672963,0.10670714898424691,0.046011713060542914,12.53375004293338,0.6806564833325324,0.08003036173818519,8.052049785595013,0.6424294212038174,1.0065062231993767,0.1433141842998458,1.0,1.0,0.0,0.45,0.0,3,hamilton_20,base_shock,1.0,126
